family_id;child_id;child_hash;test;language_id;parental_edu
96;523;cc1Yo353bssLL_C765iYe;1;7;NA
96;523;cc1Yo353bssLL_C765iYe;1;5;NA
96;523;cc1Yo353bssLL_C765iYe;1;107;NA
96;523;cc1Yo353bssLL_C765iYe;1;7;NA
96;523;cc1Yo353bssLL_C765iYe;1;5;NA
96;523;cc1Yo353bssLL_C765iYe;1;107;NA
96;533;K5DL-vRfNdAVz9edJg3se;1;7;NA
96;533;K5DL-vRfNdAVz9edJg3se;1;2;NA
96;533;K5DL-vRfNdAVz9edJg3se;1;7;NA
96;533;K5DL-vRfNdAVz9edJg3se;1;2;NA
171;582;9akyuaVM7bSSrE_d0VtmW;1;7;NA
171;582;9akyuaVM7bSSrE_d0VtmW;1;2;NA
240;651;jd0bKhUujkoy6xF0ddSNg;1;7;NA
240;651;jd0bKhUujkoy6xF0ddSNg;1;2;NA
242;652;Vc39st_tmF7p8KW7qBePM;;7;HIGHER_EDU
242;652;Vc39st_tmF7p8KW7qBePM;;2;HIGHER_EDU
243;653;#NAZWA?;;7;NA
244;654;4gJ7NB__UtAVmi_jaBZci;;7;NA
244;654;4gJ7NB__UtAVmi_jaBZci;;2;NA
246;655;lHDaVfRM7s2GbC-Vwp4Ry;;7;HIGHER_EDU
246;655;lHDaVfRM7s2GbC-Vwp4Ry;;2;HIGHER_EDU
246;655;lHDaVfRM7s2GbC-Vwp4Ry;;105;HIGHER_EDU
246;655;lHDaVfRM7s2GbC-Vwp4Ry;;130;HIGHER_EDU
247;656;w7zyiuji3dAJbh1Tn4MSY;;7;NA
247;656;w7zyiuji3dAJbh1Tn4MSY;;107;NA
250;657;Tx5SyTLs9WfDMhrHbJX__;;2;NA
250;657;Tx5SyTLs9WfDMhrHbJX__;;5;NA
252;658;f6j7r0Hw_ji2k9oFG5z7J;;7;NA
252;658;f6j7r0Hw_ji2k9oFG5z7J;;105;NA
252;658;f6j7r0Hw_ji2k9oFG5z7J;;3;NA
255;659;ECAJeutAT-mA1Y_KbOgbG;;7;NA
256;660;s6Tb7AJ_j7WKOrsz4cRuy;;7;NA
256;660;s6Tb7AJ_j7WKOrsz4cRuy;;2;NA
257;661;gwO5TG5z2NWW9Ua6oZJT0;;7;NA
257;661;gwO5TG5z2NWW9Ua6oZJT0;;2;NA
257;662;TTPc8IHY6KVRjkrgCfE_K;;7;HIGHER_EDU
257;662;TTPc8IHY6KVRjkrgCfE_K;;2;HIGHER_EDU
261;663;DxzZoB9uBHthxE66MRuiT;;192;UNFINISHED_HIGHER_EDU
261;663;DxzZoB9uBHthxE66MRuiT;;7;UNFINISHED_HIGHER_EDU
265;664;JeXVTcuESwRTXZ6QR6zDQ;;7;NA
265;664;JeXVTcuESwRTXZ6QR6zDQ;;2;NA
267;665;dXNcknm6sPOSWyOZ4YlnJ;;7;NA
267;665;dXNcknm6sPOSWyOZ4YlnJ;;2;NA
271;666;aVr-YpbbsF2fhVuNB9bfL;;8;NA
271;666;aVr-YpbbsF2fhVuNB9bfL;;7;NA
272;667;XC4KuuKRgZjbDn0ZtllGP;;2;NA
273;668;eORUGn36pCgJkQmUMuD0V;;7;NA
275;669;Psyl0nnuVBN9oHRMEFC2m;;7;NA
276;670;QXCqTPxLlnFMPuqQMQNag;;7;NA
277;671;8EC7fqiLaJp1AzZFP3ftV;;7;NA
279;672;gObnXHdqBZg8mgkP37Hdn;;7;NA
281;673;FXRwRknxGYZOSEKWH4E8c;;7;UNFINISHED_HIGHER_EDU
281;673;FXRwRknxGYZOSEKWH4E8c;;7;UNFINISHED_HIGHER_EDU
283;674;4t1_2oY9hNWUIPf69ZFzw;;2;NA
283;674;4t1_2oY9hNWUIPf69ZFzw;;7;NA
284;675;ZjYaSB9QwmGQQn9sA3kC5;;7;NA
286;676;MuglVt5GAbCHyHMwagvJu;;7;NA
289;677;D_Z9-y0M3f01kMvy3zHFc;;7;NA
289;677;D_Z9-y0M3f01kMvy3zHFc;;110;NA
292;678;Zd0HvdqDL5YCj1r9imsBR;;7;HIGHER_EDU
288;679;srO3RMBC8QtLcDnwF_SPk;;7;HIGHER_EDU
293;680;4RJrmCEQy_VRI1XjCfQS8;;7;NA
295;681;ZGHOOcBGWcR5NVQT9KC-I;;7;NA
299;683;esxLOpDlJ9ARQRIRktnpp;;7;NA
301;684;Zaz6RuAU6epcbcloUc5XV;;7;HIGHER_EDU
303;685;vAeX9TElpBG93IgzyM8LK;;7;HIGHER_EDU
304;686;CjGKxeB4tQgKjzv9vTAfW;;7;NA
304;686;CjGKxeB4tQgKjzv9vTAfW;;2;NA
305;687;gLslkB473B_IU6GgmnRnw;;7;NA
307;688;ZxExVZzl41pn3g7o0K4PA;;7;NA
309;689;iRREp4BOul0_936xO0BK1;;7;HIGHER_EDU
311;690;OHgNFY-686nAmUR8FOLBC;;7;NA
313;691;D0_h69nTk8yQR527iRgPg;;7;NA
314;692;H0LCrdURdoSx-3MohnPXu;;7;NA
314;692;H0LCrdURdoSx-3MohnPXu;;110;NA
318;693;JD3T7ulUaCJ7M_zjGNAlE;;7;NA
320;694;KpJzBBh7YHXM5QdzsuBku;;7;HIGHER_EDU
322;695;qT99zjhcUeBkYGggGBJob;;7;HIGHER_EDU
322;695;qT99zjhcUeBkYGggGBJob;;2;HIGHER_EDU
323;696;JINYRdGhkpHIh11-Vygz9;;7;HIGHER_EDU
325;697;nL-ZBs17V7e7riBb3jL4I;;7;NA
327;698;S-u6iXlFpENW_4fhM5mcm;;7;HIGHER_EDU
329;699;QWarEux73FbfE_kqFbtlM;;7;NA
331;700;6hreghIY7DviDpOqoU10Z;;7;HIGHER_EDU
332;701;m_9po5yFF8N5V4w1ZnQo7;;7;NA
334;702;zDmOy-HOJ32JUVQjCBUJC;;7;HIGHER_EDU
337;703;1hfeFbgftRw9nSOaYRwPe;;7;HIGHER_EDU
337;703;1hfeFbgftRw9nSOaYRwPe;;3;HIGHER_EDU
338;704;usFEO6W9KTmZlcZypDlFV;;7;NA
338;704;usFEO6W9KTmZlcZypDlFV;;114;NA
339;705;MkSUv16H8mN53tDdgv94V;;7;NA
341;706;XwuTGPpcE1eylfVI_e0yE;;7;HIGHER_EDU
342;707;g9iIdRA5iHnjrW6ZDh8Sh;;7;NA
342;707;g9iIdRA5iHnjrW6ZDh8Sh;;8;NA
343;708;5aE-iMm6HdNRn4PiTtaXW;;7;NA
345;709;d_9OiE2eqHuw-yeF5_Kms;;7;HIGHER_EDU
346;710;XLZy6dki2CXPAu2ljlOq6;;7;HIGHER_EDU
347;711;-87oVZDf9plM3z83QcWSx;;7;NA
347;712;TxMWuueh07s9tsINqi4jj;;7;NA
348;713;qhH5KvWn4FoF0xHgrgaFz;;7;NA
349;714;wCzPbnbxFcCaEytUPWKXF;;7;SECONDARY
351;715;nXN25gqORcUVOPsrUtZm9;;7;NA
351;715;nXN25gqORcUVOPsrUtZm9;;2;NA
353;716;rZwDlA47IScI3z67Bv-eV;;7;NA
354;717;1hM3AuDFqIRgYLX53uOy3;;7;SECONDARY
357;718;CnMPS5oLXB6X2LgjCygAH;;7;NA
358;719;ZTn1blUZ-ll11HvdplJ1j;;7;NA
360;720;H0ab04tfNXz85fxvJuZ1Q;;7;HIGHER_EDU
361;721;HgXaGwTN325ZNTmk0UYag;;7;NA
362;722;z0gq1hVjVN-0hXAIr7Tge;;7;NA
363;723;YGEJ2cz7c7LAGkmXnb_xB;;7;NA
364;724;QIyvgG4ucqwcdnSB_9NS-;;7;NA
365;725;K8MDNSJUrqiTvulFS5cyi;;7;NA
366;726;P3z6jC26xiCCgxraDBW1k;;7;NA
366;726;P3z6jC26xiCCgxraDBW1k;;3;NA
367;727;ODNnKSQ3gwsfEdXkOFNi7;;7;NA
368;728;kE6O_rflHK_ZGbk0mjA8q;;7;NA
368;729;47KROk2hzCpQY1oEnC1lP;;7;NA
368;729;47KROk2hzCpQY1oEnC1lP;;3;NA
370;730;fdODingx2WZWz9kjTfGOR;;7;HIGHER_EDU
371;731;Xbs7JFxRfQAyKsGman501;;7;UNFINISHED_HIGHER_EDU
373;732;BMfbgdwBq8Gv90j7Sbz_I;;7;NA
373;733;ioepn-K1GyJaQBjDetIga;;7;NA
374;734;fzDVlOfyPTmqi5DVL4jkC;;7;NA
375;735;T0HNUqCeqzPHjr9Y9Qyck;;7;NA
375;735;T0HNUqCeqzPHjr9Y9Qyck;;110;NA
377;736;Xvy8Yf843xecZfCiVJFAC;;7;NA
379;737;3Ge__ORWm8gQqQSYfaEfD;;7;NA
379;738;k5Ba3f17Te9SLOo8R-tVM;;7;HIGHER_EDU
382;739;Srp-Yds-VBtj0PZWdN8gi;;7;NA
383;740;6yEzu9KdcF3Yk25u64Kv6;;7;NA
385;741;YuUdWtqr7cgP3rIqjCRNa;;7;HIGHER_EDU
384;742;PCSJtodNjC6LEurziQSCv;;7;HIGHER_EDU
387;743;gUWjEcrOv9M-O0IwfhuSX;;7;NA
389;744;F7irACcN88LnHhXjTXkEl;;7;HIGHER_EDU
389;744;F7irACcN88LnHhXjTXkEl;;7;HIGHER_EDU
389;744;F7irACcN88LnHhXjTXkEl;;7;HIGHER_EDU
390;745;x6tob6irmonQIkFUmjppP;;7;HIGHER_EDU
391;746;50cDcCgDViCkbRQ-OQlEa;;7;NA
391;746;50cDcCgDViCkbRQ-OQlEa;;108;NA
391;746;50cDcCgDViCkbRQ-OQlEa;;2;NA
394;747;J7T1Z4eUK5Aa_FfJ2qpmo;;7;HIGHER_EDU
394;747;J7T1Z4eUK5Aa_FfJ2qpmo;;110;HIGHER_EDU
394;747;J7T1Z4eUK5Aa_FfJ2qpmo;;2;HIGHER_EDU
396;748;TUfXo0RR_DdRj6ZkJF7PU;;7;NA
398;749;0L3nWnFha1TBbZAeXVKcm;;7;NA
398;749;0L3nWnFha1TBbZAeXVKcm;;7;NA
399;750;pPSKsu2oAEW-4uoe__HT3;;7;NA
399;750;pPSKsu2oAEW-4uoe__HT3;;2;NA
400;751;_LwhzlNt7ObpdAMg7jQwA;;7;HIGHER_EDU
403;752;dgE-UrIsOrSgwgX6vN3EA;;7;HIGHER_EDU
403;752;dgE-UrIsOrSgwgX6vN3EA;;183;HIGHER_EDU
403;752;dgE-UrIsOrSgwgX6vN3EA;;2;HIGHER_EDU
403;752;dgE-UrIsOrSgwgX6vN3EA;;110;HIGHER_EDU
405;753;o5V0SnPEaJfhCZn8v4KbZ;;7;NA
405;753;o5V0SnPEaJfhCZn8v4KbZ;;106;NA
405;753;o5V0SnPEaJfhCZn8v4KbZ;;6;NA
407;754;pqwbD_18iAJYMYLc0OMec;;7;NA
407;754;pqwbD_18iAJYMYLc0OMec;;113;NA
407;754;pqwbD_18iAJYMYLc0OMec;;3;NA
408;755;hex6MqrVn6ICRUyIVbRZJ;;7;NA
408;755;hex6MqrVn6ICRUyIVbRZJ;;114;NA
409;756;13xOcZ5l_h-Z8gSU6Oeyu;;7;NA
411;757;y0m6VfNSvv8SjtVYwEHMX;;7;HIGHER_EDU
412;758;4_5EC6TT8_B8XCk-p9a7S;;7;NA
413;759;32j0uvpzWM1sA5O8uMKL_;;7;NA
413;759;32j0uvpzWM1sA5O8uMKL_;;110;NA
415;760;h9xLDp2arxVPCKbVsW35p;;7;NA
417;761;f50BhYmRjNyGhnDLWWPqt;;110;HIGHER_EDU
417;761;f50BhYmRjNyGhnDLWWPqt;;2;HIGHER_EDU
419;762;A5hgQqNOplgZIrOg1M9rA;;7;PHD
420;763;EPL2LvPzZbrGBtKooSl_h;;7;UNFINISHED_HIGHER_EDU
420;763;EPL2LvPzZbrGBtKooSl_h;;105;UNFINISHED_HIGHER_EDU
401;764;XHq5YCnUPJW24WH1FtxHo;;7;NA
425;765;brw75l7jvQ-GBNmYgokKB;;7;NA
425;765;brw75l7jvQ-GBNmYgokKB;;108;NA
425;765;brw75l7jvQ-GBNmYgokKB;;6;NA
269;766;PsDjuxSr56I27OS-20Wpi;;2;NA
269;766;PsDjuxSr56I27OS-20Wpi;;7;NA
424;767;yBpsakbNS3xBM1ySg1xCR;;7;NA
424;767;yBpsakbNS3xBM1ySg1xCR;;2;NA
427;768;3svs8Z36gSgOlCLngPQDI;;7;HIGHER_EDU
427;768;3svs8Z36gSgOlCLngPQDI;;120;HIGHER_EDU
427;768;3svs8Z36gSgOlCLngPQDI;;7;HIGHER_EDU
427;768;3svs8Z36gSgOlCLngPQDI;;120;HIGHER_EDU
427;768;3svs8Z36gSgOlCLngPQDI;;7;HIGHER_EDU
427;768;3svs8Z36gSgOlCLngPQDI;;120;HIGHER_EDU
428;769;aPs6nqKHSs0OV7LCm_Alh;;7;HIGHER_EDU
428;769;aPs6nqKHSs0OV7LCm_Alh;;6;HIGHER_EDU
430;770;cTUqrCPhNGgB45vpMWV6p;;110;HIGHER_EDU
430;770;cTUqrCPhNGgB45vpMWV6p;;7;HIGHER_EDU
430;770;cTUqrCPhNGgB45vpMWV6p;;113;HIGHER_EDU
432;771;7NFppKRQ2P85Ohh3jazSX;;7;NA
432;771;7NFppKRQ2P85Ohh3jazSX;;111;NA
432;771;7NFppKRQ2P85Ohh3jazSX;;109;NA
431;772;BuZ0O0mhoI-NeW4GQrydV;;7;HIGHER_EDU
431;772;BuZ0O0mhoI-NeW4GQrydV;;110;HIGHER_EDU
433;773;Bfj4hi3-Bydt-EOCS0_Up;;7;HIGHER_EDU
433;773;Bfj4hi3-Bydt-EOCS0_Up;;2;HIGHER_EDU
435;774;VLHimR_FhOnaGanJTE9Zj;;7;NA
435;774;VLHimR_FhOnaGanJTE9Zj;;4;NA
437;775;fASxbCei5fS5zwjtGcQrl;;7;NA
437;775;fASxbCei5fS5zwjtGcQrl;;105;NA
437;775;fASxbCei5fS5zwjtGcQrl;;110;NA
439;776;Mj_n7aO3O2rC_XP8YUp-e;;6;HIGHER_EDU
439;776;Mj_n7aO3O2rC_XP8YUp-e;;7;HIGHER_EDU
439;776;Mj_n7aO3O2rC_XP8YUp-e;;110;HIGHER_EDU
441;777;wvgmdiZ9W-AkZcaLM3n1A;;7;PHD
443;778;442Hfz6NsOs8nunEX-2Re;;8;HIGHER_EDU
443;778;442Hfz6NsOs8nunEX-2Re;;7;HIGHER_EDU
445;779;03-kLORdLO-AJEGpctHB-;;7;NA
451;780;a88PBICQQlEmV-_CNhWqU;;7;HIGHER_EDU
451;780;a88PBICQQlEmV-_CNhWqU;;110;HIGHER_EDU
451;780;a88PBICQQlEmV-_CNhWqU;;6;HIGHER_EDU
454;781;aKQsuxt5T-rlnGDoO2ysw;;7;HIGHER_EDU
456;782;Icu4JAP-4ppHPjbGDdLnF;;2;HIGHER_EDU
456;782;Icu4JAP-4ppHPjbGDdLnF;;7;HIGHER_EDU
457;783;vTVA6K8XU22CofwwqHsxN;;110;NA
457;783;vTVA6K8XU22CofwwqHsxN;;7;NA
457;783;vTVA6K8XU22CofwwqHsxN;;108;NA
459;784;TFxne8ifgzqrh1pyIdAvM;;2;NA
461;785;sycDg-gbQcpZw6UM_LJB-;;120;HIGHER_EDU
461;785;sycDg-gbQcpZw6UM_LJB-;;7;HIGHER_EDU
461;785;sycDg-gbQcpZw6UM_LJB-;;3;HIGHER_EDU
462;786;6tV6nW4Xqzp71tebyVuEb;;7;NA
462;786;6tV6nW4Xqzp71tebyVuEb;;2;NA
462;786;6tV6nW4Xqzp71tebyVuEb;;108;NA
464;787;5B4HF4BXkCcuK1N6YLB7X;;7;NA
465;788;PvlE74TKDAAx18uP4eGVK;;7;NA
465;788;PvlE74TKDAAx18uP4eGVK;;129;NA
466;789;0IAxeyjM4vB2DDn3y-p7m;;7;HIGHER_EDU
466;789;0IAxeyjM4vB2DDn3y-p7m;;2;HIGHER_EDU
447;790;1O6fLHOqsj3oI0-Pxj0Lc;;7;NA
447;790;1O6fLHOqsj3oI0-Pxj0Lc;;2;NA
467;791;sbOUvjF4NcFcvOoMNvpWs;;7;NA
468;792;8x45Y5o-PXhWW3WSLaOo2;;7;HIGHER_EDU
469;793;yWW1eto0Ny7l8cAkSDvPQ;;120;HIGHER_EDU
469;793;yWW1eto0Ny7l8cAkSDvPQ;;7;HIGHER_EDU
470;794;b7OKFYYZNEVm7dFlapN7S;;7;HIGHER_EDU
473;795;PekrF4Vw2mvd-pJCIKq3k;;7;SECONDARY
473;795;PekrF4Vw2mvd-pJCIKq3k;;109;SECONDARY
475;796;eZ34S9C2LCk-qVYUx75sr;;6;NA
475;796;eZ34S9C2LCk-qVYUx75sr;;3;NA
259;797;XP0Q3OP0L9PDS7_KbGIcv;;2;NA
259;797;XP0Q3OP0L9PDS7_KbGIcv;;7;NA
259;797;XP0Q3OP0L9PDS7_KbGIcv;;8;NA
478;798;lSTu_mH8KkC7X8MEyyzI0;;7;HIGHER_EDU
479;799;kIrsf-4Bq-i4cm7th-nuw;;7;SECONDARY
479;799;kIrsf-4Bq-i4cm7th-nuw;;2;SECONDARY
481;800;kA7QChWowXr6cZMvrOlWT;;7;HIGHER_EDU
482;801;q3OhNI_8w8xwPgU9QZ_Wz;;7;NA
482;801;q3OhNI_8w8xwPgU9QZ_Wz;;3;NA
484;802;kYk-qyf-nEODGWTTbomO_;;7;HIGHER_EDU
484;802;kYk-qyf-nEODGWTTbomO_;;120;HIGHER_EDU
484;802;kYk-qyf-nEODGWTTbomO_;;6;HIGHER_EDU
484;802;kYk-qyf-nEODGWTTbomO_;;110;HIGHER_EDU
484;802;kYk-qyf-nEODGWTTbomO_;;7;HIGHER_EDU
484;802;kYk-qyf-nEODGWTTbomO_;;120;HIGHER_EDU
484;802;kYk-qyf-nEODGWTTbomO_;;6;HIGHER_EDU
484;802;kYk-qyf-nEODGWTTbomO_;;110;HIGHER_EDU
485;803;oi-Avvjrcof2kzl472P8m;;7;HIGHER_EDU
487;804;lnP5pioH30gmQ9Y_0enju;;2;NA
487;804;lnP5pioH30gmQ9Y_0enju;;7;NA
488;805;eqayYoojcbqOC-zNCSmvb;;7;NA
488;805;eqayYoojcbqOC-zNCSmvb;;111;NA
488;806;133zsAMAh2xgk_LZepvPH;;7;NA
488;806;133zsAMAh2xgk_LZepvPH;;111;NA
491;808;bVgzTLf4J9fliNFU-24_D;;7;NA
491;808;bVgzTLf4J9fliNFU-24_D;;3;NA
495;809;84-86HK6ZaUao9VMArNio;;7;NA
495;809;84-86HK6ZaUao9VMArNio;;6;NA
497;810;Dz0PDcrMlbFHbRuQStTpU;;7;NA
497;810;Dz0PDcrMlbFHbRuQStTpU;;2;NA
497;810;Dz0PDcrMlbFHbRuQStTpU;;105;NA
497;810;Dz0PDcrMlbFHbRuQStTpU;;8;NA
496;811;vQx-VuGTXWXtplXHv8ojz;;2;HIGHER_EDU
496;811;vQx-VuGTXWXtplXHv8ojz;;7;HIGHER_EDU
498;812;N1Y6zkV2VEMXkv_IlpKwd;;7;HIGHER_EDU
500;813;Dpg8Etn2uvS6Osb_6kVHG;;7;NA
502;814;BI7_b0_qYFWeHDsQT6Kfq;;7;HIGHER_EDU
502;814;BI7_b0_qYFWeHDsQT6Kfq;;106;HIGHER_EDU
502;814;BI7_b0_qYFWeHDsQT6Kfq;;6;HIGHER_EDU
493;815;ogThciSxRie6uT7UWMDCD;;7;NA
493;815;ogThciSxRie6uT7UWMDCD;;110;NA
503;816;i0V_QOAu3nfYB6BKTZXE9;1;7;NA
504;817;sCtOZN_ix6jEae-9IuAnJ;;7;NA
504;817;sCtOZN_ix6jEae-9IuAnJ;;110;NA
504;818;sC4sXg7CeNHoAfO01AGG_;;7;HIGHER_EDU
504;818;sC4sXg7CeNHoAfO01AGG_;;110;HIGHER_EDU
476;819;vWyYsKn0nJX8VZB4A8oPm;;7;NA
476;819;vWyYsKn0nJX8VZB4A8oPm;;120;NA
476;819;vWyYsKn0nJX8VZB4A8oPm;;6;NA
505;820;zvwuVJ9ppfLwy4VH-CSLF;;111;HIGHER_EDU
505;820;zvwuVJ9ppfLwy4VH-CSLF;;7;HIGHER_EDU
508;822;nXdc-0mV_yVdQ9ErSa5K0;;7;NA
508;822;nXdc-0mV_yVdQ9ErSa5K0;;128;NA
510;823;4xpBeeASfYXtjw0BLkoIz;;3;HIGHER_EDU
510;823;4xpBeeASfYXtjw0BLkoIz;;7;HIGHER_EDU
510;823;4xpBeeASfYXtjw0BLkoIz;;3;HIGHER_EDU
510;823;4xpBeeASfYXtjw0BLkoIz;;7;HIGHER_EDU
510;823;4xpBeeASfYXtjw0BLkoIz;;3;HIGHER_EDU
510;823;4xpBeeASfYXtjw0BLkoIz;;7;HIGHER_EDU
514;824;Hk9THqoNp2VzWaqHJCWI9;;7;HIGHER_EDU
514;824;Hk9THqoNp2VzWaqHJCWI9;;2;HIGHER_EDU
516;825;xiYuBs4FG2KtkUoOE04-t;;7;NA
516;825;xiYuBs4FG2KtkUoOE04-t;;110;NA
512;827;aBHdycK90KlShOdJdGfR0;;7;NA
512;827;aBHdycK90KlShOdJdGfR0;;6;NA
521;828;3tvyjI09KyK4kHtxIkW5i;;7;NA
521;828;3tvyjI09KyK4kHtxIkW5i;;109;NA
523;829;7Q-vmTDVMxTTRicgSaa_b;;7;SECONDARY
523;829;7Q-vmTDVMxTTRicgSaa_b;;114;SECONDARY
521;830;slp8NgUurVTHL_Anpxtqv;;7;NA
521;830;slp8NgUurVTHL_Anpxtqv;;109;NA
525;831;I6PEmUU41LikyU4bsfupu;;109;HIGHER_EDU
525;831;I6PEmUU41LikyU4bsfupu;;7;HIGHER_EDU
525;831;I6PEmUU41LikyU4bsfupu;;6;HIGHER_EDU
527;832;28-N2GO6Gigp3G7mWWjK5;;7;HIGHER_EDU
526;833;Op7kASaZ5CFdw0RyNVuxk;;7;NA
531;834;I3Z0Lqasc5s89UDCkQqUd;;7;HIGHER_EDU
531;834;I3Z0Lqasc5s89UDCkQqUd;;8;HIGHER_EDU
529;835;2tHbbAJkPAfQl-UrXAERd;;7;NA
529;835;2tHbbAJkPAfQl-UrXAERd;;6;NA
529;835;2tHbbAJkPAfQl-UrXAERd;;131;NA
526;836;Ay-IzuhPPWavuAkkUy2mw;;7;NA
533;837;Aw8oXC_cW7V5mYBtEKl1M;;7;NA
533;837;Aw8oXC_cW7V5mYBtEKl1M;;2;NA
248;838;4mfbhqgcL9JqUJN-fweth;1;7;NA
248;838;4mfbhqgcL9JqUJN-fweth;1;2;NA
529;839;6swg6igyOofauImwDObjt;;7;HIGHER_EDU
529;839;6swg6igyOofauImwDObjt;;6;HIGHER_EDU
529;839;6swg6igyOofauImwDObjt;;131;HIGHER_EDU
535;840;4ADWicS5-u8hNcROhb6t1;;2;SECONDARY
536;841;qsx8HaamqVwT-mUjk2Spo;;7;HIGHER_EDU
536;841;qsx8HaamqVwT-mUjk2Spo;;114;HIGHER_EDU
536;841;qsx8HaamqVwT-mUjk2Spo;;117;HIGHER_EDU
538;842;5B-l91DTNpKc364at3wvd;;7;HIGHER_EDU
538;842;5B-l91DTNpKc364at3wvd;;107;HIGHER_EDU
541;843;j2tTyKkfLLVr2yZKSGUqr;;7;NA
541;843;j2tTyKkfLLVr2yZKSGUqr;;110;NA
540;844;fsPgDGOrLxeM2cDWLPqLX;;7;NA
540;844;fsPgDGOrLxeM2cDWLPqLX;;109;NA
546;845;3uIj3N3q76Q3tioC7ywfS;;7;NA
546;845;3uIj3N3q76Q3tioC7ywfS;;2;NA
549;848;bfYxHiUVwnJETi5PXGbUS;;7;NA
552;849;5uigY61Gs3M2tDV-w1tw_;;2;HIGHER_EDU
547;850;1NTqB1GVbCEXuYb2h-aPG;;109;HIGHER_EDU
547;850;1NTqB1GVbCEXuYb2h-aPG;;7;HIGHER_EDU
551;851;mI6ZxuZEGDj5yjKM4yPuN;;7;HIGHER_EDU
551;851;mI6ZxuZEGDj5yjKM4yPuN;;2;HIGHER_EDU
551;851;mI6ZxuZEGDj5yjKM4yPuN;;105;HIGHER_EDU
554;852;ycgVfmv0F0NcqcR_4Y9PA;;7;TECHNICAL
554;852;ycgVfmv0F0NcqcR_4Y9PA;;6;TECHNICAL
555;853;Qd7CHiwlXr4_gbhB330_N;;7;HIGHER_EDU
555;853;Qd7CHiwlXr4_gbhB330_N;;114;HIGHER_EDU
556;854;XTc1H4lC4Mrpi1aRXX3-y;;7;HIGHER_EDU
556;854;XTc1H4lC4Mrpi1aRXX3-y;;8;HIGHER_EDU
560;855;MoP_qayY3aescoU1fm5A3;;7;NA
560;855;MoP_qayY3aescoU1fm5A3;;110;NA
558;856;8-N9ccarPJyddKWQyOnew;;7;HIGHER_EDU
558;856;8-N9ccarPJyddKWQyOnew;;118;HIGHER_EDU
563;857;YTOBXMgr-lDRf6-WnF5bT;;7;NA
563;857;YTOBXMgr-lDRf6-WnF5bT;;3;NA
562;858;liq8_vZ0lH73ymqorbUF9;;6;HIGHER_EDU
562;858;liq8_vZ0lH73ymqorbUF9;;7;HIGHER_EDU
564;859;9f9-HM1CC1rtga7CfhkuS;;7;NA
564;859;9f9-HM1CC1rtga7CfhkuS;;106;NA
565;860;vUWdRO21phENTESuT41Kz;;2;NA
565;860;vUWdRO21phENTESuT41Kz;;7;NA
564;861;qXH-eEyi9dS8CTASmPc73;;7;HIGHER_EDU
564;861;qXH-eEyi9dS8CTASmPc73;;106;HIGHER_EDU
566;862;tSWjMvqWTDp-VW9c2DQwt;;7;NA
566;862;tSWjMvqWTDp-VW9c2DQwt;;112;NA
566;862;tSWjMvqWTDp-VW9c2DQwt;;6;NA
566;862;tSWjMvqWTDp-VW9c2DQwt;;110;NA
572;863;907Lm1miLxFYD73ARPfaf;;2;HIGHER_EDU
567;864;Mys15a3KhGqwhz7jL8qp-;;7;NA
567;864;Mys15a3KhGqwhz7jL8qp-;;110;NA
571;865;kWUJ8Fz8j3g-WBWXVvc3w;;7;HIGHER_EDU
571;865;kWUJ8Fz8j3g-WBWXVvc3w;;118;HIGHER_EDU
571;865;kWUJ8Fz8j3g-WBWXVvc3w;;3;HIGHER_EDU
571;865;kWUJ8Fz8j3g-WBWXVvc3w;;110;HIGHER_EDU
569;866;BUUYjm8RZ12Ut4UqOiH7m;;7;UNFINISHED_HIGHER_EDU
569;866;BUUYjm8RZ12Ut4UqOiH7m;;2;UNFINISHED_HIGHER_EDU
573;868;LQQjF6IQxuk9grd7h96Ij;;7;UNFINISHED_HIGHER_EDU
573;868;LQQjF6IQxuk9grd7h96Ij;;2;UNFINISHED_HIGHER_EDU
574;869;ESUmrWnPH18QaTiKyN5Yo;;7;UNFINISHED_HIGHER_EDU
579;871;qonhhBFQOAqR1UmRh9Ezg;;7;NA
579;871;qonhhBFQOAqR1UmRh9Ezg;;2;NA
580;872;McF33endL8vIx-sJjj-YX;;2;HIGHER_EDU
582;873;Wir5-aVJCazXrx3WftFAN;;7;NA
585;874;yQ4pO9wsaFp-m637u7JE2;;7;HIGHER_EDU
585;874;yQ4pO9wsaFp-m637u7JE2;;2;HIGHER_EDU
587;875;gOt5UNZDY9wMK7A1lajwI;;7;PHD
583;876;#NAZWA?;;7;HIGHER_EDU
583;876;#NAZWA?;;6;HIGHER_EDU
589;877;xX7sJdQe5yVQSA9TBLx4p;;7;PHD
595;878;uOD3CuDMIc-BhpD4bcMov;;7;NA
595;878;uOD3CuDMIc-BhpD4bcMov;;2;NA
591;879;XURgp7vMZgRUe0Zy42M_e;;7;HIGHER_EDU
591;879;XURgp7vMZgRUe0Zy42M_e;;106;HIGHER_EDU
591;879;XURgp7vMZgRUe0Zy42M_e;;110;HIGHER_EDU
591;879;XURgp7vMZgRUe0Zy42M_e;;3;HIGHER_EDU
595;881;Z0QvTNFWUsYaRQ6LlWous;;7;NA
595;881;Z0QvTNFWUsYaRQ6LlWous;;2;NA
597;884;vu2HyxosPSSWrWo7jxfZE;;7;HIGHER_EDU
597;884;vu2HyxosPSSWrWo7jxfZE;;3;HIGHER_EDU
597;884;vu2HyxosPSSWrWo7jxfZE;;109;HIGHER_EDU
600;885;HR4ldf6iJxTeSF5O8BaXr;;7;NA
601;886;cYK8_ILmfwurc96TqK4Xp;;7;HIGHER_EDU
601;886;cYK8_ILmfwurc96TqK4Xp;;109;HIGHER_EDU
602;887;9OYWrrREyrrOUuHNI_k-9;;7;NA
599;888;Krz8ELjhkbgPNbFA8Frdp;;7;HIGHER_EDU
599;888;Krz8ELjhkbgPNbFA8Frdp;;105;HIGHER_EDU
604;889;H5NgktIwI3NBTl2pukEeu;;7;HIGHER_EDU
604;889;H5NgktIwI3NBTl2pukEeu;;2;HIGHER_EDU
519;890;VUSm3D3sDjGjRisXDqtXB;;7;NA
605;891;qWbI9LdSX1Hu5b9InXzrv;;7;HIGHER_EDU
606;892;472i65M331273H9aRZNkW;;7;NA
606;892;472i65M331273H9aRZNkW;;2;NA
608;893;zQhU4jweuPNOgfa31RbVI;;7;NA
608;893;zQhU4jweuPNOgfa31RbVI;;2;NA
611;894;hjyIsSWN_TCcpiiY1w7FB;;2;NA
611;894;hjyIsSWN_TCcpiiY1w7FB;;7;NA
613;895;XNnjwIVDCdqutGcszRg7m;;7;NA
613;895;XNnjwIVDCdqutGcszRg7m;;2;NA
609;896;O4M-spG5BLUR5aeIsQ3D3;;7;HIGHER_EDU
609;896;O4M-spG5BLUR5aeIsQ3D3;;2;HIGHER_EDU
614;897;MsQdNJdRyeipv1mDOApjo;;7;HIGHER_EDU
614;897;MsQdNJdRyeipv1mDOApjo;;2;HIGHER_EDU
609;898;IcGeI9R0T-scHCGqKTuST;;7;NA
609;898;IcGeI9R0T-scHCGqKTuST;;2;NA
609;898;IcGeI9R0T-scHCGqKTuST;;105;NA
616;899;vS7k3Wm3-Rr2FQ5ATrhvz;;7;NA
616;899;vS7k3Wm3-Rr2FQ5ATrhvz;;120;NA
620;900;5EvsJ6pP1Pi5CmEPB0Ivq;;7;NA
620;900;5EvsJ6pP1Pi5CmEPB0Ivq;;2;NA
621;901;vXxey2xRz-sCkqv03Xy7I;;7;NA
621;901;vXxey2xRz-sCkqv03Xy7I;;2;NA
618;902;8yyQ6VKdrrH4hR_Rg12UN;;7;HIGHER_EDU
618;902;8yyQ6VKdrrH4hR_Rg12UN;;108;HIGHER_EDU
615;903;nwJ0DqcUf1XXiWqsZqi5t;;189;NA
615;903;nwJ0DqcUf1XXiWqsZqi5t;;7;NA
621;904;jZCFi5Aalu6LlSTfF2tal;;7;NA
621;904;jZCFi5Aalu6LlSTfF2tal;;2;NA
623;905;vJybxqK8zHA3hTXI_7zv9;;7;HIGHER_EDU
625;906;GGThVFLHN6O-_YXwvbdPl;;7;NA
624;907;RW7UGAxdQFBm0z3vmlmWM;;7;NA
624;907;RW7UGAxdQFBm0z3vmlmWM;;2;NA
629;908;9t0mItWNTan6yH7KtXvh7;;7;HIGHER_EDU
630;909;XOpYNaY8eFb7TOjW4iwSm;;110;HIGHER_EDU
630;909;XOpYNaY8eFb7TOjW4iwSm;;7;HIGHER_EDU
631;910;0ldZWZ6nuNhOm4ZZGMvTH;;7;NA
631;910;0ldZWZ6nuNhOm4ZZGMvTH;;5;NA
631;910;0ldZWZ6nuNhOm4ZZGMvTH;;158;NA
632;911;4c3s9Ql2HsD4hUG1oJYB9;;7;NA
632;911;4c3s9Ql2HsD4hUG1oJYB9;;122;NA
632;911;4c3s9Ql2HsD4hUG1oJYB9;;3;NA
637;913;Lq37HSheiR9hLFamNw51g;;7;NA
637;913;Lq37HSheiR9hLFamNw51g;;2;NA
636;914;tbdbcwbi4lTwMhAqT8vEv;;7;HIGHER_EDU
636;914;tbdbcwbi4lTwMhAqT8vEv;;7;HIGHER_EDU
638;915;_4I2wLanpBXBNh6D0WVaG;;2;HIGHER_EDU
638;915;_4I2wLanpBXBNh6D0WVaG;;7;HIGHER_EDU
638;915;_4I2wLanpBXBNh6D0WVaG;;127;HIGHER_EDU
642;916;O4qIQoW6CirTDRUZXKSk4;;7;NA
643;917;no4uPmShh3lFwkVp-bjTI;;7;HIGHER_EDU
643;917;no4uPmShh3lFwkVp-bjTI;;140;HIGHER_EDU
643;917;no4uPmShh3lFwkVp-bjTI;;2;HIGHER_EDU
643;917;no4uPmShh3lFwkVp-bjTI;;129;HIGHER_EDU
640;918;u5wGnw18wp6y7IPicJr3f;;7;HIGHER_EDU
640;918;u5wGnw18wp6y7IPicJr3f;;2;HIGHER_EDU
640;918;u5wGnw18wp6y7IPicJr3f;;127;HIGHER_EDU
645;920;zglI9FetRkNEKy-svxQ11;;2;UNFINISHED_HIGHER_EDU
647;921;LcMvyahPBRz6BjZYpitZS;;2;NA
647;921;LcMvyahPBRz6BjZYpitZS;;7;NA
647;921;LcMvyahPBRz6BjZYpitZS;;110;NA
649;922;kktzRszvCjngjgCUKlNtB;;7;HIGHER_EDU
649;922;kktzRszvCjngjgCUKlNtB;;2;HIGHER_EDU
651;923;JHkSQgFSdtYWrMtK191fl;;7;HIGHER_EDU
654;924;sRqMW2qOQTpOYIeqEA-jX;;7;HIGHER_EDU
655;925;blPzZgVRc5fdHStI3lrhW;;2;NA
655;925;blPzZgVRc5fdHStI3lrhW;;7;NA
657;926;Qa_hHvyiEDq4aNBWCuC3n;;7;NA
658;927;9epOfGKz-0riOXf9Duppz;;7;NA
659;928;MLGuRBi-KZX4UwwwL6-1N;;2;NA
659;928;MLGuRBi-KZX4UwwwL6-1N;;7;NA
659;929;xchyrnM650y8auTi_zuZM;;2;NA
659;929;xchyrnM650y8auTi_zuZM;;7;NA
658;930;Sjzbf0igc2GtTIs6S3h-B;;7;HIGHER_EDU
660;931;CrlIEdTe9MiaNmEI65BRq;;7;HIGHER_EDU
660;931;CrlIEdTe9MiaNmEI65BRq;;3;HIGHER_EDU
662;932;sFRJ9_8Nu3DO4C6dLrE_H;;7;NA
663;933;AyKaEhiUC5CmPZZPkIXEx;;7;HIGHER_EDU
666;934;g0FVSN5cLgbpYjxfsmuIa;;7;NA
666;934;g0FVSN5cLgbpYjxfsmuIa;;105;NA
666;934;g0FVSN5cLgbpYjxfsmuIa;;110;NA
667;935;GLv8iwXuPIQQT87lb-ALi;;2;HIGHER_EDU
667;935;GLv8iwXuPIQQT87lb-ALi;;7;HIGHER_EDU
668;936;gxvZOsBbGj7AnicxVAXi5;;7;HIGHER_EDU
668;936;gxvZOsBbGj7AnicxVAXi5;;2;HIGHER_EDU
669;937;OA21GnhG6dvksUOd2EJ78;;7;HIGHER_EDU
669;937;OA21GnhG6dvksUOd2EJ78;;110;HIGHER_EDU
670;938;tBqONsJWrY_hao6RvrwnY;;7;NA
670;938;tBqONsJWrY_hao6RvrwnY;;110;NA
671;939;nk5jtclBftLMhSDeL8jvR;;117;HIGHER_EDU
671;939;nk5jtclBftLMhSDeL8jvR;;7;HIGHER_EDU
673;940;BvynczwUjKIOAD1gQdMVH;;7;HIGHER_EDU
673;940;BvynczwUjKIOAD1gQdMVH;;109;HIGHER_EDU
674;941;VHPdlm8GKLT1-6Vd9sycS;;7;HIGHER_EDU
674;941;VHPdlm8GKLT1-6Vd9sycS;;7;HIGHER_EDU
674;941;VHPdlm8GKLT1-6Vd9sycS;;7;HIGHER_EDU
675;942;D5GQtkkRThLmNfkwj9lZg;;7;NA
675;942;D5GQtkkRThLmNfkwj9lZg;;116;NA
675;942;D5GQtkkRThLmNfkwj9lZg;;2;NA
677;943;v8Kumv2oLe25dReftnU-L;;7;NA
677;943;v8Kumv2oLe25dReftnU-L;;111;NA
677;943;v8Kumv2oLe25dReftnU-L;;2;NA
678;944;wRDuypUutELrpMmKs-TfB;;2;NA
678;944;wRDuypUutELrpMmKs-TfB;;7;NA
679;945;DQ56_6yKTXBquRUhcVc_H;;7;HIGHER_EDU
679;945;DQ56_6yKTXBquRUhcVc_H;;2;HIGHER_EDU
681;946;KdZpa1NsseRNfGwYTaDqA;;2;NA
681;946;KdZpa1NsseRNfGwYTaDqA;;7;NA
684;948;ZGk3pj-sWkGd74HZV6dR8;;111;HIGHER_EDU
684;948;ZGk3pj-sWkGd74HZV6dR8;;7;HIGHER_EDU
684;948;ZGk3pj-sWkGd74HZV6dR8;;111;HIGHER_EDU
684;948;ZGk3pj-sWkGd74HZV6dR8;;7;HIGHER_EDU
684;948;ZGk3pj-sWkGd74HZV6dR8;;111;HIGHER_EDU
684;948;ZGk3pj-sWkGd74HZV6dR8;;7;HIGHER_EDU
686;949;yB-KXvi3sZ9pyY8OQnCoC;;7;HIGHER_EDU
686;949;yB-KXvi3sZ9pyY8OQnCoC;;120;HIGHER_EDU
689;950;ou_wuff67PqCVjCNAFxp5;;7;SECONDARY
689;950;ou_wuff67PqCVjCNAFxp5;;113;SECONDARY
689;950;ou_wuff67PqCVjCNAFxp5;;105;SECONDARY
691;951;ViNmHo8_xVjsROcOiyjYh;;7;NA
691;951;ViNmHo8_xVjsROcOiyjYh;;3;NA
692;952;y_1Qils5gHOVJKOD8VmC-;;7;HIGHER_EDU
692;952;y_1Qils5gHOVJKOD8VmC-;;3;HIGHER_EDU
693;953;fnPCiobptURer4wwzQhuF;;7;NA
693;953;fnPCiobptURer4wwzQhuF;;2;NA
695;954;9E2AKM7XpVJnkT4LXxT5W;;7;NA
695;954;9E2AKM7XpVJnkT4LXxT5W;;5;NA
696;955;MKeUbpPv-WExxfe-O-0e6;;7;NA
696;955;MKeUbpPv-WExxfe-O-0e6;;3;NA
697;956;TAS3Ef4sjHsKbnbKw6gKx;;7;HIGHER_EDU
699;957;INI9kkSfp1diiFi7d3WMY;;7;HIGHER_EDU
699;957;INI9kkSfp1diiFi7d3WMY;;130;HIGHER_EDU
699;957;INI9kkSfp1diiFi7d3WMY;;6;HIGHER_EDU
700;958;9tbgiwycAbYiXQ48Bk4bN;;7;NA
700;959;U4PzymgtFaLrtz7rFQReS;;7;NA
700;959;U4PzymgtFaLrtz7rFQReS;;7;NA
702;960;f4qVNbDEEWA3NheA6iP_g;;2;HIGHER_EDU
702;960;f4qVNbDEEWA3NheA6iP_g;;7;HIGHER_EDU
704;961;sgvRE-ToIe8E2dbWp-ip_;;7;HIGHER_EDU
704;961;sgvRE-ToIe8E2dbWp-ip_;;2;HIGHER_EDU
705;962;aLVkyPRqgbv5vlkXu9-EE;;7;NA
705;962;aLVkyPRqgbv5vlkXu9-EE;;137;NA
705;962;aLVkyPRqgbv5vlkXu9-EE;;3;NA
706;963;yZ8k9-4YMB3sBaMDngFtV;;107;TECHNICAL
706;963;yZ8k9-4YMB3sBaMDngFtV;;7;TECHNICAL
706;963;yZ8k9-4YMB3sBaMDngFtV;;112;TECHNICAL
708;964;Q_z503Nnbxy0PrAw9Xgou;;7;NA
708;964;Q_z503Nnbxy0PrAw9Xgou;;110;NA
710;965;_6K97TVUqX_YQOqP8ILzS;;7;NA
709;966;NT5c5NMKuiEwhDn25BFHq;;7;HIGHER_EDU
709;966;NT5c5NMKuiEwhDn25BFHq;;108;HIGHER_EDU
712;967;V9xJz5S4BZAB-tPj_UyAC;;7;NA
712;967;V9xJz5S4BZAB-tPj_UyAC;;114;NA
713;968;rxehgM_5hJaTBAmx9OMud;;7;NA
715;969;DaWvBEtZFwWqwxXSiOcJr;;7;NA
717;970;BqugIY57g-QC1OY6js0Sd;;114;NA
717;970;BqugIY57g-QC1OY6js0Sd;;7;NA
720;971;-W4Eb4rJeBqK395fOLiLH;;7;NA
718;972;2zO4sqCvf6NwjqOwATNN8;;7;NA
718;972;2zO4sqCvf6NwjqOwATNN8;;105;NA
718;972;2zO4sqCvf6NwjqOwATNN8;;2;NA
721;973;BMPuuF9cGQY3UQfUbr-JK;;7;NA
722;974;Si5aF8p-fofgSdW4MiVXO;;7;NA
725;975;1U2m_ddNxeOyyxNAULPUA;;7;NA
725;975;1U2m_ddNxeOyyxNAULPUA;;3;NA
726;976;_Wt9CxqGkLOzW7nz8qHQ5;;2;NA
726;976;_Wt9CxqGkLOzW7nz8qHQ5;;7;NA
730;977;ANQv269CkwacE3f9WRz9X;;7;NA
730;977;ANQv269CkwacE3f9WRz9X;;2;NA
725;978;5X9WwLcROBk97vwtz21U0;;7;UNFINISHED_HIGHER_EDU
725;978;5X9WwLcROBk97vwtz21U0;;3;UNFINISHED_HIGHER_EDU
732;979;JeI-O0almS5xbZiPZoj4d;;7;NA
732;979;JeI-O0almS5xbZiPZoj4d;;105;NA
733;980;sWVxWAXhUGWoA2958KFnI;;110;NA
735;981;q7rSxwObjhnndrPlH_Y4U;;7;HIGHER_EDU
735;981;q7rSxwObjhnndrPlH_Y4U;;2;HIGHER_EDU
735;981;q7rSxwObjhnndrPlH_Y4U;;140;HIGHER_EDU
737;982;bVbQeLmm1O0GxO_5tSEt2;;7;NA
728;983;1lb9B525tm_27uA3X-LJj;;7;HIGHER_EDU
739;984;icMhhQI0jPhjJcOujABcs;;7;HIGHER_EDU
741;985;aMATnNhp-u_Fg3XoEgQ7n;;7;UNFINISHED_HIGHER_EDU
742;986;VlHcdkQZ4Z-r7AVpWthcn;;7;NA
742;986;VlHcdkQZ4Z-r7AVpWthcn;;2;NA
742;986;VlHcdkQZ4Z-r7AVpWthcn;;109;NA
742;986;VlHcdkQZ4Z-r7AVpWthcn;;142;NA
747;988;myntvW3LPjYUUNKdjxwsP;;7;HIGHER_EDU
747;988;myntvW3LPjYUUNKdjxwsP;;120;HIGHER_EDU
748;989;SZQ8DKXvuwxbOAPUOVLB1;;7;NA
748;989;SZQ8DKXvuwxbOAPUOVLB1;;119;NA
748;989;SZQ8DKXvuwxbOAPUOVLB1;;6;NA
744;990;38J4CxRbofAG1rak_IQdi;;7;HIGHER_EDU
744;990;38J4CxRbofAG1rak_IQdi;;2;HIGHER_EDU
750;991;jIu4Zt4vu1y2cdjKusXs5;;7;NA
749;992;_kA7leGp08Oc1Low7hUZg;;7;NA
749;992;_kA7leGp08Oc1Low7hUZg;;105;NA
751;993;LzhnniVlPFag4Si3QtaB7;;7;HIGHER_EDU
751;993;LzhnniVlPFag4Si3QtaB7;;110;HIGHER_EDU
751;993;LzhnniVlPFag4Si3QtaB7;;2;HIGHER_EDU
751;993;LzhnniVlPFag4Si3QtaB7;;105;HIGHER_EDU
753;994;zd75RSwqLeSoU4wvgYpQ0;;109;HIGHER_EDU
753;994;zd75RSwqLeSoU4wvgYpQ0;;109;HIGHER_EDU
753;994;zd75RSwqLeSoU4wvgYpQ0;;2;HIGHER_EDU
755;995;3pWbDE5IIMktFFXQtiA-e;;7;NA
755;995;3pWbDE5IIMktFFXQtiA-e;;110;NA
757;996;SaCqZf5mqoeP7tyQkEBrQ;;7;HIGHER_EDU
761;997;42Smert1I-jvhHfgdXPE_;;7;NA
761;997;42Smert1I-jvhHfgdXPE_;;110;NA
762;998;5kdF77ca_AFpzKQIAuTHM;;7;NA
762;998;5kdF77ca_AFpzKQIAuTHM;;2;NA
759;999;ARxr3QCTgOwBSzNp-zKx9;;7;HIGHER_EDU
759;999;ARxr3QCTgOwBSzNp-zKx9;;3;HIGHER_EDU
763;1000;0AtEXGXUcO21T4UUw-Blj;;7;HIGHER_EDU
763;1000;0AtEXGXUcO21T4UUw-Blj;;3;HIGHER_EDU
765;1001;YGXZGvDcX_EPiwuY64q4O;;7;SECONDARY
765;1001;YGXZGvDcX_EPiwuY64q4O;;2;SECONDARY
766;1002;hyoMo8FBDxOE8PGemV8zL;;7;NA
768;1003;CGGS8xSagAkMG97w-Wqex;;7;UNFINISHED_HIGHER_EDU
770;1004;kVzqKkCI-SsKjPyd3BAi-;;7;HIGHER_EDU
772;1005;jUZf37ZOzgN4i5ef_g8wV;;7;HIGHER_EDU
780;1006;mPSWZIUNL3xSpeCuajff-;;7;NA
773;1007;IlmK_9iRMeFJ1eOs9LhIH;;7;NA
773;1007;IlmK_9iRMeFJ1eOs9LhIH;;117;NA
782;1008;pmTsTPBD5Dbd4KH5f5iox;;7;NA
784;1009;V2sVA3rfaKtxuKSer1Ybb;;7;HIGHER_EDU
774;1010;jB17grt61ducFo-CSauqN;;7;NA
788;1011;aY7wG69JmDc4epAkvGsWe;;7;NA
785;1012;ADFDxKJIlKlSneI-rcSf6;;7;HIGHER_EDU
786;1013;WdfQNRzUn2ozKik_R0m-a;;7;NA
790;1014;6xHEliJdhjwIqZ_oZ-zvR;;7;HIGHER_EDU
792;1015;J8EEqXjw3yuyTNvNGkKxT;;7;HIGHER_EDU
776;1016;SlM4rNmCswlGUBVX_c7OQ;;7;NA
793;1017;-Hs0tL_2FyCAnK7UUTUh-;;7;SECONDARY
794;1018;BQisRTJ-caSN0TPkbHZwe;;7;HIGHER_EDU
794;1018;BQisRTJ-caSN0TPkbHZwe;;2;HIGHER_EDU
779;1019;o1X1kr0uBU095FxTVh3nv;;7;HIGHER_EDU
796;1020;rrfOVsX6Ne7k2-Lhxqy4J;;7;SECONDARY
796;1020;rrfOVsX6Ne7k2-Lhxqy4J;;6;SECONDARY
798;1021;uz5-d7nuK3EOR-V7OJPS1;;7;NA
800;1022;qj1972bFu8t8msjcSY1ce;;7;HIGHER_EDU
800;1022;qj1972bFu8t8msjcSY1ce;;111;HIGHER_EDU
800;1022;qj1972bFu8t8msjcSY1ce;;2;HIGHER_EDU
804;1023;flnn0nwTDFsNGtZTkR_Dh;;7;HIGHER_EDU
806;1024;rmY1DQnLh9J14wwzr_NtG;;7;HIGHER_EDU
810;1025;ru411d45vNS2oRtv8Le-7;;7;NA
808;1026;vuTnMvUDOBcEUzNhGKH9a;;7;NA
808;1026;vuTnMvUDOBcEUzNhGKH9a;;2;NA
811;1027;lVc6YJSgS6nu7joSc54Da;;7;NA
813;1028;8SO-moHrPKBZoIA4ePX0o;;7;NA
814;1029;JLTOy5TQk4K0h5MsWM-5F;;7;NA
814;1029;JLTOy5TQk4K0h5MsWM-5F;;120;NA
820;1030;b_vKCu5PRfia19sbP5Hm4;;7;NA
818;1031;q4VhBDEv8_62bZF_ciOaQ;;7;HIGHER_EDU
821;1032;sqZk-8-HA3CIJ_HHJB5HZ;;7;HIGHER_EDU
824;1034;wZgI6vt425ypPZgV9_AsK;;7;NA
825;1035;pelzGdAuUpgAS2wnIv7FL;;7;HIGHER_EDU
826;1036;JZLw2enrufxIkpPYWgvc4;;7;HIGHER_EDU
826;1036;JZLw2enrufxIkpPYWgvc4;;2;HIGHER_EDU
829;1037;tMUxIaDxjB8zIuVf_NIxk;;7;NA
828;1038;PUc1RePMIgE8IiLIoGWnp;;4;HIGHER_EDU
828;1038;PUc1RePMIgE8IiLIoGWnp;;7;HIGHER_EDU
831;1039;BHvpWDX7stHQ_OdZmBXZO;;7;NA
832;1040;a6yFdKEeNakzYCmoV5a69;;122;PHD
832;1040;a6yFdKEeNakzYCmoV5a69;;7;PHD
832;1040;a6yFdKEeNakzYCmoV5a69;;2;PHD
833;1041;wtJn9ZkMuEhYtEs6TfQ7C;;7;HIGHER_EDU
837;1042;D120U4zfKjSM4Mj5elLh0;;7;NA
835;1043;IFNNyCMS9TkeolErt3CM2;;7;NA
835;1043;IFNNyCMS9TkeolErt3CM2;;2;NA
835;1043;IFNNyCMS9TkeolErt3CM2;;109;NA
838;1044;h74bSs6Tb7RbfSyNImAaD;;7;NA
839;1045;YSGMqAF78JrAL_kxJ8Si3;;7;SECONDARY
839;1045;YSGMqAF78JrAL_kxJ8Si3;;2;SECONDARY
841;1046;EX6GzZBv5o0FVu5PbLe8q;;7;HIGHER_EDU
843;1047;i1s3dlnlqbcThkNeAysKL;;7;SECONDARY
845;1048;ABmUoqiKZWT_fBJIa046F;;7;NA
845;1048;ABmUoqiKZWT_fBJIa046F;;2;NA
848;1049;JqGhHrlSMK0Dmf3Yh-0tx;;7;HIGHER_EDU
849;1050;0JU-5YmH2oimI1FC-tmTk;;7;HIGHER_EDU
849;1050;0JU-5YmH2oimI1FC-tmTk;;4;HIGHER_EDU
852;1051;bmLVTJFq9cA-yaC0Bn5iG;;7;HIGHER_EDU
851;1052;slr4xwlltswB89gYBw6J6;;7;NA
851;1053;9reu4KVvl3n-G2SzlnMSR;;7;NA
855;1054;ao3YhuVCoXRg294AyzP_S;;7;HIGHER_EDU
856;1055;KRcwB4-s5ytqJssG7ZviU;;7;NA
859;1056;esW40RLz0l8ES86WSn_la;;7;NA
858;1057;ITHbvQPpHUo_eUTCQqeav;;7;HIGHER_EDU
863;1059;SjXl4yNN16l0GXSAVVX3X;;7;HIGHER_EDU
865;1060;N_p2Zthf4roJ8vEVR7ySe;;7;NA
864;1061;e7FFe12HbmK6_P-C7jeyY;;7;HIGHER_EDU
870;1062;8fMuuR4KqH3Ul28KICCD5;;7;NA
870;1062;8fMuuR4KqH3Ul28KICCD5;;110;NA
870;1062;8fMuuR4KqH3Ul28KICCD5;;6;NA
869;1063;mPGBbyULMbZ6Z_nOyqAGx;;7;HIGHER_EDU
871;1064;ILnWMaMhvXya9fiOhFvl4;;7;HIGHER_EDU
872;1065;mtZjtaKLmWtTLWMFY076K;;7;HIGHER_EDU
870;1066;li_JInJdqm2AV3NHOQQRJ;;7;NA
870;1066;li_JInJdqm2AV3NHOQQRJ;;110;NA
870;1066;li_JInJdqm2AV3NHOQQRJ;;6;NA
870;1066;li_JInJdqm2AV3NHOQQRJ;;107;NA
873;1067;9bZdN9i6P1A6V79ru_UhT;;7;NA
874;1068;vig5oNQgGAld71VHgO0ic;;7;NA
876;1069;KTaMVDoZCrmjLqIRAOjPc;;7;HIGHER_EDU
876;1069;KTaMVDoZCrmjLqIRAOjPc;;2;HIGHER_EDU
877;1070;gNxPIsbhO2NDxxJmpmP5G;;7;HIGHER_EDU
880;1072;374X-Hjha8WUFLyFIJ712;;7;NA
880;1072;374X-Hjha8WUFLyFIJ712;;110;NA
884;1074;_JPFHTSWY4VQdmxrySAcJ;;7;HIGHER_EDU
886;1075;IEgHk5StrOOzUyx9hXeyV;;7;HIGHER_EDU
888;1076;h2C9EhczjV64UsMlAcZQH;;7;HIGHER_EDU
890;1077;tFa-BcYgFSWgaGW5PeE9B;;7;HIGHER_EDU
892;1078;Nf4M2s_StZP7vPZOYnFjo;;7;HIGHER_EDU
894;1079;LWmgaxvEjNG0qN-JLAANr;;7;NA
896;1080;BisuiD2hXSSuvolc9mqdf;;7;HIGHER_EDU
897;1081;7G_bRKZrHs1pNDik81oJo;;7;HIGHER_EDU
897;1081;7G_bRKZrHs1pNDik81oJo;;110;HIGHER_EDU
899;1082;KG9Ws8w3kiykmMjQI5CCg;;7;NA
902;1083;BSFMu0mwunoKFheB0yfzv;;7;HIGHER_EDU
900;1084;Eg9Y-Up0ye8zcm-d_RZBI;;7;HIGHER_EDU
905;1085;Jmtc4lyIHQ_4680Y2qMEg;;7;NA
904;1086;TMwW3hr9Dwmm7T1kjkaro;;7;HIGHER_EDU
907;1087;bw7WbfDgH9ZGm5IGJXcuW;;7;HIGHER_EDU
908;1088;VtQAHtYFfUQrcMwzWD6N0;;2;HIGHER_EDU
908;1089;Bf3tV_Z7wilgXTYYgbVU0;;7;NA
908;1089;Bf3tV_Z7wilgXTYYgbVU0;;2;NA
910;1090;pPihEldXREdNOzm3-TVvP;;7;NA
912;1091;9Wt3bj6w4yflb-t-ZJHmw;;7;NA
914;1092;Mjh5sp149_mL5VRuYqkqm;;7;SECONDARY
917;1093;yKJOrQjU2oGtbrMf0uqYq;;7;HIGHER_EDU
916;1094;i4eGtSMVz0cyds1NCJGjT;;7;HIGHER_EDU
906;1095;dPrlZMgGzJ6iPGcBxKyRp;;7;PHD
921;1096;TOabjFHgeNMgBQrd5mduH;;3;NA
921;1096;TOabjFHgeNMgBQrd5mduH;;7;NA
921;1096;TOabjFHgeNMgBQrd5mduH;;110;NA
919;1097;2jDbk6lVgATD6FRo4UThj;;7;HIGHER_EDU
919;1097;2jDbk6lVgATD6FRo4UThj;;111;HIGHER_EDU
922;1098;EOcD_Vet3BKud_gZ8Lvdp;;7;HIGHER_EDU
925;1099;x4bjCfxTS_dxpY3PhEmu5;;7;NA
924;1100;myvuFMkTfwfkvUPmdC9-z;;7;NA
927;1101;pFximxuaH0z56ZIBh061s;;7;NA
929;1102;hTqK-CWwjiEwARGrJSzyz;;7;NA
846;1103;6cytsv0d1tuRy073FkpQI;;7;HIGHER_EDU
867;1104;baZpPV7_bwwiU1gRjILKe;;7;HIGHER_EDU
931;1105;1-I_Y8bQ5I5DCrG5fobx6;;7;NA
933;1106;-Wu8ZSrAF1WBra1H9BPR-;;7;HIGHER_EDU
935;1107;8rfdnNlPi4qF3DhlEwYdD;;7;HIGHER_EDU
935;1107;8rfdnNlPi4qF3DhlEwYdD;;105;HIGHER_EDU
936;1108;F7ARwW-JyfjHebB54I8rW;;7;NA
937;1109;I0eHnZyeHH8ZWtueGmfbt;;7;HIGHER_EDU
940;1110;beTVGWjVFzqNy8v11oAwv;;7;HIGHER_EDU
939;1111;#NAZWA?;;7;NA
942;1112;x13IIaeAXrkLr-wHeFe3c;;7;HIGHER_EDU
944;1113;3nx0Y0uYA2X9sDWNSeOSO;;7;NA
945;1114;UYlsMmU3YQITf2BsCbacq;;7;NA
950;1115;R9hRV-yu2H_Cs6yXAVKzT;;7;HIGHER_EDU
947;1116;WK0ztJNdxE7kCB6URF3ZK;;7;HIGHER_EDU
948;1117;mNlHRoKqKjCnJSEAiy87z;;7;SECONDARY
948;1117;mNlHRoKqKjCnJSEAiy87z;;2;SECONDARY
948;1117;mNlHRoKqKjCnJSEAiy87z;;118;SECONDARY
952;1118;NAe7YOrGOXTyM2fI8CMnM;;7;NA
953;1119;YF4d9jh-8ULfecy2tvmHR;;7;NA
953;1119;YF4d9jh-8ULfecy2tvmHR;;6;NA
955;1120;cE-ERweEpPJNNFxr9shiD;;7;NA
959;1123;gbV2KY3dt42xA6cD0ee-V;;7;HIGHER_EDU
961;1124;y2I1tjHxV9VWw_ADriKxu;;7;NA
963;1125;ewYNBGL_iSIier0XzIje6;;7;HIGHER_EDU
964;1126;GpvjNkWtQYu_dkdS4HLPT;;7;HIGHER_EDU
964;1126;GpvjNkWtQYu_dkdS4HLPT;;7;HIGHER_EDU
964;1126;GpvjNkWtQYu_dkdS4HLPT;;7;HIGHER_EDU
966;1127;ND5QB8EgA_lSe1DZeiccp;;7;NA
966;1127;ND5QB8EgA_lSe1DZeiccp;;2;NA
968;1128;4pGYS8k51HOuwo00Hqv47;;7;NA
967;1129;2vsxGLJNxuqD7YgPPV2bY;;7;HIGHER_EDU
967;1129;2vsxGLJNxuqD7YgPPV2bY;;2;HIGHER_EDU
973;1130;y9L4L7klxyOftQFSYVsMO;;7;NA
971;1131;hu-NtXSEN8hvL7cVkSbOt;;7;NA
975;1132;sSrmujsn3-4tZdDVEqV6y;;7;NA
975;1132;sSrmujsn3-4tZdDVEqV6y;;2;NA
975;1132;sSrmujsn3-4tZdDVEqV6y;;109;NA
975;1132;sSrmujsn3-4tZdDVEqV6y;;110;NA
969;1133;fm2IJ7zQ3WgBZPTFkGiGc;;7;SECONDARY
977;1134;afCvaPzRRxTqaEA6H9qxq;;7;NA
978;1135;ZJ6sck0XobnXPBEy9qwnh;;7;HIGHER_EDU
979;1136;GSC1oAbNto7zj2i4E6_4S;;7;NA
982;1137;xHUD4qa10hV99StAFEs3G;;7;HIGHER_EDU
983;1138;rUPlB5mw_Zd6npFiODYdP;;7;NA
981;1139;LXZrCBr18dTPSF3sxJdqD;;7;HIGHER_EDU
985;1140;7YzAXOvLoKopzbwIhb52D;;7;HIGHER_EDU
987;1141;dlm8gUG2xljBcOOGS7uRZ;;7;HIGHER_EDU
988;1142;1k-cBtZm8Ktnc8WwLzQmk;;7;HIGHER_EDU
989;1143;_R0l984cuqjU4e8VLJQA_;;7;NA
993;1144;RUesKrFAG8ttO36ywWIWW;;7;NA
992;1145;KnximleC00iLUewU9BOYE;;7;HIGHER_EDU
994;1146;yKCPcI88IbwHRSXE1MBi-;;7;HIGHER_EDU
996;1147;GKRI893dA9pnIDvA1IRIQ;;7;UNFINISHED_HIGHER_EDU
995;1148;9UayfNwk-vm6GqKjUaRiO;;7;HIGHER_EDU
989;1149;CK0ngGZ28FR875kBoX-b4;;7;NA
989;1149;CK0ngGZ28FR875kBoX-b4;;7;NA
997;1150;26_3SEgYvwe0CzIcOaJuY;;7;HIGHER_EDU
998;1151;VBqv3-b5C1rb-B6PwRsPH;;7;NA
998;1152;IO9GcPaZfYnZluUdOvM23;;7;SECONDARY
994;1153;erxsX1nY7bCTA-sD9s5mn;;7;NA
999;1154;#NAZWA?;;117;HIGHER_EDU
999;1154;#NAZWA?;;7;HIGHER_EDU
1001;1155;OAPSTshos6qa9XM8_v-_O;;7;NA
1005;1156;4NiuRmNfFVCSgvxBh2OEo;;7;HIGHER_EDU
1005;1156;4NiuRmNfFVCSgvxBh2OEo;;114;HIGHER_EDU
1003;1157;aMKkZ8dByCHJlGDUV8-wN;;7;HIGHER_EDU
1006;1158;U5lVDDQEudhEojKyZ9SFv;;7;HIGHER_EDU
992;1159;YFrmuIEdSUkTIw2WH246P;;7;NA
1008;1160;NzFDs9uDFKbL4tjazpId3;;7;SECONDARY
1010;1161;MA0KiAy4s6z93f_kYUcVy;;7;HIGHER_EDU
1011;1162;VUP3FevfR6QxJkKoX6J7n;;7;HIGHER_EDU
1014;1163;5B3GnPIvNs_GdSZY1fWaL;;7;HIGHER_EDU
1015;1164;U4g6jrza2xxVH35MXkRah;;7;SECONDARY
1018;1165;dTpOj0RXa4ejZ1GGfIQAt;;7;UNFINISHED_HIGHER_EDU
1017;1166;lA2vNLALoRslyVHjmfliy;;7;HIGHER_EDU
1017;1166;lA2vNLALoRslyVHjmfliy;;185;HIGHER_EDU
1017;1166;lA2vNLALoRslyVHjmfliy;;3;HIGHER_EDU
1017;1166;lA2vNLALoRslyVHjmfliy;;106;HIGHER_EDU
1022;1167;yEagE5k-rfiKb5_P4X92Z;;7;HIGHER_EDU
1024;1168;caXRV9FnR8mc_H4pA7Xqj;;7;NA
983;1169;v3KSJP9DfJ_Ov1kJeCl6C;;7;NA
1027;1171;u_uPCrgrxjaNIiW1329Jy;;7;NA
1025;1172;ccbjusGbuNZch524Dj7ZT;;7;UNFINISHED_HIGHER_EDU
1025;1172;ccbjusGbuNZch524Dj7ZT;;6;UNFINISHED_HIGHER_EDU
1028;1174;3rkR2mq-k0dgC-YqdRxno;;7;NA
1029;1175;Mq8r49nnaFCbq1pUNupEv;;7;HIGHER_EDU
1031;1176;HEIw_Gm-1lj3FRh3sTfXv;;7;PHD
1033;1177;UM2_l1kGTzJ2oPyM0z5O7;;7;HIGHER_EDU
1035;1178;D-XIJnXoMvr35Qmb_ZqlD;;7;HIGHER_EDU
1036;1179;2hI1TtvnEdOfVbuiTOSda;;7;NA
1037;1180;jdMFc6dfs3mMtTXzF7oai;;7;SECONDARY
1038;1181;Z8HZNQ5dS-7LTlhoItLOC;;7;NA
1040;1182;#NAZWA?;;7;HIGHER_EDU
1045;1184;zwwMXeyOQGTN3rZl3vfl6;;7;NA
1045;1184;zwwMXeyOQGTN3rZl3vfl6;;120;NA
1046;1185;bJB9OmpDdStzlu4z_Bcoo;;7;NA
1046;1185;bJB9OmpDdStzlu4z_Bcoo;;110;NA
1048;1186;ckcc36hRmi_c18Bz_hyly;;7;HIGHER_EDU
1050;1187;kWlqBNaSk_5VPCDc6SNef;;7;HIGHER_EDU
1050;1187;kWlqBNaSk_5VPCDc6SNef;;186;HIGHER_EDU
1053;1188;RudjkB_t0Nm4ygSh72FCX;;7;NA
1055;1189;SEbLr0cXL2mFVWvq_2hdV;;7;NA
1051;1190;O0WRhkxtN5AmwwD37ZJiq;;7;NA
1051;1190;O0WRhkxtN5AmwwD37ZJiq;;2;NA
1053;1191;zrRCNNKuwz5-n2sF4UCYt;;7;NA
1056;1192;sfqB4_2-0P24SX0Rq-Dxs;;7;NA
1056;1192;sfqB4_2-0P24SX0Rq-Dxs;;107;NA
1058;1194;5NZ_j4IiDEl1YOR5SVd_l;;7;HIGHER_EDU
1060;1195;kwz8vaRdMOErw4urY6CCn;;120;HIGHER_EDU
1060;1195;kwz8vaRdMOErw4urY6CCn;;7;HIGHER_EDU
1063;1196;EqTiFPeireEoFyG6T8xHQ;;7;NA
1062;1197;eAehPlULTkOLE72eaMntf;;6;NA
1064;1198;AvAlrKuQdUK1QLmDiSwVC;;7;HIGHER_EDU
1065;1199;7uOPzegVoyUWAGEzvwlfJ;;2;HIGHER_EDU
1065;1199;7uOPzegVoyUWAGEzvwlfJ;;7;HIGHER_EDU
1067;1200;S7ROpdIxX1OPBwGd0KId2;;7;HIGHER_EDU
1071;1201;0eMQC1L9H7Q9hcSAyCWKl;;7;NA
1074;1202;G3eW6QmRsaphwoZ4ZTE74;;7;NA
1076;1203;#NAZWA?;;7;HIGHER_EDU
1077;1204;VlBheC8CnffToJPwP7kjP;;7;SECONDARY
1077;1204;VlBheC8CnffToJPwP7kjP;;110;SECONDARY
1079;1205;RTuY4Ap1uU0rvpe8HtmPq;;7;UNFINISHED_HIGHER_EDU
1086;1207;vWHxmjBxmeC1kSgu2Ao9_;;7;SECONDARY
1082;1208;soPpc9HePEW3b8wuCHlUc;;7;NA
1084;1209;pg8g5uxlM1OARD_H4RuhU;;7;HIGHER_EDU
1084;1209;pg8g5uxlM1OARD_H4RuhU;;110;HIGHER_EDU
1088;1210;PCxEGgXKFvgQXbmA2Haqs;;7;HIGHER_EDU
1069;1211;qA0HEjEBzdEEJDYY4cXt1;;7;NA
1069;1211;qA0HEjEBzdEEJDYY4cXt1;;2;NA
1069;1212;pOL5joEbk5yBUwYYDqXrU;;7;NA
1069;1212;pOL5joEbk5yBUwYYDqXrU;;2;NA
1089;1213;ZtDdz5x2KaVUcvMTyEGxX;;7;NA
1089;1213;ZtDdz5x2KaVUcvMTyEGxX;;2;NA
1093;1214;BstmWU9fRZ-d9mNQ3H-6O;;7;HIGHER_EDU
1096;1215;hgTF3Vd4anQ0WWRQ5bvdX;;7;UNFINISHED_HIGHER_EDU
1096;1215;hgTF3Vd4anQ0WWRQ5bvdX;;2;UNFINISHED_HIGHER_EDU
1099;1216;lCYE31-aPTOoSupcahX2L;;7;NA
1099;1216;lCYE31-aPTOoSupcahX2L;;2;NA
1100;1217;RLvCNBG8RdZDtyIoNKzHC;;7;HIGHER_EDU
1101;1218;W0kaIym3JryzQWquAFYzx;;7;NA
1103;1219;x0qJSLqV3nuy8f9qLjNbZ;;7;NA
1105;1220;CO3uC-kTUCnSoFXLDAioc;;7;HIGHER_EDU
1107;1221;qYeR4b08hwgPzfIIkEsOg;;7;NA
1109;1222;wR-HU6P5v9wvOtZEuVPoX;;7;NA
1109;1222;wR-HU6P5v9wvOtZEuVPoX;;3;NA
1110;1223;AVUzhvgSXaBJkxFRnQotw;;7;HIGHER_EDU
1110;1223;AVUzhvgSXaBJkxFRnQotw;;2;HIGHER_EDU
1111;1224;qv9PrxAgFQ-n5HHGEwO8r;;7;NA
1111;1224;qv9PrxAgFQ-n5HHGEwO8r;;110;NA
1113;1225;AnHEthsxSDz8-uTF6mPXc;;7;NA
1113;1226;O_mMaByhDng1ozT7vgQsT;;7;SECONDARY
1116;1227;b__syS9xif5v1aDahcSZq;;7;HIGHER_EDU
1116;1227;b__syS9xif5v1aDahcSZq;;2;HIGHER_EDU
290;1228;lghRxTVopK96J3XBdmqfn;;7;HIGHER_EDU
290;1228;lghRxTVopK96J3XBdmqfn;;3;HIGHER_EDU
1119;1229;Az3JRZnYNjlC7AulgfH85;;7;HIGHER_EDU
1117;1230;ePA6gts80AfhJ6k-TtBrt;;7;PHD
1118;1231;3rrZkshKFxGUEdDAUKFFS;;7;NA
1121;1232;M5zPyg_72yEbJce-T0RZ-;;7;NA
1121;1232;M5zPyg_72yEbJce-T0RZ-;;2;NA
1122;1233;JpeMCn-iDrO_kst3qUjaO;;7;NA
1122;1233;JpeMCn-iDrO_kst3qUjaO;;110;NA
1122;1233;JpeMCn-iDrO_kst3qUjaO;;3;NA
1124;1234;Ag4Ork0F7MH1Q5-bOMbVZ;;7;NA
1124;1234;Ag4Ork0F7MH1Q5-bOMbVZ;;117;NA
1126;1235;#NAZWA?;;7;NA
1126;1235;#NAZWA?;;2;NA
1128;1236;bLZwCJapmEAbpMV6_C4dH;;7;HIGHER_EDU
1130;1237;k41y_buQkLHsQy5hoD3sb;;7;HIGHER_EDU
1132;1238;oGFyhmW-q3o7EP38p7tFT;;7;HIGHER_EDU
1132;1238;oGFyhmW-q3o7EP38p7tFT;;107;HIGHER_EDU
1133;1239;zhiSnCXhiIMCnevhhamnH;;7;NA
1133;1239;zhiSnCXhiIMCnevhhamnH;;2;NA
1134;1240;#NAZWA?;;7;HIGHER_EDU
1136;1241;dvyiTVu8yuUUDKIhrpqRa;;7;HIGHER_EDU
822;1242;u-aN5PiCHQlzNZU_SJ-4r;;7;HIGHER_EDU
1140;1244;PdhinQlicDe5-o_nWji_6;;7;HIGHER_EDU
1144;1245;JrjlT6EzXmkN7umnqMGIl;;7;NA
1142;1246;n6A9bHbRY3fXxFQcjcwQ6;;7;SECONDARY
1146;1247;mnDiSUDrh-W6L-fpLGfN_;;7;HIGHER_EDU
1150;1248;UtJxXtToIFtZij2J49p5e;;7;HIGHER_EDU
1150;1248;UtJxXtToIFtZij2J49p5e;;110;HIGHER_EDU
1151;1249;jrR4OybzcMztlPR8Fqa8t;;7;HIGHER_EDU
1153;1250;3COa-GjMIZ3Fb2iI6rWpK;;7;NA
1154;1251;3Cq_PZ_Z1rOZc-uYGqW3n;;110;TECHNICAL
1154;1251;3Cq_PZ_Z1rOZc-uYGqW3n;;7;TECHNICAL
1155;1252;jBzF0hZeCFB9CKVw_bsvG;;7;NA
1155;1252;jBzF0hZeCFB9CKVw_bsvG;;2;NA
1157;1253;lVePO2WBxa4fDBzxJjkFr;;7;HIGHER_EDU
1159;1254;_TGVxUGOJppB9mqWvPSHq;;7;NA
1159;1254;_TGVxUGOJppB9mqWvPSHq;;2;NA
1161;1255;S67SZNJU8Rbpcps7oY1ll;;7;UNFINISHED_HIGHER_EDU
1161;1255;S67SZNJU8Rbpcps7oY1ll;;114;UNFINISHED_HIGHER_EDU
1161;1255;S67SZNJU8Rbpcps7oY1ll;;6;UNFINISHED_HIGHER_EDU
1163;1256;oBncUpFtQe5SUGtQusi7c;;7;HIGHER_EDU
1165;1257;iFpm6khxLTXKHpM_chI0C;;7;HIGHER_EDU
1091;1259;fal9GqxcHt7HqAK4TN_x_;;7;HIGHER_EDU
1147;1260;6Bji7NPaAiZr-KIPtObjQ;;7;HIGHER_EDU
1169;1261;cPoDwquLGtFWLTnxHWVPu;;7;HIGHER_EDU
1171;1262;cAmmH7FKcHxVHULNA1qUI;;7;NA
1098;1263;Tw8ua2wpT1sEa9sqMcit8;;7;NA
1174;1264;5mQLIsXKsNP6jB_8RESMR;;7;PHD
1177;1265;Fa_Dy-xhl-HbEIwsmiznx;;7;HIGHER_EDU
1175;1266;mo7yFUCsxOeFjfijVDmMo;;7;HIGHER_EDU
1181;1267;QSxa_w78LgtyC4bxwC2pA;;7;NA
1183;1268;xZqRwhu307d1drEu2iuBm;;7;HIGHER_EDU
1184;1269;q4cq_D_ZJrdd4cL3jSMlw;;7;HIGHER_EDU
1184;1269;q4cq_D_ZJrdd4cL3jSMlw;;120;HIGHER_EDU
422;1270;m8PnGPfL5IzAPcB0vF4dV;;7;NA
422;1270;m8PnGPfL5IzAPcB0vF4dV;;2;NA
1186;1271;xSEV276ffhpd08nhXBWu2;;7;HIGHER_EDU
1186;1271;xSEV276ffhpd08nhXBWu2;;113;HIGHER_EDU
1186;1271;xSEV276ffhpd08nhXBWu2;;6;HIGHER_EDU
1187;1272;COBmlKvCgBSLco4YasgtZ;;119;HIGHER_EDU
1187;1272;COBmlKvCgBSLco4YasgtZ;;7;HIGHER_EDU
1189;1273;_glIKBJQSK3jKmwl3BcVM;;7;NA
1179;1274;2XXRT1Ygo2FcPd3eHJ5FK;;7;UNFINISHED_HIGHER_EDU
1192;1275;HoWigLrdRlkkQrjd245Op;;7;HIGHER_EDU
1190;1276;Z2wzliEOMCA14o4N2tEXb;;7;HIGHER_EDU
1194;1277;n_SEaHb5VB5LcYWaBZI35;;7;HIGHER_EDU
1195;1278;aqulXU3L-XuAsLDjw7Pyb;;7;HIGHER_EDU
1198;1279;E4XCyrkN0qKdcYkry3hEI;;7;HIGHER_EDU
1199;1280;83n_7UgoOIf4KVmqhSaLt;;7;HIGHER_EDU
1200;1281;XxL48rppYTzwazLYxOQY2;;7;HIGHER_EDU
1200;1281;XxL48rppYTzwazLYxOQY2;;3;HIGHER_EDU
1202;1282;4uh5ZUjNrhK62w_iy85jU;;7;NA
1204;1283;RNU9UnsGSgr75WoVgSIs_;;7;NA
1197;1284;G-i6-hGa_Co1F13qtrQ2s;;7;NA
1205;1285;7CmkfsD5E6kPw3Ewzht7S;;7;HIGHER_EDU
1205;1285;7CmkfsD5E6kPw3Ewzht7S;;2;HIGHER_EDU
1205;1285;7CmkfsD5E6kPw3Ewzht7S;;107;HIGHER_EDU
1205;1285;7CmkfsD5E6kPw3Ewzht7S;;105;HIGHER_EDU
1206;1286;jR-si1cxALF_reOZ-RF3U;;7;NA
1206;1286;jR-si1cxALF_reOZ-RF3U;;186;NA
1208;1287;FDq4bVR7PA1Q0Q60rQd-f;;127;UNFINISHED_HIGHER_EDU
1208;1287;FDq4bVR7PA1Q0Q60rQd-f;;7;UNFINISHED_HIGHER_EDU
1210;1288;jXGQASg4nwF4Jlx_PvdIO;;7;NA
1206;1289;P9D6X0Vevt_7AJttCLXJG;;7;HIGHER_EDU
1206;1289;P9D6X0Vevt_7AJttCLXJG;;186;HIGHER_EDU
1212;1290;ZZSlTmD-j8yFt0BYGP1BX;;7;NA
1212;1290;ZZSlTmD-j8yFt0BYGP1BX;;2;NA
1216;1291;ktOROif5xWMG8nXxU7HVg;;7;NA
1216;1291;ktOROif5xWMG8nXxU7HVg;;110;NA
1217;1292;iY3oCLYLfyURyOf6-p_TP;;7;HIGHER_EDU
1219;1294;YAd-b17-tXrh-2PtbqOvu;;7;NA
1221;1295;QmJ3_ifPithq4GSYKU8qq;;7;NA
1223;1296;Qs9eTCYznyQqN-eKBkW4h;;7;HIGHER_EDU
1223;1296;Qs9eTCYznyQqN-eKBkW4h;;3;HIGHER_EDU
1224;1297;jcZhl-pxaWAkP5pb6Grah;;7;HIGHER_EDU
1226;1298;E4qyog4ZEC2Nt3H0CToLs;;7;HIGHER_EDU
1226;1298;E4qyog4ZEC2Nt3H0CToLs;;117;HIGHER_EDU
1226;1298;E4qyog4ZEC2Nt3H0CToLs;;2;HIGHER_EDU
1228;1299;k9dit1ETcmsIDMeZ6hfLy;;7;NA
1229;1300;X1W5D7zg2EMulEUvrWoEI;;7;NA
1231;1301;m8HSHQEnpAXZK1j2oBOcR;;7;PHD
1231;1301;m8HSHQEnpAXZK1j2oBOcR;;3;PHD
1237;1302;2lmJacdGwtTW1JlfY8AWA;;7;SECONDARY
1239;1303;cYHnlh0Xzxp5z8-BqMH8D;;7;NA
1240;1304;G760PkIVGzSGrTEEql9n9;;7;HIGHER_EDU
1242;1305;y0mc4b9MDXCUt4tttGJFu;;7;UNFINISHED_HIGHER_EDU
1244;1306;9b5W9i0Lo-zVo3xhAtdb6;;7;HIGHER_EDU
1244;1306;9b5W9i0Lo-zVo3xhAtdb6;;112;HIGHER_EDU
1247;1308;yOMjw5yHLIsVev52t2M2C;;7;HIGHER_EDU
1249;1309;GHGXnJO7Nrw3XUuF0zRsy;;7;NA
1252;1310;pf6_Pf7DBWOBQuZT-Goeo;;110;HIGHER_EDU
1252;1310;pf6_Pf7DBWOBQuZT-Goeo;;7;HIGHER_EDU
1250;1311;dqdYbGtcuFpqCG9O6ilNF;;7;HIGHER_EDU
1254;1312;SU8fI6MK5TRqD4FzDBary;;7;NA
1253;1313;DBIIrgwtLaO6W1As47diY;;110;HIGHER_EDU
1253;1313;DBIIrgwtLaO6W1As47diY;;7;HIGHER_EDU
1256;1314;N3Czhdh9QpE9euplIaWPV;;7;HIGHER_EDU
1256;1314;N3Czhdh9QpE9euplIaWPV;;2;HIGHER_EDU
1257;1315;V58gK7LbnShXmn2Mt1TtV;;7;TECHNICAL
1257;1315;V58gK7LbnShXmn2Mt1TtV;;114;TECHNICAL
1259;1316;spXmW-YJVA6OtlstJMVxR;;7;NA
1259;1316;spXmW-YJVA6OtlstJMVxR;;107;NA
1259;1316;spXmW-YJVA6OtlstJMVxR;;2;NA
1263;1317;g1mYgbHgU4ouwnNXaNGzd;;7;HIGHER_EDU
1263;1317;g1mYgbHgU4ouwnNXaNGzd;;4;HIGHER_EDU
1261;1318;qgE8YIZudAKTMJ_dSSQHk;;7;HIGHER_EDU
1264;1319;tcUP9o4nZOS6xI5wj-WhZ;;7;NA
1257;1320;Tlk-yezSiXjsvXQqCMZuW;;7;NA
1268;1321;uzR7LteIpKrnMGSn_8Glk;;7;SECONDARY
1073;1322;3ecGA5RUVt8c0mKwQNs8V;;7;NA
1073;1322;3ecGA5RUVt8c0mKwQNs8V;;142;NA
1073;1322;3ecGA5RUVt8c0mKwQNs8V;;2;NA
1266;1323;5Im3SbSEBCHKlyJiAfHNN;;7;HIGHER_EDU
1269;1324;mBqH8DbXhchNpiGwkeYq2;;2;NA
1269;1324;mBqH8DbXhchNpiGwkeYq2;;7;NA
1275;1325;GpfCAyQEDrwNIK24ef6oJ;;7;HIGHER_EDU
1271;1326;GgHoa6tBtSycX7YT4XAID;;7;HIGHER_EDU
1271;1326;GgHoa6tBtSycX7YT4XAID;;7;HIGHER_EDU
1271;1326;GgHoa6tBtSycX7YT4XAID;;7;HIGHER_EDU
1273;1327;PHEXRNQ3cHdKciAtIjG9U;;7;NA
1273;1327;PHEXRNQ3cHdKciAtIjG9U;;2;NA
1277;1328;IE_5DJKiEPS2bcgrWQJe5;;7;HIGHER_EDU
1280;1329;G0xIGFkBsE0h41-b-To8E;;7;HIGHER_EDU
1278;1330;sFolg2uSnmZ-0h6q9lazm;;7;HIGHER_EDU
1278;1330;sFolg2uSnmZ-0h6q9lazm;;110;HIGHER_EDU
1283;1331;GQLCLynqBY0d5Vpf0ddNO;;7;NA
1281;1332;Mmi0WupX3IRDov4_hID8U;;7;HIGHER_EDU
1285;1333;Vs9CM2Im4U8D9nT6qR3tj;;7;HIGHER_EDU
1289;1334;7X4XDQd0mgf0Y9QEOCzNZ;;7;NA
1290;1335;_0TitdhLMQ6ZFccfE3xg5;;7;NA
1292;1336;dtXql9WOAyFAkkgN3dagN;;7;HIGHER_EDU
1294;1337;CZUaat-haA-lxDZItrra4;;7;HIGHER_EDU
1296;1338;tNfUqL_KDVtBOK5t_kOdG;;7;NA
1296;1338;tNfUqL_KDVtBOK5t_kOdG;;110;NA
1298;1339;QRq2DTyvoWpRNjtP2HvqU;;7;NA
1297;1340;cOLGQKZ5lFIDi5p5ntw9r;;7;NA
1301;1341;cxouVdI817gwhViquFWzr;;7;NA
1300;1342;rRFiSko5t442JYfBLA-4F;;7;NA
1300;1342;rRFiSko5t442JYfBLA-4F;;2;NA
7094;1343;N3SNqAhLcNlr8t5CRoCGh;;7;HIGHER_EDU
1303;1344;6H4bQS3FeScindzc1RuLg;;7;HIGHER_EDU
1305;1345;OZAAkUswSxlVvc7-mnvjm;;7;HIGHER_EDU
1307;1346;tn8wG4_CffehhBHThwOGJ;;7;SECONDARY
1309;1347;pKYQrcH9vnTzoH198wsNo;;110;HIGHER_EDU
1309;1347;pKYQrcH9vnTzoH198wsNo;;7;HIGHER_EDU
1310;1348;6LVt3z92FabqqvC0WzYMT;;7;NA
1310;1348;6LVt3z92FabqqvC0WzYMT;;3;NA
1310;1349;uhZOlRWC_cyN8mDdFzfGh;;7;NA
1310;1349;uhZOlRWC_cyN8mDdFzfGh;;3;NA
1313;1350;Ri32GoVBbGqKOtS_-YCQl;;7;HIGHER_EDU
1314;1351;9Yq-V-Jbk2OHMZt_MIgON;;7;HIGHER_EDU
1312;1352;n8PzivOdDDKw6OnqpYaD-;;7;NA
1312;1352;n8PzivOdDDKw6OnqpYaD-;;2;NA
1316;1353;Wyuzbj4ScY9JsgDjuCM3L;;7;NA
1317;1354;AZ22JIbTCbOn2eWzRf3VN;;7;HIGHER_EDU
1317;1354;AZ22JIbTCbOn2eWzRf3VN;;148;HIGHER_EDU
1317;1354;AZ22JIbTCbOn2eWzRf3VN;;6;HIGHER_EDU
1319;1355;HsKEFj717lC-UYf3BtCV6;;7;NA
1319;1355;HsKEFj717lC-UYf3BtCV6;;2;NA
1320;1356;1VRzIpam2Q4WqMyZbgJ1Q;;7;PHD
1320;1356;1VRzIpam2Q4WqMyZbgJ1Q;;2;PHD
1321;1357;gmstlKBjWB65UnIOCcNUX;;7;NA
1323;1358;tTSq9o5qqD8qehb4SVyKW;;2;HIGHER_EDU
1324;1359;Owb3BTU5eKzMugqnx55Ga;;7;HIGHER_EDU
1326;1360;mCLkaTfbuJs7k9nRO1B1E;;7;NA
1326;1360;mCLkaTfbuJs7k9nRO1B1E;;2;NA
1327;1361;dhubmIL52gtkfftDeOgth;;7;HIGHER_EDU
1328;1362;DjrX_OVdyAxWaGkN18JLJ;;7;NA
1329;1363;u96iqCr-ZFgh2mn3t84QL;;7;NA
1331;1364;Vz_lXPlYTjKpm02qUNHbK;;7;NA
1331;1364;Vz_lXPlYTjKpm02qUNHbK;;2;NA
1332;1365;YWMcfgo30Zw3HOId-wDdr;;7;NA
1333;1366;zBbtU4I1KHskEPop4oF63;;7;HIGHER_EDU
1335;1367;vyDOi33YnYdxGRrkBhtyE;;7;NA
1335;1367;vyDOi33YnYdxGRrkBhtyE;;2;NA
1338;1368;ZH0HBSyy6wibYqgP2vXbZ;;7;NA
1336;1369;zcTLunR2JjL45T7uqoYSW;;7;SECONDARY
1340;1370;h84YHKKhMdCo1z9a81oAH;;7;HIGHER_EDU
1341;1371;lLkqOJmnVsqC6M8_nMKz-;;7;NA
1343;1372;6oFhu0wJrP-cAp6k__AZz;;7;HIGHER_EDU
1345;1373;D1S0v4yb0IHt_nR6HX02-;;7;NA
1346;1374;pWeVDsJJg9kII_ibfEZXT;;7;HIGHER_EDU
1348;1375;Ryc1wVYHfYObnJwZ8gF6C;;7;SECONDARY
1348;1375;Ryc1wVYHfYObnJwZ8gF6C;;2;SECONDARY
1350;1376;F7emp2D8uO9ThKOHlEWPJ;;7;HIGHER_EDU
1351;1377;hPLro0L_UcmE1RePgCK_J;;7;NA
1351;1377;hPLro0L_UcmE1RePgCK_J;;2;NA
1351;1377;hPLro0L_UcmE1RePgCK_J;;110;NA
2678;1378;-2Rfa-KDWmgZjfygpUyAL;;105;HIGHER_EDU
2678;1378;-2Rfa-KDWmgZjfygpUyAL;;7;HIGHER_EDU
2678;1379;La4Qbn3qxMq3bklw0gLFr;;105;NA
2678;1379;La4Qbn3qxMq3bklw0gLFr;;7;NA
1353;1380;hBLDgALlppJdEUme9WYCu;;7;HIGHER_EDU
1354;1381;#NAZWA?;;7;NA
1355;1382;Tv6JaFGbsk_zoP9HCUKg-;;7;HIGHER_EDU
1356;1383;v4DOufgSEJW3qsz0L0NzD;;7;HIGHER_EDU
1359;1385;GULZVELKHRNyV2TjriNVX;;7;NA
1359;1385;GULZVELKHRNyV2TjriNVX;;2;NA
1359;1385;GULZVELKHRNyV2TjriNVX;;106;NA
1359;1385;GULZVELKHRNyV2TjriNVX;;105;NA
1360;1386;VzHf8CYdfTl1Kx4x9595Y;;7;HIGHER_EDU
1360;1386;VzHf8CYdfTl1Kx4x9595Y;;8;HIGHER_EDU
1361;1387;vMLYlxCJOl65L8aAOXfkV;;7;UNFINISHED_HIGHER_EDU
1363;1388;6O1qt1u4_jOz6uSfALSyp;;7;NA
1363;1388;6O1qt1u4_jOz6uSfALSyp;;110;NA
1365;1389;E1SvGVHZIq4sX6yrfvfHF;;2;NA
1365;1389;E1SvGVHZIq4sX6yrfvfHF;;7;NA
1366;1390;MG9DaWaDrZBQBLecFqKGS;;7;NA
1365;1391;dmQn-ol4H64BjBJHmwFni;;2;NA
1365;1391;dmQn-ol4H64BjBJHmwFni;;7;NA
1368;1392;DgEemnEyzii6TkKmqvhhM;;7;HIGHER_EDU
1370;1393;loKNIZNbaJV8Ciq0kX10_;;7;NA
1372;1394;pHyHZbYG4uZq_Ddto1Qz_;;7;SECONDARY
1373;1395;bL54RIMN2_y6mSm2cqaN_;;7;NA
1373;1395;bL54RIMN2_y6mSm2cqaN_;;2;NA
1375;1396;X9S8omoqYOgvdmluMOrf8;;7;NA
1379;1397;jgYSQO8ETfEAohf1lSyUS;;7;NA
1381;1398;CXMuqRHjxP4sE4GKDLqmO;;7;HIGHER_EDU
1377;1399;n8EtxHqUQdAdBAOikIgKT;;110;TECHNICAL
1377;1399;n8EtxHqUQdAdBAOikIgKT;;7;TECHNICAL
1384;1401;-RC5sVP9-5h4WFQIt7c39;;7;HIGHER_EDU
1384;1401;-RC5sVP9-5h4WFQIt7c39;;2;HIGHER_EDU
1384;1401;-RC5sVP9-5h4WFQIt7c39;;8;HIGHER_EDU
1385;1402;shia2Cg4hd1Mu8CHqjQtl;;5;NA
1385;1402;shia2Cg4hd1Mu8CHqjQtl;;7;NA
1385;1402;shia2Cg4hd1Mu8CHqjQtl;;106;NA
1388;1403;mBLxrf-HC-yg-KqP62_s0;;7;NA
1390;1404;voEWiZPOFbvoObAjXJH3o;;7;HIGHER_EDU
1391;1405;gcAr0QLq61sn9NWe7s_-v;;7;HIGHER_EDU
1391;1405;gcAr0QLq61sn9NWe7s_-v;;2;HIGHER_EDU
1393;1406;gculDqMaV7Kjjzv_ckYEC;;7;HIGHER_EDU
1393;1406;gculDqMaV7Kjjzv_ckYEC;;110;HIGHER_EDU
1397;1407;RW7o1PBN4B36KBPc1KU40;;7;HIGHER_EDU
1394;1408;odtrIp1z9ydMknFn4GMMw;;7;HIGHER_EDU
1392;1409;mvwQdeN1AMRGg6kPyi2dP;;7;HIGHER_EDU
1393;1410;mdt8AhrAd9ufDaAMyszJg;;7;NA
1393;1410;mdt8AhrAd9ufDaAMyszJg;;110;NA
1395;1411;oaBKBOxqD3tLqns5XJNQi;;7;NA
1395;1411;oaBKBOxqD3tLqns5XJNQi;;2;NA
1395;1411;oaBKBOxqD3tLqns5XJNQi;;120;NA
1395;1411;oaBKBOxqD3tLqns5XJNQi;;139;NA
1395;1412;w4vuartu6VhvZgu1vz7Ma;;7;NA
1395;1412;w4vuartu6VhvZgu1vz7Ma;;2;NA
1395;1412;w4vuartu6VhvZgu1vz7Ma;;120;NA
1395;1412;w4vuartu6VhvZgu1vz7Ma;;139;NA
1402;1414;ktTtCtrU5Z0hxkQ2Hcdv0;;7;HIGHER_EDU
1403;1416;fTG3VwusbGYDlhKH9xGAT;;7;HIGHER_EDU
1406;1418;S167zR-0aVuJ3EpTn9Ccv;;7;HIGHER_EDU
1408;1419;ug29-eIyTtdR5NN03CuY_;;127;NA
1408;1419;ug29-eIyTtdR5NN03CuY_;;2;NA
1410;1420;JvtoeWqomPGiB5uRlBrSu;;7;HIGHER_EDU
1411;1421;VEVv_kOKH0kXcF5rRmAvM;;7;HIGHER_EDU
1412;1422;sDMxHjRYAMU63AmeT_Ybt;;7;HIGHER_EDU
1412;1422;sDMxHjRYAMU63AmeT_Ybt;;109;HIGHER_EDU
1412;1422;sDMxHjRYAMU63AmeT_Ybt;;2;HIGHER_EDU
1412;1422;sDMxHjRYAMU63AmeT_Ybt;;110;HIGHER_EDU
1413;1423;Zfn1RzG79KYvcmOeyDTOZ;;7;NA
1415;1424;6K7kVuHUU3taOMwGKxuA3;;7;SECONDARY
1415;1425;Jva3yp1eLYtayFEypBdEn;;7;NA
1415;1425;Jva3yp1eLYtayFEypBdEn;;7;NA
1417;1426;78AGY6aGzhCy9vt165Ooo;;7;NA
1418;1427;WbUK57l27SDQsXf3v-Ix8;;7;NA
1420;1428;YX0TbTB30LPqdNvj-U9BC;;7;NA
1420;1428;YX0TbTB30LPqdNvj-U9BC;;114;NA
1422;1429;S7AKRvtZWM50V8H-Z8LUz;;7;NA
1422;1430;lxmSdF661EMCsnw6bJ3Fp;;7;NA
1422;1430;lxmSdF661EMCsnw6bJ3Fp;;7;NA
393;1431;NC5jD6pMExc_U-ac6Nalh;;7;NA
393;1431;NC5jD6pMExc_U-ac6Nalh;;2;NA
7059;1432;9NbvtwpRVwgcrDVbSuA4Q;;7;NA
1425;1433;sQAJWZqCBP1EKKrEwyTnw;;7;SECONDARY
1426;1434;k-gZR8qwJwoMjmWL7oOku;;7;HIGHER_EDU
1427;1435;8_ZWi-d5T8Izd-x497xP9;;7;SECONDARY
1427;1435;8_ZWi-d5T8Izd-x497xP9;;2;SECONDARY
1429;1436;5JOj_xekc-oMTMHomF7Sn;;7;HIGHER_EDU
1430;1437;LTXRFw9ClRXUKgyOtLlKP;;7;NA
1431;1438;1rnWtDQbabFfuzCGCd9W7;;7;PHD
1433;1439;JPmlFfm5ohWVWGDT3LTTW;;7;HIGHER_EDU
1435;1440;0EHGsDCl1UOkgASr_09Kw;;7;NA
1435;1440;0EHGsDCl1UOkgASr_09Kw;;3;NA
1437;1442;igY27jDrjh20G846MzrdJ;;7;HIGHER_EDU
1440;1444;dNfuBCpIqxRXxPvgT72CP;;7;NA
1440;1444;dNfuBCpIqxRXxPvgT72CP;;3;NA
1440;1444;dNfuBCpIqxRXxPvgT72CP;;142;NA
1444;1445;pNKIe6YUjiY_sCkwKcqKp;;7;TECHNICAL
1444;1445;pNKIe6YUjiY_sCkwKcqKp;;110;TECHNICAL
1443;1446;vHdGZo3B_U4mLDtBtOWwo;;2;HIGHER_EDU
1448;1447;U7d3zhZ89gdTHC0MLAgpe;;7;HIGHER_EDU
1449;1448;uaNjGSGF_4uxwCcPghOyq;;7;HIGHER_EDU
1450;1449;t8M3tVZaXxEqxnHWgk3v7;;7;NA
1013;1450;nmxgKusqs7xnLhDDrUJKy;;110;PHD
1013;1450;nmxgKusqs7xnLhDDrUJKy;;7;PHD
1013;1450;nmxgKusqs7xnLhDDrUJKy;;129;PHD
1452;1451;FKsIsN-J4QJuUdqTrHln9;;7;UNFINISHED_HIGHER_EDU
1013;1452;5fA3RLFHsGUDs0wbWzJT8;;110;NA
1013;1452;5fA3RLFHsGUDs0wbWzJT8;;7;NA
1013;1452;5fA3RLFHsGUDs0wbWzJT8;;129;NA
1453;1453;#NAZWA?;;7;HIGHER_EDU
1453;1453;#NAZWA?;;2;HIGHER_EDU
1455;1454;vp5WQsFhi1e9YYI5cvAuL;;7;NA
1455;1454;vp5WQsFhi1e9YYI5cvAuL;;2;NA
1456;1455;kHekWMYd_Gz_K1IojcMG9;;7;HIGHER_EDU
1458;1456;Lqw_Yg5F6p5vGrsNnfHfM;;7;HIGHER_EDU
1454;1457;4IiIt7B3pLDEerkaReI8n;;7;HIGHER_EDU
1460;1458;1cKEY8bX85rHII1WKhWtg;;109;HIGHER_EDU
1460;1458;1cKEY8bX85rHII1WKhWtg;;7;HIGHER_EDU
1461;1459;XKIAWdSKV5L5FO6V4MswY;;7;NA
1461;1459;XKIAWdSKV5L5FO6V4MswY;;8;NA
1466;1460;JXlq_24lOnqa0-IIi2f76;;7;HIGHER_EDU
1468;1461;CwsbDZIiR-Ekoi3pgCWVd;;7;HIGHER_EDU
1469;1462;cF20cBC-FDs7FmVELLhPy;;7;NA
1469;1462;cF20cBC-FDs7FmVELLhPy;;2;NA
1471;1463;9BPWEEVEsgZz95xIvQfOh;;7;HIGHER_EDU
1471;1463;9BPWEEVEsgZz95xIvQfOh;;7;HIGHER_EDU
1471;1463;9BPWEEVEsgZz95xIvQfOh;;7;HIGHER_EDU
1473;1464;omfbFypBtig00F0WpASMt;;7;PHD
1473;1464;omfbFypBtig00F0WpASMt;;185;PHD
1473;1464;omfbFypBtig00F0WpASMt;;2;PHD
1473;1464;omfbFypBtig00F0WpASMt;;122;PHD
1473;1464;omfbFypBtig00F0WpASMt;;105;PHD
1475;1465;zvNyCHpWOd5UcSZ6ZhFGS;;7;NA
1476;1466;bwqUcq7AG1RtWvltUjfZp;;2;NA
1476;1466;bwqUcq7AG1RtWvltUjfZp;;7;NA
1478;1467;sxKZjId7_oiRP-EmQef0D;;7;HIGHER_EDU
1480;1468;sUOdh3dz5wDCuWfmiblWF;;7;NA
1480;1468;sUOdh3dz5wDCuWfmiblWF;;110;NA
1484;1469;wB_ZcogdPvgvMNgFopSax;;7;NA
1482;1470;8Ks1tTnLw9MWo9B26At1-;;2;NA
1482;1470;8Ks1tTnLw9MWo9B26At1-;;7;NA
1486;1471;aFzVFUUCjpl5QfCzahILK;;7;HIGHER_EDU
1487;1472;FBHti1yJWHYkXvjFAidH5;;7;UNFINISHED_HIGHER_EDU
1489;1473;o1OJUpshFdqjQNfSt8uOK;;7;HIGHER_EDU
1490;1474;oaTGkHUdL6lVwACEYsBma;;112;NA
1492;1475;mVNdob3TYRN-Pa80QCuhB;;7;NA
1492;1475;mVNdob3TYRN-Pa80QCuhB;;2;NA
1492;1476;fwwI-kM6ovejfoSTTJun6;;7;NA
1496;1477;XUT1kvr1UKanAFKbkB6Kv;;7;HIGHER_EDU
1498;1478;yfsokz4b_1X-wixKF6qA1;;7;NA
1497;1479;mclWa94Thk2KlgJgSs06-;;7;HIGHER_EDU
1497;1479;mclWa94Thk2KlgJgSs06-;;7;HIGHER_EDU
1497;1479;mclWa94Thk2KlgJgSs06-;;7;HIGHER_EDU
1499;1480;Zutr8eF1JIuB0G-uhD_A2;;6;PHD
1500;1481;BcEzg_sWrisz1Y8bK79Do;;7;HIGHER_EDU
1500;1481;BcEzg_sWrisz1Y8bK79Do;;7;HIGHER_EDU
1500;1481;BcEzg_sWrisz1Y8bK79Do;;7;HIGHER_EDU
1501;1482;3DEZOGgT2h6qU97Juq8hD;;7;TECHNICAL
1501;1482;3DEZOGgT2h6qU97Juq8hD;;2;TECHNICAL
1502;1483;Sl1477VM8Q83WEb6ESJkP;;7;NA
1502;1483;Sl1477VM8Q83WEb6ESJkP;;112;NA
1503;1484;2fxarLmNIFfj1yjk2Rtsb;;7;UNFINISHED_HIGHER_EDU
1503;1484;2fxarLmNIFfj1yjk2Rtsb;;130;UNFINISHED_HIGHER_EDU
1503;1484;2fxarLmNIFfj1yjk2Rtsb;;109;UNFINISHED_HIGHER_EDU
1504;1485;rdhsd_X0U8IPG4KCRgZAs;;7;HIGHER_EDU
1504;1485;rdhsd_X0U8IPG4KCRgZAs;;3;HIGHER_EDU
1505;1486;WDWrz_Ih_9G7ETWAPU6om;;7;NA
1505;1486;WDWrz_Ih_9G7ETWAPU6om;;2;NA
1506;1487;WdQVce0BTcR3urEMnHLNk;;7;HIGHER_EDU
1508;1488;Dz5lIE6S99xQx9C8OLfNM;;7;NA
1508;1488;Dz5lIE6S99xQx9C8OLfNM;;2;NA
1509;1489;OWFAHVMiElMNeVCXQEYKf;;2;HIGHER_EDU
1509;1489;OWFAHVMiElMNeVCXQEYKf;;7;HIGHER_EDU
1510;1490;Ot29M59KkIGZh7kwGUv2k;;7;NA
1510;1490;Ot29M59KkIGZh7kwGUv2k;;108;NA
1510;1491;1FUuyvPY8IF3M4OwmGm7d;;7;NA
1510;1491;1FUuyvPY8IF3M4OwmGm7d;;108;NA
1511;1492;-3mprKRGPx4zUBPxehpzg;;7;NA
1513;1493;YnHYxRasVhdQWEN8vIjgy;;3;NA
1513;1493;YnHYxRasVhdQWEN8vIjgy;;7;NA
1515;1494;1vnHPfClQ5vCJ62yHVXfP;;7;HIGHER_EDU
1515;1494;1vnHPfClQ5vCJ62yHVXfP;;6;HIGHER_EDU
1518;1495;QzY96lx37eBUQEowRI28y;;7;NA
1519;1496;Ro_L0Ln22nxRYxec2eOEY;;7;HIGHER_EDU
1523;1499;JADCJzDSVV2M0hVwDUKFK;;7;NA
1523;1499;JADCJzDSVV2M0hVwDUKFK;;2;NA
1525;1500;LOTdOhU2-_fDexzBvK_0F;;7;NA
1526;1501;h-OBpvJZaccnw0W9XBvbb;;7;NA
1527;1502;4TeIJT7hgcisaw02pmt8W;;7;HIGHER_EDU
1527;1502;4TeIJT7hgcisaw02pmt8W;;3;HIGHER_EDU
1529;1503;IjgoidAwyamvi37DsGJU4;;111;HIGHER_EDU
1529;1503;IjgoidAwyamvi37DsGJU4;;7;HIGHER_EDU
1531;1504;UXvCyYM4ClcUlssszDvVC;;7;NA
1531;1504;UXvCyYM4ClcUlssszDvVC;;2;NA
1532;1505;0ErWmimLyTYTKGnNakD2z;;7;UNFINISHED_HIGHER_EDU
1532;1505;0ErWmimLyTYTKGnNakD2z;;107;UNFINISHED_HIGHER_EDU
1532;1505;0ErWmimLyTYTKGnNakD2z;;120;UNFINISHED_HIGHER_EDU
1534;1506;6253p6N9NVpen2QzGEbeu;;7;NA
1535;1507;rxdS1Hou8RG-kUCDqJGTE;;2;UNFINISHED_HIGHER_EDU
1535;1507;rxdS1Hou8RG-kUCDqJGTE;;7;UNFINISHED_HIGHER_EDU
1538;1508;47lQyuWfkcyEZ_udHV38Z;;7;NA
1538;1509;NZkYz5fQC5Z522CIva7ZQ;;7;HIGHER_EDU
1539;1510;LXNBI5-fwYe8k3cZxM_WT;;7;HIGHER_EDU
1539;1510;LXNBI5-fwYe8k3cZxM_WT;;3;HIGHER_EDU
1540;1511;RppXlQy5Cuifly_XpHMYP;;7;HIGHER_EDU
1540;1511;RppXlQy5Cuifly_XpHMYP;;3;HIGHER_EDU
1540;1511;RppXlQy5Cuifly_XpHMYP;;110;HIGHER_EDU
1541;1512;1eNiSsvD5HhYa4rRYpTFS;;7;HIGHER_EDU
1541;1512;1eNiSsvD5HhYa4rRYpTFS;;105;HIGHER_EDU
1544;1514;a4jaun79i0n6iI_SZsv3A;;7;HIGHER_EDU
1545;1515;gLvMUEfjGbPQwTlS-EuXD;;120;HIGHER_EDU
1545;1515;gLvMUEfjGbPQwTlS-EuXD;;6;HIGHER_EDU
1545;1515;gLvMUEfjGbPQwTlS-EuXD;;7;HIGHER_EDU
1546;1516;2wGhTSoCiiCXy6_Na7qtl;;2;NA
1546;1516;2wGhTSoCiiCXy6_Na7qtl;;106;NA
1546;1516;2wGhTSoCiiCXy6_Na7qtl;;7;NA
1546;1516;2wGhTSoCiiCXy6_Na7qtl;;109;NA
1547;1517;mykPyHPRy7ptEd65vNx6H;;7;NA
1547;1517;mykPyHPRy7ptEd65vNx6H;;2;NA
1547;1517;mykPyHPRy7ptEd65vNx6H;;129;NA
1547;1517;mykPyHPRy7ptEd65vNx6H;;8;NA
1551;1518;GcMyeTmJXBh5gJHbl2l63;;3;PHD
1553;1519;2WNlZ0DjgyOgzd5Eb9EZP;;7;HIGHER_EDU
1553;1519;2WNlZ0DjgyOgzd5Eb9EZP;;105;HIGHER_EDU
1553;1519;2WNlZ0DjgyOgzd5Eb9EZP;;110;HIGHER_EDU
1553;1519;2WNlZ0DjgyOgzd5Eb9EZP;;3;HIGHER_EDU
1555;1520;xjKk3Yqj04CGhWUEW5i3M;;7;NA
1556;1521;U8uKc6_8PKOTm0a0XNHKM;;2;HIGHER_EDU
1556;1521;U8uKc6_8PKOTm0a0XNHKM;;7;HIGHER_EDU
1557;1522;50x8lHNEQdt9jiFq9511N;;7;NA
1557;1522;50x8lHNEQdt9jiFq9511N;;129;NA
1559;1523;Nrejb4YUxlePKRFmLZt63;;7;HIGHER_EDU
1561;1524;2_RBE4PRMagg9I0R4Vxz2;;7;HIGHER_EDU
1562;1525;4WOr7n9ZSOHQW8jg3EuQM;;7;HIGHER_EDU
1563;1526;1F6crmQak_-8zD6z0pzZo;;7;NA
1565;1527;sdqOGvySriUv-1dfFhKzp;;7;NA
1565;1527;sdqOGvySriUv-1dfFhKzp;;2;NA
1566;1528;d09owimKbL7blTDmuIGO5;;7;HIGHER_EDU
1566;1528;d09owimKbL7blTDmuIGO5;;120;HIGHER_EDU
1566;1528;d09owimKbL7blTDmuIGO5;;6;HIGHER_EDU
1568;1529;KtM_DMVIkc1H8FjmwplGk;;7;NA
1568;1529;KtM_DMVIkc1H8FjmwplGk;;142;NA
1568;1529;KtM_DMVIkc1H8FjmwplGk;;6;NA
1570;1530;pFBWGAzJ3Cwr3Kw1fZLl8;;7;NA
1571;1531;hGhSjo3foQrge48pQzuRv;;2;NA
1571;1531;hGhSjo3foQrge48pQzuRv;;7;NA
1573;1532;h9-RrNNJzQVMuyw7UE5Hg;;7;NA
1575;1533;RLBDBgfjP7YyiS7NnT0WD;;7;NA
1576;1534;CIdBbyHDMwAKfePv-g4qB;;7;HIGHER_EDU
1578;1535;AZ0E5RePwdyAOe2bNIQIS;;7;NA
1578;1535;AZ0E5RePwdyAOe2bNIQIS;;3;NA
1580;1536;lMoowz_SVlAb8VlovYSs0;;7;HIGHER_EDU
1582;1537;XrS5JHMULfwyJIUCZtSs_;;7;NA
1585;1538;UHw9NGO07lFEB0tP3SvY2;;7;NA
1586;1539;WCvZrv6DmiQT1QJlUKKQm;;7;HIGHER_EDU
1586;1539;WCvZrv6DmiQT1QJlUKKQm;;2;HIGHER_EDU
1588;1540;IivIgK3SbqeTEofpOwysQ;;7;PHD
1588;1540;IivIgK3SbqeTEofpOwysQ;;105;PHD
1590;1541;kQv94_uVlmmvuhr65CRiA;;7;NA
1590;1541;kQv94_uVlmmvuhr65CRiA;;2;NA
1592;1542;8y1MLzRoldDLINfOrItKI;;7;HIGHER_EDU
1592;1542;8y1MLzRoldDLINfOrItKI;;105;HIGHER_EDU
1593;1543;Dj-ZOYFJuLGuxsyBRb-Mm;;7;HIGHER_EDU
1595;1544;aYb3WzLXQrS5QVxjhuYLG;;7;NA
1597;1545;NoudpOEMUEOMvIJMfjf5k;;7;PHD
1172;1546;QoVVBYwcleiFOYzOK7jqy;;7;NA
1598;1547;YvdQFMBtcKWaRbSL1J-xm;;7;HIGHER_EDU
1598;1547;YvdQFMBtcKWaRbSL1J-xm;;2;HIGHER_EDU
1600;1548;6dWPKv5Zir8aIqOlP5ylP;;7;NA
1600;1548;6dWPKv5Zir8aIqOlP5ylP;;2;NA
1601;1549;xMdetpfBUJNHFop9nr63l;;7;NA
1604;1550;5zsH_udZCFLQD_kWmVM4T;;7;HIGHER_EDU
1605;1551;KE19tpSlHbn0dzAQoFa0z;;7;NA
1609;1552;1ULKtx65DZDjkqn2OLCSA;;7;NA
1611;1553;_1I2UgYybAGKYTmJs4OfS;;7;NA
1613;1554;qKalaolbuIdOrAVId7T-o;;7;HIGHER_EDU
1614;1555;TH8DuqeED_Zn92bpuy8Wa;;7;NA
1615;1556;Qm451abpMdPuacaSKK4cl;;7;NA
1615;1556;Qm451abpMdPuacaSKK4cl;;6;NA
1617;1557;2D2WqBiCbC9hJ-QVwAf4d;;7;NA
1617;1557;2D2WqBiCbC9hJ-QVwAf4d;;3;NA
1617;1558;fuzJHzIvYgwulQ45gWPFb;;7;NA
1617;1558;fuzJHzIvYgwulQ45gWPFb;;3;NA
1618;1559;TaIbS3Z1KL8aGNDXGxfJ_;;7;NA
1618;1559;TaIbS3Z1KL8aGNDXGxfJ_;;2;NA
1620;1560;oXLsupd4CZ6b1MHgCNiNi;;7;NA
1623;1561;yr-qkUJBClNPVRq-tFXbF;;7;NA
1624;1562;FzfTCJTqaFZZQL_D0Vr2r;;117;HIGHER_EDU
1624;1562;FzfTCJTqaFZZQL_D0Vr2r;;7;HIGHER_EDU
1624;1562;FzfTCJTqaFZZQL_D0Vr2r;;2;HIGHER_EDU
1627;1563;zaNU12MZuajx8Urpdjibd;;7;NA
1629;1564;LNatQlX8p7XX0Uq1Hrs2_;;7;NA
1629;1564;LNatQlX8p7XX0Uq1Hrs2_;;2;NA
1629;1565;BYOgeIG2ggylbLfddyvsY;;7;NA
1629;1565;BYOgeIG2ggylbLfddyvsY;;2;NA
1630;1566;thsO0YMYSdJV0QaVlws0l;;7;SECONDARY
1630;1566;thsO0YMYSdJV0QaVlws0l;;8;SECONDARY
1632;1567;maf7GHW2n18SFMz7-Oxm3;;7;NA
1633;1568;sA1k6iSrvewSw9ZT-Y1LF;;7;NA
1633;1568;sA1k6iSrvewSw9ZT-Y1LF;;106;NA
1633;1568;sA1k6iSrvewSw9ZT-Y1LF;;2;NA
1634;1569;XA-AlxUTo2ATf1GOQRtT1;;111;HIGHER_EDU
1634;1569;XA-AlxUTo2ATf1GOQRtT1;;7;HIGHER_EDU
1636;1570;oKliwULNJ5oXlI_mItApu;;7;TECHNICAL
1636;1570;oKliwULNJ5oXlI_mItApu;;120;TECHNICAL
1621;1571;ohtbnDI0KCH4tqJt10Gig;;7;HIGHER_EDU
1621;1571;ohtbnDI0KCH4tqJt10Gig;;8;HIGHER_EDU
1621;1572;0kCTEjXkKALhfgqBARwLz;;7;NA
260;1573;b594gXkZ5q95fjb2wyvOt;;6;NA
1637;1574;gw_0lHOgHisxst40cEQAQ;;7;NA
1637;1574;gw_0lHOgHisxst40cEQAQ;;8;NA
1637;1575;wUVQzKa4-10Cbof93oZR-;;7;NA
1637;1575;wUVQzKa4-10Cbof93oZR-;;8;NA
1637;1575;wUVQzKa4-10Cbof93oZR-;;6;NA
1639;1576;Kl2DcZo1PIcid_GesnX-H;;7;NA
1639;1576;Kl2DcZo1PIcid_GesnX-H;;2;NA
1641;1577;_iFOM7mDjr0HAsVPLMZOa;;7;NA
1642;1578;k0B2aMGkC_4cru_9PSKyg;;7;NA
1642;1578;k0B2aMGkC_4cru_9PSKyg;;2;NA
451;1579;qRq0lKrlchnq8MPvFZhO1;;7;NA
451;1579;qRq0lKrlchnq8MPvFZhO1;;110;NA
1643;1580;p7G8GwN8rqnOiL-jPPptL;;7;SECONDARY
1643;1580;p7G8GwN8rqnOiL-jPPptL;;7;SECONDARY
1643;1580;p7G8GwN8rqnOiL-jPPptL;;7;SECONDARY
1644;1581;iR1ukFjKXnR9Xc3POw0dl;;7;NA
1646;1582;IGbczs5q_svm0m5tTHG_B;;7;NA
1647;1583;YGL1TIysvmt4Xevrp_ok_;;7;NA
1647;1583;YGL1TIysvmt4Xevrp_ok_;;2;NA
1649;1584;Yr1pZ3n-26ff1XCJEC_or;;7;NA
1651;1585;9-Rm7qAPImySdzRKJjE5y;;7;NA
1653;1586;helZ9vS2XKkY2RZRdw1rC;;2;HIGHER_EDU
1653;1586;helZ9vS2XKkY2RZRdw1rC;;7;HIGHER_EDU
1653;1586;helZ9vS2XKkY2RZRdw1rC;;110;HIGHER_EDU
1655;1587;3byhKgVR1ObqilT4QL8Kw;;7;HIGHER_EDU
1656;1588;2xDvGR5WPWGThv3pCQouq;;7;PHD
1658;1589;iPfLFs4e5nZ-eqwZDzSyV;;7;HIGHER_EDU
1659;1590;#NAZWA?;;7;NA
1659;1590;#NAZWA?;;109;NA
1662;1591;hsEzm4CIp7VIIBa2B8zbK;;7;SECONDARY
1664;1592;HggM_13wiLYn_2Yax9f0P;;108;NA
1664;1592;HggM_13wiLYn_2Yax9f0P;;7;NA
1664;1592;HggM_13wiLYn_2Yax9f0P;;6;NA
1666;1593;KOtz2C6NQERYGLzBCp41U;;7;NA
1666;1593;KOtz2C6NQERYGLzBCp41U;;2;NA
1668;1594;gUh1o3TVTv-0VMgqjGlZB;;7;NA
1669;1595;brM6mDSwNhvGiSxjyjMcH;;7;NA
1671;1596;pO879SN39RJHk9i2wNyaA;;2;NA
1671;1596;pO879SN39RJHk9i2wNyaA;;7;NA
1671;1596;pO879SN39RJHk9i2wNyaA;;109;NA
1671;1596;pO879SN39RJHk9i2wNyaA;;111;NA
1672;1597;TNnUJWhLHBTN3ATXKvG2O;;7;NA
1673;1598;oOY0QAo9_w_t4Y4s6WZuz;;7;NA
1673;1599;wlBjSWA2e-JbEjaUQNeNX;;7;NA
1674;1600;ZFzcY1jz08AdTcjE87Gdv;;7;HIGHER_EDU
1677;1602;IGG_kPRzkfFsAMRkXQnxi;;7;HIGHER_EDU
1625;1603;PdjHPB19qdWlCsVsyVVXC;;7;UNFINISHED_HIGHER_EDU
1625;1603;PdjHPB19qdWlCsVsyVVXC;;3;UNFINISHED_HIGHER_EDU
1625;1603;PdjHPB19qdWlCsVsyVVXC;;109;UNFINISHED_HIGHER_EDU
1678;1604;#NAZWA?;;7;HIGHER_EDU
1679;1605;hPnxR4aY0_iBwXb_eZNmA;;7;NA
1517;1606;O-cMBAnABEQznb8bMLum2;;7;NA
1549;1607;IWvxX6Tdm8M7irSwwarRQ;;111;NA
1549;1607;IWvxX6Tdm8M7irSwwarRQ;;110;NA
1549;1607;IWvxX6Tdm8M7irSwwarRQ;;7;NA
1685;1608;EYSCdXHV22tNKLJPfXWXL;;7;NA
1686;1609;h1zG8FmgnSAWHzAR5JhbC;;7;UNFINISHED_HIGHER_EDU
1686;1609;h1zG8FmgnSAWHzAR5JhbC;;114;UNFINISHED_HIGHER_EDU
1686;1609;h1zG8FmgnSAWHzAR5JhbC;;7;UNFINISHED_HIGHER_EDU
1686;1609;h1zG8FmgnSAWHzAR5JhbC;;114;UNFINISHED_HIGHER_EDU
1686;1609;h1zG8FmgnSAWHzAR5JhbC;;7;UNFINISHED_HIGHER_EDU
1686;1609;h1zG8FmgnSAWHzAR5JhbC;;114;UNFINISHED_HIGHER_EDU
1689;1610;2diThoia7yDNtKc_MxoRb;;7;NA
1691;1611;G48RKQYAN77-rzSlfeBpL;;7;HIGHER_EDU
1693;1612;c9O5e7gITRp6gCvQymVH0;;7;NA
1694;1613;DeDhrtAEPzEOK-LcO6nEM;;7;NA
1696;1614;wsrXP8R7QGO4LvczYWgFl;;7;SECONDARY
1696;1614;wsrXP8R7QGO4LvczYWgFl;;110;SECONDARY
1700;1616;WwvrA_wvSycWVt-8zYOWO;;7;NA
1703;1617;_EQ0nytsO_OZ1YFnlCPlW;;7;NA
1704;1618;KqxsgroUOmqdxPYRAf0dm;;7;HIGHER_EDU
1704;1618;KqxsgroUOmqdxPYRAf0dm;;118;HIGHER_EDU
1704;1618;KqxsgroUOmqdxPYRAf0dm;;2;HIGHER_EDU
1705;1619;zYmE60pgpha9MqRbqKmjE;;2;NA
1705;1619;zYmE60pgpha9MqRbqKmjE;;7;NA
1706;1620;sK7F-koPihvjZVbDGItPd;;7;HIGHER_EDU
1708;1621;Ea7Yg8Lf1o6RFK0ISl9m2;;7;NA
1708;1621;Ea7Yg8Lf1o6RFK0ISl9m2;;137;NA
1709;1622;soAw1xUlyph6zBrgDweP2;;7;NA
1709;1622;soAw1xUlyph6zBrgDweP2;;118;NA
1709;1622;soAw1xUlyph6zBrgDweP2;;8;NA
1709;1622;soAw1xUlyph6zBrgDweP2;;2;NA
1710;1623;yrBJ6FiI7ZOZ3g_VjrIBl;;7;NA
1710;1623;yrBJ6FiI7ZOZ3g_VjrIBl;;2;NA
1712;1624;z_vPN5rUyOtfOMqUQdTxf;;7;HIGHER_EDU
1714;1625;h-wTOlGQLt385LN0Q-tZ5;;7;PHD
1714;1625;h-wTOlGQLt385LN0Q-tZ5;;122;PHD
1714;1625;h-wTOlGQLt385LN0Q-tZ5;;6;PHD
1717;1626;37_ZkjykJgYR9FUwMnpQP;;7;UNFINISHED_HIGHER_EDU
1715;1627;0pJqHhiJn3YG0fjKpwKHR;;7;HIGHER_EDU
1715;1627;0pJqHhiJn3YG0fjKpwKHR;;3;HIGHER_EDU
1715;1627;0pJqHhiJn3YG0fjKpwKHR;;106;HIGHER_EDU
1718;1628;CAvcHdi56J6yYwxiToegZ;;7;SECONDARY
1720;1629;3ie9GnApFr8Bu_mFisLmQ;;129;NA
1720;1629;3ie9GnApFr8Bu_mFisLmQ;;7;NA
1720;1629;3ie9GnApFr8Bu_mFisLmQ;;6;NA
1720;1629;3ie9GnApFr8Bu_mFisLmQ;;138;NA
1724;1630;HBJ5ylU0ndcX4iLkv51ls;;7;NA
1726;1631;A_drOLFoi_p2aErgHupME;;7;HIGHER_EDU
1727;1632;v-tiWgTTBsoaLqOzLz1Ca;;7;NA
1730;1633;jimUzDAoZ77xs7_o5yzQj;;7;NA
1731;1634;XNUShd42RIQyMWEZd67Yk;;7;NA
1733;1635;HkgK45V5r0Wk6KX2jVLG7;;7;NA
1733;1635;HkgK45V5r0Wk6KX2jVLG7;;107;NA
1734;1636;K2-wTIcbqFpHvBn3Sjz9e;;7;HIGHER_EDU
1735;1637;TkvoJqAPZMaUipxkxLgh-;;7;HIGHER_EDU
1736;1638;hRpuhLOlwHCaWCZamG934;;7;NA
1739;1639;AA6iJ6693nKAViRiFwqBH;;7;NA
1740;1640;eMHVKlHQE6MelVtKmOU0-;;7;NA
1742;1641;FB94SBsyvMk85_qe55q_K;;7;HIGHER_EDU
1744;1642;amVclQNJlDbztuIp_IGVg;;7;HIGHER_EDU
1746;1643;65VLgWF8lVfGCBatOd3UA;;7;HIGHER_EDU
1747;1644;2sImScN55kp2cQSKLqJH1;;7;NA
1749;1645;_Resp-o3_tz6DqziWW1lS;;7;NA
1751;1646;cPslSZLGXSg6FX8Nb_oMD;;7;UNFINISHED_HIGHER_EDU
627;1647;3sE_6Y3t5ppvd_o9RLpw0;;7;NA
627;1647;3sE_6Y3t5ppvd_o9RLpw0;;2;NA
627;1648;IcT6-7DBV2MCAW-ask77I;;7;NA
627;1648;IcT6-7DBV2MCAW-ask77I;;2;NA
1753;1649;cxjj8FdJAz8naDaLVc0a6;;7;UNFINISHED_HIGHER_EDU
1753;1649;cxjj8FdJAz8naDaLVc0a6;;3;UNFINISHED_HIGHER_EDU
1753;1650;Sna-vQIcjUZ6OQsEVXSOG;;7;NA
1753;1650;Sna-vQIcjUZ6OQsEVXSOG;;3;NA
1754;1651;QwLhl5mwl1hGMbmcKxyP8;;7;NA
1755;1652;Kse9u1B7n3cqh8RNLeNmF;;2;NA
1755;1652;Kse9u1B7n3cqh8RNLeNmF;;7;NA
1756;1653;VV6TIGE553gLQLLQosWWs;;7;HIGHER_EDU
1759;1654;-6xj4K20z3CVOz5RWa4Rr;;7;HIGHER_EDU
1760;1655;DnAyISdbq70xNilKTvhak;;7;NA
1760;1655;DnAyISdbq70xNilKTvhak;;2;NA
1760;1656;WznImoFwvyE0dyLK_g-dg;;7;SECONDARY
1760;1656;WznImoFwvyE0dyLK_g-dg;;2;SECONDARY
1762;1657;7cbxxjPHXm8pkOjrWnjYO;;2;UNFINISHED_HIGHER_EDU
1762;1657;7cbxxjPHXm8pkOjrWnjYO;;7;UNFINISHED_HIGHER_EDU
1762;1657;7cbxxjPHXm8pkOjrWnjYO;;111;UNFINISHED_HIGHER_EDU
1764;1658;4HpHyVpy_hzPZVMwLGhvB;;7;NA
1764;1658;4HpHyVpy_hzPZVMwLGhvB;;2;NA
1765;1659;Gwad3bl4LFfb9do8zeGCR;;7;NA
1766;1660;Rg6sf2DrSf6rBJbwhDjRF;;7;NA
1766;1660;Rg6sf2DrSf6rBJbwhDjRF;;2;NA
1766;1660;Rg6sf2DrSf6rBJbwhDjRF;;114;NA
1767;1661;m2bNdbrSpk101z3HssFhY;;7;HIGHER_EDU
1767;1661;m2bNdbrSpk101z3HssFhY;;110;HIGHER_EDU
1768;1662;fjdPDsjswQYtOwrGMqKGL;;7;HIGHER_EDU
1768;1662;fjdPDsjswQYtOwrGMqKGL;;117;HIGHER_EDU
1769;1663;hxcpb_CEWeacGPS--1bfX;;2;HIGHER_EDU
1769;1663;hxcpb_CEWeacGPS--1bfX;;7;HIGHER_EDU
1769;1663;hxcpb_CEWeacGPS--1bfX;;2;HIGHER_EDU
1769;1663;hxcpb_CEWeacGPS--1bfX;;7;HIGHER_EDU
1770;1664;YJfssn9HpXXDL9ZcN5D8I;;7;NA
1770;1664;YJfssn9HpXXDL9ZcN5D8I;;105;NA
1770;1664;YJfssn9HpXXDL9ZcN5D8I;;110;NA
1771;1665;pgTaOOzgrEThxXRGwgAab;;7;HIGHER_EDU
1771;1665;pgTaOOzgrEThxXRGwgAab;;107;HIGHER_EDU
1771;1666;kNgEn9-6GQfIdwLCzgDJq;;7;NA
1771;1666;kNgEn9-6GQfIdwLCzgDJq;;107;NA
1773;1667;WWqqrZdY6oJp5CPyBIC9_;;110;NA
1773;1667;WWqqrZdY6oJp5CPyBIC9_;;7;NA
1775;1668;QHvy9NJiam4nEdDhLZLt6;;7;NA
1775;1668;QHvy9NJiam4nEdDhLZLt6;;108;NA
1775;1668;QHvy9NJiam4nEdDhLZLt6;;6;NA
1776;1669;TmOzi9Ok5nC7-Fx64vkVt;;7;HIGHER_EDU
1778;1670;axwvG0ygpKCLr43NyDrPH;;7;NA
1778;1670;axwvG0ygpKCLr43NyDrPH;;2;NA
1780;1671;FpGRzZPx19H0Bm7NTJbmB;;7;HIGHER_EDU
1780;1671;FpGRzZPx19H0Bm7NTJbmB;;3;HIGHER_EDU
1780;1671;FpGRzZPx19H0Bm7NTJbmB;;8;HIGHER_EDU
1781;1672;McRRUNEygnWUTHMP0ons8;;7;HIGHER_EDU
1781;1672;McRRUNEygnWUTHMP0ons8;;7;HIGHER_EDU
1781;1672;McRRUNEygnWUTHMP0ons8;;7;HIGHER_EDU
1782;1673;mvqARIuaWSnpqdyGvHXG5;;7;SECONDARY
1783;1674;ruoS4gvco0cOqrd8E-fI_;;7;NA
1785;1675;MxW-qEOwaYyHnpiEBbQBs;;7;HIGHER_EDU
1785;1675;MxW-qEOwaYyHnpiEBbQBs;;3;HIGHER_EDU
1785;1675;MxW-qEOwaYyHnpiEBbQBs;;120;HIGHER_EDU
1787;1676;UsQ-U5fTmnTWxQWb-Kmfo;;7;NA
1787;1676;UsQ-U5fTmnTWxQWb-Kmfo;;2;NA
1790;1677;MjRp9x-mXTHLx44MIartK;;7;HIGHER_EDU
1791;1678;UMbIsxAn-HbMjXD2J08ph;;7;HIGHER_EDU
1791;1678;UMbIsxAn-HbMjXD2J08ph;;129;HIGHER_EDU
1791;1678;UMbIsxAn-HbMjXD2J08ph;;2;HIGHER_EDU
1793;1679;XD4Wa6JgXRzS3VCnK2MzL;;7;HIGHER_EDU
1794;1680;Lm-1lpr09c29d6PxdoEtW;;7;NA
1794;1680;Lm-1lpr09c29d6PxdoEtW;;105;NA
1796;1681;p2ibSNBbPFftWRVLqwwXi;;7;HIGHER_EDU
1796;1681;p2ibSNBbPFftWRVLqwwXi;;132;HIGHER_EDU
1796;1681;p2ibSNBbPFftWRVLqwwXi;;2;HIGHER_EDU
1797;1682;yodjAsnhN3jMv-JieRltc;;7;PHD
1797;1682;yodjAsnhN3jMv-JieRltc;;3;PHD
1797;1682;yodjAsnhN3jMv-JieRltc;;148;PHD
1798;1683;uqopDge0V3t9PGhuda3_N;;7;HIGHER_EDU
1798;1683;uqopDge0V3t9PGhuda3_N;;2;HIGHER_EDU
1800;1684;t9Rre-C7jo3-bStLLk4W4;;7;NA
1800;1684;t9Rre-C7jo3-bStLLk4W4;;6;NA
1801;1685;3rHhU2lKD1i9olAMqi50N;;7;NA
1801;1685;3rHhU2lKD1i9olAMqi50N;;2;NA
1802;1686;07H62PAjytqjr1W9AZBH9;;7;NA
1803;1687;oCf2yHRprUz1oEwurqO2Q;;7;NA
1803;1687;oCf2yHRprUz1oEwurqO2Q;;114;NA
1807;1688;mN49MEzhMiW4UdWQL5Cg6;;7;NA
1789;1689;AD-yeRrbv5apBL8owhx_3;1;7;NA
1789;1689;AD-yeRrbv5apBL8owhx_3;1;2;NA
1789;1689;AD-yeRrbv5apBL8owhx_3;1;115;NA
1809;1690;1jvyk3IA9UyisXMxniR9j;;7;HIGHER_EDU
1723;1691;CaGKIHkRgQPXc0cGBCCfI;;7;HIGHER_EDU
1810;1692;ZHCsENuBGe5XG0qVy_YhY;;7;NA
1810;1692;ZHCsENuBGe5XG0qVy_YhY;;8;NA
1810;1692;ZHCsENuBGe5XG0qVy_YhY;;2;NA
1811;1693;ZysjmV6yC4BedC6SmLssE;;110;PHD
1811;1693;ZysjmV6yC4BedC6SmLssE;;7;PHD
1813;1694;vKaFApzrbYN9vBqxjYtLY;;7;HIGHER_EDU
1815;1695;a7PZxgrbr5aD18AtxBbhO;;7;HIGHER_EDU
1816;1696;ABggka8Eql3GrgGNPpOQs;;3;NA
1816;1696;ABggka8Eql3GrgGNPpOQs;;7;NA
1816;1697;gwTgrGl9x5yac9UqW8lFC;;3;NA
1816;1697;gwTgrGl9x5yac9UqW8lFC;;7;NA
1817;1698;HTJ76I3UUvtosDM8JDFPl;;7;NA
1818;1699;GfV4rOHIbHbb_wdyW6Idz;;118;HIGHER_EDU
1818;1699;GfV4rOHIbHbb_wdyW6Idz;;7;HIGHER_EDU
1818;1699;GfV4rOHIbHbb_wdyW6Idz;;107;HIGHER_EDU
1820;1700;V6NkzjaWz4d_4iJbrqWzh;;7;HIGHER_EDU
1824;1701;F0WuGiPo243lvPtLnwjIH;;2;NA
1824;1701;F0WuGiPo243lvPtLnwjIH;;7;NA
1826;1702;AURXr70eQ3G_j1pPv4-o1;;7;HIGHER_EDU
1826;1702;AURXr70eQ3G_j1pPv4-o1;;105;HIGHER_EDU
1827;1703;HGLtrm_dLhy_pITf5Dfry;;7;NA
1828;1704;r70Bfj4UEkfRW5WyJc-y6;;2;NA
1828;1704;r70Bfj4UEkfRW5WyJc-y6;;6;NA
1830;1705;aq_aGTpoc3YdKo_NcV6gN;;7;NA
1833;1706;Sv14Q60E5oLn2rp48N1Ul;;7;HIGHER_EDU
1833;1706;Sv14Q60E5oLn2rp48N1Ul;;2;HIGHER_EDU
1833;1706;Sv14Q60E5oLn2rp48N1Ul;;119;HIGHER_EDU
1834;1707;qfhM65y7XEZJ8ZDdsKdxH;;7;HIGHER_EDU
1835;1708;PCukfhIOOzWbcRhKqYgaJ;;2;HIGHER_EDU
1835;1708;PCukfhIOOzWbcRhKqYgaJ;;7;HIGHER_EDU
1836;1709;2pblHCEizHjXq26nu72CT;;7;UNFINISHED_HIGHER_EDU
1838;1710;5PERAHR_6S6QQE5-tBbG8;;7;HIGHER_EDU
1840;1711;5u2LTl-e4KGbfJ24mjG7J;;7;NA
1840;1711;5u2LTl-e4KGbfJ24mjG7J;;6;NA
1661;1712;pOx3wq37YWrSdSo_xvxdc;;7;NA
1661;1712;pOx3wq37YWrSdSo_xvxdc;;2;NA
1844;1713;ZwnU1dd4jNNHXVZVeiQaO;;7;PHD
1846;1714;YyUY6934cvZ1WAB8PpdF-;;2;NA
1847;1715;vetbE8QG_waEdBkp0nB_C;;7;NA
1848;1716;DzROcLxO4Bk3Au1Y6Ne9y;;7;NA
1848;1716;DzROcLxO4Bk3Au1Y6Ne9y;;3;NA
1850;1717;Qh-M8XLB-EgW3xKcX9oNB;;7;HIGHER_EDU
1852;1718;yszMxIIT2xVPIpSasR_dN;;7;HIGHER_EDU
1855;1719;TlVfXZCOfYriNOvvrR680;;7;NA
1855;1719;TlVfXZCOfYriNOvvrR680;;2;NA
1856;1720;AyvEKaSnuBp9IBqU30VVn;;7;NA
1858;1721;rZ113f3DxH2o4TwkN1h-T;;7;HIGHER_EDU
1858;1721;rZ113f3DxH2o4TwkN1h-T;;3;HIGHER_EDU
1682;1722;#NAZWA?;;7;NA
1682;1722;#NAZWA?;;2;NA
1860;1723;6zam8NlM182ynAE_qt-m1;;7;NA
1860;1723;6zam8NlM182ynAE_qt-m1;;2;NA
1860;1723;6zam8NlM182ynAE_qt-m1;;105;NA
1862;1724;OcD_2AE0HkqjRPbHZu8WC;;7;HIGHER_EDU
1864;1725;iMYhgPxNmKzmHFgJoWKGQ;;7;HIGHER_EDU
1864;1726;zWsBMB7I7FmJ1yhs-OCmR;;7;NA
1867;1727;ux1cMPJLXuqCqBJc4o34t;;2;NA
1867;1727;ux1cMPJLXuqCqBJc4o34t;;7;NA
1866;1728;whN5LKVHIzJB0zVMiHJ6u;;7;SECONDARY
1866;1728;whN5LKVHIzJB0zVMiHJ6u;;2;SECONDARY
1869;1729;tea_FGYM3_G1VXgJB1h4P;;7;NA
1869;1729;tea_FGYM3_G1VXgJB1h4P;;110;NA
1869;1729;tea_FGYM3_G1VXgJB1h4P;;105;NA
1871;1730;47A1fUddUAISnERp71Sik;;7;NA
1876;1731;__usi0_dWciccgNd23YYu;;7;SECONDARY
1878;1732;xwpa4hLoMyE-u3sXTO3pm;;7;PHD
1879;1733;dbOFUJCh_s28ViMf3a-ci;;7;NA
1879;1733;dbOFUJCh_s28ViMf3a-ci;;110;NA
1881;1734;pUapzXlG3alHp6p0_Vslk;;7;SECONDARY
1881;1734;pUapzXlG3alHp6p0_Vslk;;2;SECONDARY
1882;1735;I30GrBgJ93_WSTayrlG8T;;7;NA
1883;1736;I6Vgk7VZwD25kAoHEysW5;;7;NA
1884;1737;#NAZWA?;;7;NA
1884;1738;pQPl3K2WNbMS-t-Q8mP2v;;7;UNFINISHED_HIGHER_EDU
1888;1739;H3gTFmTe1igaGXclzxTfQ;;7;SECONDARY
1890;1740;Ew_GgEc0ri5vSSgt_2A4_;;7;NA
1886;1741;l5h3pJkMxk-QTSpok9gjX;;7;HIGHER_EDU
1886;1741;l5h3pJkMxk-QTSpok9gjX;;2;HIGHER_EDU
1893;1742;e2p3CBtH-rcnss3NtER1l;;7;HIGHER_EDU
1894;1743;gQGHxqJQdlrVKZsh6nGvs;;7;HIGHER_EDU
1894;1743;gQGHxqJQdlrVKZsh6nGvs;;2;HIGHER_EDU
1896;1744;PqT47-7G0sMdeLUsFpscT;;7;NA
1897;1745;8HQ0nLQz4WBks621AXB2R;;7;HIGHER_EDU
1897;1745;8HQ0nLQz4WBks621AXB2R;;2;HIGHER_EDU
1898;1746;R6UFCE8BQTSWZGdkYP0gG;;7;NA
1898;1746;R6UFCE8BQTSWZGdkYP0gG;;105;NA
1898;1746;R6UFCE8BQTSWZGdkYP0gG;;110;NA
1898;1746;R6UFCE8BQTSWZGdkYP0gG;;6;NA
1899;1747;Janp419GBghKbkqkgAXjo;;7;NA
1899;1747;Janp419GBghKbkqkgAXjo;;3;NA
1901;1748;kdH5lRlBjAM8gEVJs8Nai;;7;NA
1902;1749;zQMdUd32Nxd2ULpIGMlfR;;7;NA
1902;1749;zQMdUd32Nxd2ULpIGMlfR;;2;NA
1903;1750;XPgcQ0VeMUlFo1F7jJ1M4;;7;HIGHER_EDU
1904;1751;pVAz6Mlwycc_U92uP_y8-;;7;NA
1905;1752;9g2uOKLS4JBDvA7N8Kp-f;;7;NA
1907;1753;gix8vgsaFh8hdKc_h0Yhc;;7;HIGHER_EDU
1909;1754;t_TdlYN3f9KrACXAqXOgP;;7;NA
1909;1754;t_TdlYN3f9KrACXAqXOgP;;7;NA
1909;1754;t_TdlYN3f9KrACXAqXOgP;;7;NA
1910;1755;Wca-txypja5sCbhR5ZzuQ;;7;NA
1911;1756;fd440a7qzgehveTBCbnFK;;7;HIGHER_EDU
1913;1757;_J5W7bnYcGnzCYiRTE8K9;;7;HIGHER_EDU
1913;1757;_J5W7bnYcGnzCYiRTE8K9;;8;HIGHER_EDU
1914;1758;nj0jSOJfdmGrdvS5cAhtk;;7;NA
1914;1758;nj0jSOJfdmGrdvS5cAhtk;;8;NA
1915;1759;eR13KZ0y_ggS2mt3f8ZF_;;7;UNFINISHED_HIGHER_EDU
1919;1760;kzOCp9hAp_0BCszP1QaT6;;7;NA
1919;1760;kzOCp9hAp_0BCszP1QaT6;;8;NA
1920;1761;nbRn4nWFi6qMKoIFZ1QFa;;7;HIGHER_EDU
1922;1762;EzPCR7yQCKFIlHox9WQw7;;7;HIGHER_EDU
1922;1762;EzPCR7yQCKFIlHox9WQw7;;3;HIGHER_EDU
1924;1763;OMuZVMEnRN0Pxobg40qda;;7;NA
1926;1764;pOfMUX9wfKebSpCCFidqP;;7;HIGHER_EDU
1926;1764;pOfMUX9wfKebSpCCFidqP;;111;HIGHER_EDU
1926;1764;pOfMUX9wfKebSpCCFidqP;;8;HIGHER_EDU
1927;1765;QFxhXNhHINhUcEinHm788;;7;HIGHER_EDU
1931;1766;8XJbi91JPv4rKORzzO8w2;;8;NA
1931;1766;8XJbi91JPv4rKORzzO8w2;;7;NA
1931;1766;8XJbi91JPv4rKORzzO8w2;;106;NA
1931;1766;8XJbi91JPv4rKORzzO8w2;;3;NA
1931;1767;IIkJWGYUdw9MwUgkX4r7x;;7;NA
1931;1767;IIkJWGYUdw9MwUgkX4r7x;;8;NA
1931;1767;IIkJWGYUdw9MwUgkX4r7x;;106;NA
1931;1767;IIkJWGYUdw9MwUgkX4r7x;;3;NA
1932;1768;eg1HmX_2pqyxc6blb-wOu;;7;HIGHER_EDU
1933;1769;sBlmel_NvKT7kzhqvzBQB;;7;HIGHER_EDU
1935;1770;onBJCrgGOT_XkKzVztrOs;;7;NA
1935;1770;onBJCrgGOT_XkKzVztrOs;;3;NA
1937;1771;M_Es_dJg7aq-LKDkU0n4q;;189;HIGHER_EDU
1937;1771;M_Es_dJg7aq-LKDkU0n4q;;7;HIGHER_EDU
1937;1771;M_Es_dJg7aq-LKDkU0n4q;;6;HIGHER_EDU
1939;1772;TDv5emcFwaREyXTRof05f;;7;HIGHER_EDU
1941;1773;Wq7W9BrDkzN4LjOIP50cc;;7;HIGHER_EDU
1941;1773;Wq7W9BrDkzN4LjOIP50cc;;2;HIGHER_EDU
1941;1773;Wq7W9BrDkzN4LjOIP50cc;;109;HIGHER_EDU
1942;1774;Yap1b_r4_etlscDttz6j5;;7;HIGHER_EDU
1942;1774;Yap1b_r4_etlscDttz6j5;;2;HIGHER_EDU
1943;1775;juI6uuXgPo1PEFStTFdhH;;7;NA
1943;1775;juI6uuXgPo1PEFStTFdhH;;8;NA
1943;1775;juI6uuXgPo1PEFStTFdhH;;7;NA
1943;1775;juI6uuXgPo1PEFStTFdhH;;8;NA
1945;1776;yAljf093xmJ6prA0q_CsC;;7;HIGHER_EDU
1945;1776;yAljf093xmJ6prA0q_CsC;;8;HIGHER_EDU
1947;1777;WQuKB-tezYLn_dvlqoSBX;;7;UNFINISHED_HIGHER_EDU
1949;1778;3_N0wg5C00M_2-BBf-W4-;;7;NA
1949;1778;3_N0wg5C00M_2-BBf-W4-;;2;NA
1951;1779;ji3CpbP6R8H7SUyKeSDD2;;7;NA
1951;1779;ji3CpbP6R8H7SUyKeSDD2;;8;NA
1721;1780;pC0f1N0_hAVempM6k5U3u;;7;NA
1953;1781;8yIXuGWbH3sAIByQH8AA5;;8;NA
1953;1781;8yIXuGWbH3sAIByQH8AA5;;7;NA
1953;1781;8yIXuGWbH3sAIByQH8AA5;;2;NA
1956;1784;616Dq6O1PleluiYhi3i0q;;111;TECHNICAL
1956;1784;616Dq6O1PleluiYhi3i0q;;7;TECHNICAL
1957;1785;-08tmnvZEqg0aBGFNhLfE;;7;NA
1957;1785;-08tmnvZEqg0aBGFNhLfE;;8;NA
1958;1786;OGrdRcX64hlD6BJpNFAFs;;2;NA
1958;1786;OGrdRcX64hlD6BJpNFAFs;;7;NA
1960;1787;u0ed1paSV1jXCLJDxnopQ;;7;NA
1960;1787;u0ed1paSV1jXCLJDxnopQ;;2;NA
1961;1788;uc2qjY5ltP1orIbrPrZFu;;7;NA
1961;1788;uc2qjY5ltP1orIbrPrZFu;;105;NA
1961;1788;uc2qjY5ltP1orIbrPrZFu;;3;NA
1963;1789;XlSrLoB1-o4BhhOCwmA98;;7;NA
1963;1789;XlSrLoB1-o4BhhOCwmA98;;8;NA
1965;1790;UqVW9YXB0NhFg0Yh9J04p;;110;HIGHER_EDU
1965;1790;UqVW9YXB0NhFg0Yh9J04p;;7;HIGHER_EDU
1966;1791;37ac0K5v0TwMCy3ZhDPkI;;7;HIGHER_EDU
1967;1792;sRKybgLDmaXic_o-wlP63;;7;SECONDARY
1967;1792;sRKybgLDmaXic_o-wlP63;;2;SECONDARY
1970;1793;lLeGBf-yCPy-lDiVtlj24;;110;NA
1970;1793;lLeGBf-yCPy-lDiVtlj24;;7;NA
1970;1794;Qc27ITTEU8-MJO3JT8LMH;;110;NA
1970;1794;Qc27ITTEU8-MJO3JT8LMH;;7;NA
1971;1795;6SgSlRCSJifjQg0bOvYYn;;2;NA
1971;1795;6SgSlRCSJifjQg0bOvYYn;;7;NA
1971;1795;6SgSlRCSJifjQg0bOvYYn;;120;NA
1972;1796;nMeigDCyMXcGV7aV9US4N;;7;HIGHER_EDU
1972;1796;nMeigDCyMXcGV7aV9US4N;;5;HIGHER_EDU
1972;1796;nMeigDCyMXcGV7aV9US4N;;109;HIGHER_EDU
604;1797;sv7KxiB6pwU8X6Azwugs3;;7;NA
604;1797;sv7KxiB6pwU8X6Azwugs3;;2;NA
604;1797;sv7KxiB6pwU8X6Azwugs3;;110;NA
1973;1798;U4L3lzGOV-OQbExyAS69n;;114;NA
1974;1799;dxUupYK3eK6QTs5oFxrJw;;110;PRIMARY
1974;1799;dxUupYK3eK6QTs5oFxrJw;;7;PRIMARY
1974;1799;dxUupYK3eK6QTs5oFxrJw;;6;PRIMARY
1976;1800;9VvPXluvsdw4iXA9FDBf4;;7;NA
1977;1801;knYQP90n_4a-guSk101x2;;7;NA
1977;1801;knYQP90n_4a-guSk101x2;;129;NA
1979;1802;abVNGp_fb7fljAqK40Bgh;;7;HIGHER_EDU
1979;1802;abVNGp_fb7fljAqK40Bgh;;2;HIGHER_EDU
1981;1803;YzLSv3s7tQ27ZhVyw3LgC;;7;NA
1983;1804;OY0-Mr8hj23pt6TUHFad8;;7;HIGHER_EDU
1983;1804;OY0-Mr8hj23pt6TUHFad8;;2;HIGHER_EDU
1989;1805;3IFfcodpF40BvmJqsvyCr;;7;NA
1989;1805;3IFfcodpF40BvmJqsvyCr;;109;NA
1989;1805;3IFfcodpF40BvmJqsvyCr;;2;NA
1990;1806;lSbrBtSo2kSnr8ysBseTq;;7;NA
1990;1806;lSbrBtSo2kSnr8ysBseTq;;183;NA
1992;1807;jcZjq1wuXFhfZCOVHEYjh;;7;NA
1994;1808;Awims9wpyFDU3Cl2Z9OsW;;2;HIGHER_EDU
1994;1808;Awims9wpyFDU3Cl2Z9OsW;;7;HIGHER_EDU
1996;1809;E9y0bUKaPkUuzLstJa0OE;;7;NA
1996;1809;E9y0bUKaPkUuzLstJa0OE;;8;NA
1990;1810;xnqcshvI-EW1sDMdp3tNy;;7;NA
1990;1810;xnqcshvI-EW1sDMdp3tNy;;183;NA
2001;1811;1pMJDOh5wDWAK2HCA18ci;;6;NA
2003;1812;rtY9qdkndcqkpUx4vBQWW;;7;NA
2007;1813;AsQw7KUbG-Xyo6NhC207E;;7;HIGHER_EDU
2008;1814;DUl9c6ZXhSa8xZ_SwtO8M;;7;NA
2008;1814;DUl9c6ZXhSa8xZ_SwtO8M;;140;NA
2008;1814;DUl9c6ZXhSa8xZ_SwtO8M;;2;NA
2008;1815;PvmTGtOKOJaeVKRlj_H2x;;7;HIGHER_EDU
2008;1815;PvmTGtOKOJaeVKRlj_H2x;;140;HIGHER_EDU
2008;1815;PvmTGtOKOJaeVKRlj_H2x;;2;HIGHER_EDU
2005;1816;v9rSjtnukqgk7dW5fB2-b;;7;HIGHER_EDU
2010;1817;fAn_loOVXSm1TnqaMz_7M;;7;NA
2010;1817;fAn_loOVXSm1TnqaMz_7M;;8;NA
2012;1818;uBEqGWGD98e1o-paZLLXu;;7;HIGHER_EDU
2012;1818;uBEqGWGD98e1o-paZLLXu;;105;HIGHER_EDU
2014;1819;WYNwIg2eYR8JwXQuZEPyc;;7;HIGHER_EDU
2014;1819;WYNwIg2eYR8JwXQuZEPyc;;105;HIGHER_EDU
2014;1819;WYNwIg2eYR8JwXQuZEPyc;;110;HIGHER_EDU
2017;1821;bcH84qWLLTgZpy5yWPlth;;7;NA
2017;1821;bcH84qWLLTgZpy5yWPlth;;105;NA
2017;1822;5DHUkyHFTUQ1-9Zz9P7hM;;7;HIGHER_EDU
2017;1822;5DHUkyHFTUQ1-9Zz9P7hM;;105;HIGHER_EDU
2018;1823;geBc_TP1wdDzfPKxXAskg;;133;NA
2018;1823;geBc_TP1wdDzfPKxXAskg;;7;NA
2020;1824;NiHVKA4HXvw7cxwQej5Wx;;114;HIGHER_EDU
2020;1824;NiHVKA4HXvw7cxwQej5Wx;;7;HIGHER_EDU
2020;1824;NiHVKA4HXvw7cxwQej5Wx;;2;HIGHER_EDU
2021;1825;y3EJ3AMEw4EEEf4wzpugF;;7;NA
2021;1825;y3EJ3AMEw4EEEf4wzpugF;;2;NA
2023;1826;KEkeSk-s55m6VP-h6Oeae;;7;HIGHER_EDU
2025;1827;Nen0-CM9kPoQQiEdI_10g;;7;NA
2027;1828;sUGD-B7MV5NtlC0ruB9YN;;7;NA
2027;1828;sUGD-B7MV5NtlC0ruB9YN;;109;NA
2028;1829;TUE_yfjVAk4i7uHsGhJz_;;7;NA
2032;1830;ysKdOZbCEQtdKmtZnDuF0;;7;HIGHER_EDU
2032;1830;ysKdOZbCEQtdKmtZnDuF0;;2;HIGHER_EDU
2038;1831;ivKQOgm-nCPO92m1waGpt;;7;PHD
2038;1831;ivKQOgm-nCPO92m1waGpt;;7;PHD
2039;1832;9YZHTGEEHea2EnRnBaY83;;7;HIGHER_EDU
2039;1832;9YZHTGEEHea2EnRnBaY83;;2;HIGHER_EDU
2039;1832;9YZHTGEEHea2EnRnBaY83;;111;HIGHER_EDU
2036;1833;6xAcEiBaH0rM7v4x02T5u;;2;NA
2036;1833;6xAcEiBaH0rM7v4x02T5u;;7;NA
2041;1834;#NAZWA?;;7;NA
2042;1835;F1o75tc1wvFeD3WFFvglC;;7;NA
2043;1836;Av3o_3NnBgu9NLvCTlEkc;;7;NA
2047;1837;pX80YM23lUD06DOQJn3QY;;7;UNFINISHED_HIGHER_EDU
2049;1838;bfN6auTQ7-rcUob7d82bI;;7;HIGHER_EDU
2053;1839;kw6zxrZPmfbmBJ52Cm21l;;7;HIGHER_EDU
2055;1840;PlV41CVUylOoxHDqZmmfW;;7;HIGHER_EDU
2055;1840;PlV41CVUylOoxHDqZmmfW;;2;HIGHER_EDU
2056;1841;TlE2WOnRxLjAfwLyPUXY3;;129;NA
2056;1841;TlE2WOnRxLjAfwLyPUXY3;;7;NA
2056;1841;TlE2WOnRxLjAfwLyPUXY3;;6;NA
2058;1842;999tA37H9_UJlKBX7Bn_8;;7;HIGHER_EDU
2059;1843;qx7QFKzAKk-80EFr2JLVC;;7;HIGHER_EDU
2059;1843;qx7QFKzAKk-80EFr2JLVC;;113;HIGHER_EDU
2060;1844;zzNqNnEI1jp9MKyD5Vl1s;;7;HIGHER_EDU
2062;1845;_RaPxu5_Mhf5Nfp9WlOGk;;7;NA
2064;1846;8x6F_qPbuyGYGnc-qehWA;;7;SECONDARY
2065;1847;g-lE0fCtzQ5fDpLm0ucvR;;7;NA
2066;1848;Sahbo-vp4ca2mkGv3Ckqu;;7;NA
2066;1848;Sahbo-vp4ca2mkGv3Ckqu;;2;NA
2068;1849;7sQHNN6-OU1tb-JRqBUaE;;7;NA
2072;1850;9a5O0lI4Bcbgwai4fhf_a;;7;NA
2070;1851;0T9HVXHKiMhtSqed9U18B;;7;UNFINISHED_HIGHER_EDU
2066;1852;T8kkBqP7UE5-DXhhjD3hh;;7;NA
2073;1853;E4ReMN-tH986hciNQOJgm;;7;HIGHER_EDU
2075;1854;9T-PSXN0vBHN66-Mk2Rmo;;2;HIGHER_EDU
2075;1854;9T-PSXN0vBHN66-Mk2Rmo;;7;HIGHER_EDU
2075;1854;9T-PSXN0vBHN66-Mk2Rmo;;110;HIGHER_EDU
2077;1855;OeSbBrpZwCHSLApsAi7G9;;7;NA
2079;1856;IL7SX2fzqsBVJOSKs21PR;;7;NA
2083;1857;02FYqjwKUHUmkC1zAFRxH;;7;HIGHER_EDU
2085;1858;dJZQ27q4_YBMlREcROKoN;;7;NA
2087;1859;N-Zl6Uh0zSfVDtPfw1Lfj;;7;HIGHER_EDU
2089;1860;rKsYWB6sEP1Dgm_8aijd0;;7;SECONDARY
2089;1860;rKsYWB6sEP1Dgm_8aijd0;;109;SECONDARY
2091;1861;gBfAN02_1vUILuVGW8zgJ;;7;UNFINISHED_HIGHER_EDU
2093;1862;bL0w3H7A6YmvbH_kq8Zva;;7;HIGHER_EDU
2093;1863;loC4V1pciSObJ_zkzq5qe;;7;NA
2081;1864;avOrX8AsJ1kQght0W4DaX;;7;HIGHER_EDU
2094;1865;GRgkMIHTWswXDnZvRIDzw;;7;HIGHER_EDU
2094;1865;GRgkMIHTWswXDnZvRIDzw;;125;HIGHER_EDU
2094;1865;GRgkMIHTWswXDnZvRIDzw;;110;HIGHER_EDU
2094;1865;GRgkMIHTWswXDnZvRIDzw;;107;HIGHER_EDU
2094;1865;GRgkMIHTWswXDnZvRIDzw;;2;HIGHER_EDU
2095;1866;azW1c_GHGx2CGexFYFvUs;;7;HIGHER_EDU
2095;1866;azW1c_GHGx2CGexFYFvUs;;105;HIGHER_EDU
2095;1866;azW1c_GHGx2CGexFYFvUs;;2;HIGHER_EDU
2097;1867;KhipMrJlUz8l9gEyM3lDG;;7;SECONDARY
2099;1868;dfxvdW7Anc--trQkbcqyi;;7;NA
2100;1869;pTAC8xW_mAdihbi0LfObV;;7;NA
2102;1870;Ze6VlT1dGWve8vr3pHJ7F;;7;SECONDARY
2104;1871;sLtmCrKsk-jhUpaCu8LbY;;7;SECONDARY
2104;1871;sLtmCrKsk-jhUpaCu8LbY;;6;SECONDARY
2106;1872;GfA6-e4mI6HILE1ArhrXZ;;7;NA
2108;1873;mEbX4aU1Dn9ejdxn804Pz;;7;NA
2110;1874;6AUwgFxBtDEUbf0uyo2kg;;7;NA
2112;1875;ks0CZiHDO0vmNxF__r3N_;;7;NA
2115;1877;kWoFZAVDt3mUcWk05et8w;;7;NA
2117;1878;oEU45oTZ8aQM9kQRgo7wV;;7;NA
2118;1879;19EMGfHJ3D_ugimutdZb1;;7;NA
2118;1879;19EMGfHJ3D_ugimutdZb1;;8;NA
2120;1880;VT81_rWbAqpUXi64v_Y3P;;7;HIGHER_EDU
2122;1881;QY5C03Jhxmk7n7_3Ol8s3;;7;HIGHER_EDU
2122;1881;QY5C03Jhxmk7n7_3Ol8s3;;119;HIGHER_EDU
2123;1882;xFbfrnrsj_yqkaDqi05ru;;7;SECONDARY
2125;1883;8FHtWvuvTzYGuKxTjCCzC;;7;SECONDARY
2125;1883;8FHtWvuvTzYGuKxTjCCzC;;2;SECONDARY
2127;1884;I1GXkj1ZPE5QUeodi5pPr;;7;HIGHER_EDU
2129;1885;3v3Vks-K8qBHIhr5TCmQw;;6;TECHNICAL
2129;1885;3v3Vks-K8qBHIhr5TCmQw;;7;TECHNICAL
2133;1887;uBlY7E1aUOZbImqgcY8r0;;7;HIGHER_EDU
2133;1887;uBlY7E1aUOZbImqgcY8r0;;2;HIGHER_EDU
2133;1887;uBlY7E1aUOZbImqgcY8r0;;108;HIGHER_EDU
2134;1888;mRBzuIyvK3J-RmwLxJ3y-;;7;HIGHER_EDU
2136;1889;9S9BZDasSVWNrHVMofB4S;;7;HIGHER_EDU
2136;1889;9S9BZDasSVWNrHVMofB4S;;108;HIGHER_EDU
2136;1889;9S9BZDasSVWNrHVMofB4S;;2;HIGHER_EDU
2137;1890;F2Erem9_4mngA--LE9Yos;;7;NA
2140;1891;rjB4Nrh6Ij7N6T4FtapUk;;7;NA
2140;1891;rjB4Nrh6Ij7N6T4FtapUk;;2;NA
2141;1892;36LF8SsxYyCkpB0o5YNLD;;7;HIGHER_EDU
2141;1892;36LF8SsxYyCkpB0o5YNLD;;2;HIGHER_EDU
2143;1893;iyo3N8b8l5OkvrvScE0d3;;7;HIGHER_EDU
2145;1894;rf4XF5zzte-6BchInoeNZ;;7;NA
2147;1895;Pgp3qFs8UKLZU57_j5vcA;;7;UNFINISHED_HIGHER_EDU
2147;1895;Pgp3qFs8UKLZU57_j5vcA;;2;UNFINISHED_HIGHER_EDU
2149;1896;2FHLK3mSzuRzAwmMSEB80;;7;NA
2150;1897;qKbkJcwJ2O_kQwLKyvq2h;;7;HIGHER_EDU
2152;1898;feEN_iG2JkMD9m7CVjimM;;7;HIGHER_EDU
2154;1899;7WABIU2gGL_EErA8y04Rs;;7;HIGHER_EDU
2156;1900;xtq_kXWRpN3W2ODPiVCL_;;7;NA
2159;1901;ROFyhFehSMmYtjm9KYgTb;;111;HIGHER_EDU
2159;1901;ROFyhFehSMmYtjm9KYgTb;;7;HIGHER_EDU
2159;1901;ROFyhFehSMmYtjm9KYgTb;;2;HIGHER_EDU
2160;1902;Ejms9J6G4G3Q6zI--uIIX;;7;NA
2160;1902;Ejms9J6G4G3Q6zI--uIIX;;2;NA
2157;1903;pYjMnQs0g9CVr6aqdq7sM;;7;NA
2162;1904;MvZUopfR0xFKmt8sudnX3;;7;NA
2162;1904;MvZUopfR0xFKmt8sudnX3;;110;NA
2163;1905;aK7VE6MwSmshk7FACJmZC;;7;HIGHER_EDU
2165;1906;qNlkf8sf4Qgp_pESdP3i1;;7;NA
2166;1907;OqQlExn56iQDu1FgSmfmr;;2;NA
2166;1907;OqQlExn56iQDu1FgSmfmr;;7;NA
2167;1908;K1hhf2aXC8zUPNyKhjzvw;;7;HIGHER_EDU
2168;1909;m8jU62LDJGYB_Isgl_HHq;;3;NA
2168;1909;m8jU62LDJGYB_Isgl_HHq;;7;NA
2169;1910;FUOUgz8PAznIQoIOpuYZ3;;7;HIGHER_EDU
2172;1911;1M4DOG0O78nRX8XTq8DzP;;7;HIGHER_EDU
2174;1912;aosU1joqRFFBB2c0oZwCi;;7;NA
2176;1913;zZLxthVi67cuLEE_lG92x;;7;HIGHER_EDU
2176;1914;I35HdsDfrf6quzrJktpOX;;7;NA
2177;1915;7B1NsmHKO_OqvudhV27cR;;2;HIGHER_EDU
2177;1915;7B1NsmHKO_OqvudhV27cR;;7;HIGHER_EDU
2179;1916;mM1WUDTMvTs8VIB3rYxW9;;7;NA
2182;1917;XkHZkMovv3krAwEG00pY6;;7;NA
2184;1918;HeGFRBaN2nznSE2fsZK0m;;7;HIGHER_EDU
2184;1918;HeGFRBaN2nznSE2fsZK0m;;2;HIGHER_EDU
2186;1919;zdU_3L6yPuSQIm094DNsf;;7;HIGHER_EDU
2185;1920;XMa-6K-9JtoT7t4LEgHPR;;7;NA
2187;1921;4PL_SocIiqOnQagOWrL3H;;7;NA
2187;1921;4PL_SocIiqOnQagOWrL3H;;129;NA
2187;1921;4PL_SocIiqOnQagOWrL3H;;2;NA
2189;1922;fcVlX_foL7-gKFE8cLrSw;;7;NA
2190;1923;6IOQlnjWQuAO2grQcAuaz;;7;NA
2190;1923;6IOQlnjWQuAO2grQcAuaz;;106;NA
2190;1923;6IOQlnjWQuAO2grQcAuaz;;3;NA
2192;1924;2fA3Zdr9byrjJ63SgRPr0;;7;NA
2192;1924;2fA3Zdr9byrjJ63SgRPr0;;110;NA
2192;1924;2fA3Zdr9byrjJ63SgRPr0;;2;NA
2192;1924;2fA3Zdr9byrjJ63SgRPr0;;3;NA
2194;1925;BwiqrhafoaKyvGBhTFhsK;;7;HIGHER_EDU
2195;1926;9qYr0SWyz--61ShEnt7O3;;7;UNFINISHED_HIGHER_EDU
2197;1927;oyXync-_zFz8mOA9AI9ca;;7;HIGHER_EDU
2197;1927;oyXync-_zFz8mOA9AI9ca;;2;HIGHER_EDU
2198;1928;8CjJolTsusWS4edv5LToZ;;7;NA
1583;1929;zkrgqPdAYSx4sHXIEby_u;;7;NA
1583;1929;zkrgqPdAYSx4sHXIEby_u;;142;NA
1583;1929;zkrgqPdAYSx4sHXIEby_u;;3;NA
2199;1930;q8C4e7Aijmz8u3ZYz_FYM;;7;HIGHER_EDU
2200;1931;w-xZU-trVYyk_iSeoxtqe;;7;NA
2203;1932;scwbTQIm5dpfG178dpcQp;;7;SECONDARY
2202;1933;iH20nyypR4GXNjwOYj3Vq;;7;HIGHER_EDU
2205;1934;bMEbPsij1chYfD0xgg8fv;;7;HIGHER_EDU
2207;1935;NRAPgORtwTjuoM9Vlt6I_;;7;NA
2207;1935;NRAPgORtwTjuoM9Vlt6I_;;2;NA
2209;1936;9RD-wrcQSZNf_23TbRQRx;;7;HIGHER_EDU
2210;1937;jwR8yMvTJ9su3k-Fr7UCy;;7;NA
2211;1938;qlQnj5JH_h339rVLDRvrR;;7;HIGHER_EDU
2211;1938;qlQnj5JH_h339rVLDRvrR;;6;HIGHER_EDU
2213;1939;vOuTVPSv8CHEWoAM2IBjO;;7;HIGHER_EDU
2214;1940;TecHpMMLlPDMCxYMaV69Y;;7;HIGHER_EDU
2214;1940;TecHpMMLlPDMCxYMaV69Y;;3;HIGHER_EDU
2215;1941;XIr4-7k5nN9Kvm6N1ZCEN;;7;NA
2217;1942;emxw-YXoeYR3tl7A6TJ9K;;7;NA
2219;1943;qCbmgrWQp4eyIvkzR6JWW;;7;NA
2221;1944;Z8hS5sp_fkov6OpMIfeVZ;;7;NA
2221;1944;Z8hS5sp_fkov6OpMIfeVZ;;111;NA
2223;1945;TN4jf63e7xCRJKuRBez7b;;7;NA
2224;1946;D14QbFRCGCrkHHRa5BqUn;;7;NA
2224;1946;D14QbFRCGCrkHHRa5BqUn;;111;NA
2224;1946;D14QbFRCGCrkHHRa5BqUn;;2;NA
2225;1947;ARjdmQnFg4y-mXwsXJXgl;;7;PRIMARY
2225;1947;ARjdmQnFg4y-mXwsXJXgl;;112;PRIMARY
2226;1948;vPNy77SmknK1ayst4I6rS;;3;HIGHER_EDU
2228;1949;ZZnKTWcosfRls2uZy6BD9;;7;UNFINISHED_HIGHER_EDU
2230;1950;hkqudDQW2x1Behx249hq7;;7;NA
2230;1951;kXFaEVJdZbn_JFx-uf5Gu;;110;NA
2232;1952;VqebOT4crxP0QG9MQpQt_;;7;HIGHER_EDU
2234;1953;zY2eB27rA_0bPb2gpJ-sK;;2;NA
2236;1954;zBmyT-yG59-XUFLhZ-FsK;;7;HIGHER_EDU
2237;1955;BQONZajW5Dk0wcVz7sf_3;;7;HIGHER_EDU
2240;1956;E85vFRFTBsV1Ifp_B_79z;;7;SECONDARY
2240;1956;E85vFRFTBsV1Ifp_B_79z;;2;SECONDARY
2242;1957;Uge0SVNysIzB7q_D-MXS7;;6;HIGHER_EDU
2243;1958;l4prOfwipTtVbBC9G3vTv;;7;NA
2243;1958;l4prOfwipTtVbBC9G3vTv;;131;NA
2243;1958;l4prOfwipTtVbBC9G3vTv;;3;NA
2245;1959;xfaf70VnLGvSwvXf1DaOv;;7;NA
2246;1960;Rmh1dTFt0B8V9keO5IfP3;;7;HIGHER_EDU
2248;1961;Fj3AVy_ZYR4pYEYas-rul;;7;HIGHER_EDU
2249;1962;KHJnPmJb1C_K5gSpbHqpd;;7;NA
2250;1963;TemxhTjhrgzc6eSJnIvWF;;2;NA
2250;1963;TemxhTjhrgzc6eSJnIvWF;;7;NA
2251;1964;_vVDJn6IgzoGbuOmeqxhg;;7;HIGHER_EDU
2251;1965;RN-Z7jDMcYdHYeM8kPSWX;;7;NA
2252;1966;Vt5k29knAANwGeaNNId2W;;2;NA
2252;1966;Vt5k29knAANwGeaNNId2W;;7;NA
2254;1967;JLuTMf4iB8XT8boJ3Ba1v;;7;NA
2254;1967;JLuTMf4iB8XT8boJ3Ba1v;;107;NA
2257;1968;FwnoiR3AxtFQ3QdzAL67O;;7;NA
2259;1969;PRU4coJ0chfdr7U5dZL_b;;7;UNFINISHED_HIGHER_EDU
2260;1970;WSnm1XfAT-49xANY0VnsY;;7;NA
2034;1971;aQvyGjhS3AsfVdC10scWS;;7;HIGHER_EDU
2261;1972;Vkt4nVXyI9sf9ctFulk2j;;7;NA
2261;1972;Vkt4nVXyI9sf9ctFulk2j;;4;NA
2262;1973;UkzjtbhebIv1SNnwGuDUy;;7;NA
2262;1973;UkzjtbhebIv1SNnwGuDUy;;4;NA
2263;1974;#NAZWA?;;7;NA
2265;1975;rAAq8cnrzOvKTYSfLkgFv;;2;NA
2266;1976;tniyJr_5OCaQEsMgsBuQO;;7;UNFINISHED_HIGHER_EDU
2266;1976;tniyJr_5OCaQEsMgsBuQO;;3;UNFINISHED_HIGHER_EDU
2267;1977;6ewRqWNYAwNb2-QwEdBcN;;7;HIGHER_EDU
2267;1977;6ewRqWNYAwNb2-QwEdBcN;;4;HIGHER_EDU
2268;1978;uNO2Cj0fSIUv0VeqJyuX2;;7;NA
2269;1979;rEg92ILpYXZTescgSzuJm;;7;NA
2269;1979;rEg92ILpYXZTescgSzuJm;;2;NA
2271;1980;gysbUGX0k8ztqb7Fpc52G;;7;NA
2271;1980;gysbUGX0k8ztqb7Fpc52G;;2;NA
2273;1981;#NAZWA?;;7;HIGHER_EDU
2275;1982;0OIxL2jf4VKfLc68j7k2M;;7;UNFINISHED_HIGHER_EDU
2275;1982;0OIxL2jf4VKfLc68j7k2M;;2;UNFINISHED_HIGHER_EDU
785;1983;iG8y700OVqGbnf9zK_hIg;;7;HIGHER_EDU
785;1983;iG8y700OVqGbnf9zK_hIg;;107;HIGHER_EDU
2276;1984;NGE_BBc4XeJfgKVzD0WEF;;2;NA
2276;1984;NGE_BBc4XeJfgKVzD0WEF;;7;NA
2277;1985;wiPQZwpBSzywcve6C0381;;7;NA
2277;1985;wiPQZwpBSzywcve6C0381;;2;NA
2279;1986;RaGgyqpsD4GKyTmPTsxLJ;;7;HIGHER_EDU
2279;1986;RaGgyqpsD4GKyTmPTsxLJ;;2;HIGHER_EDU
2283;1987;2CcqS__VycTWobOa8IkMK;;7;HIGHER_EDU
2283;1987;2CcqS__VycTWobOa8IkMK;;114;HIGHER_EDU
2284;1988;0hB8NtV1yD-H2tGnPZO8C;;7;HIGHER_EDU
2284;1988;0hB8NtV1yD-H2tGnPZO8C;;114;HIGHER_EDU
2285;1989;XJ5wHHe7RcC9n6-OYRJ37;;7;NA
2285;1989;XJ5wHHe7RcC9n6-OYRJ37;;114;NA
2287;1990;CRE4gLftG_y9uOzyB-14K;;7;NA
2289;1991;zI-850R6KIGdGXOkScKbm;;7;HIGHER_EDU
2289;1991;zI-850R6KIGdGXOkScKbm;;114;HIGHER_EDU
2289;1991;zI-850R6KIGdGXOkScKbm;;3;HIGHER_EDU
2291;1992;6I4c2yBSkAN396dCo-gFR;;7;NA
2292;1993;jEPnuo4EVfdjNIvnJQfv_;;114;NA
2292;1993;jEPnuo4EVfdjNIvnJQfv_;;7;NA
2292;1993;jEPnuo4EVfdjNIvnJQfv_;;3;NA
2294;1994;ZsPaCi6bztx9FRCqWgASI;;7;HIGHER_EDU
2297;1995;fFoWNQnf5NpQ3uNeP3i0y;;7;NA
2298;1996;bMOdqnMBeSU9ZUg5dAPVF;;7;NA
2298;1996;bMOdqnMBeSU9ZUg5dAPVF;;2;NA
2300;1997;R4FT7dGYf5i02Wr5e10wj;;7;HIGHER_EDU
2301;1998;GFEPTpw_XqLlNW7UERf0G;;2;NA
2303;1999;xca2BetUiv9hDBRT_KerE;;7;HIGHER_EDU
2303;1999;xca2BetUiv9hDBRT_KerE;;3;HIGHER_EDU
2307;2000;r0PWDem7ZvZJ3dZsAE7cF;;7;NA
2307;2000;r0PWDem7ZvZJ3dZsAE7cF;;2;NA
2305;2001;XMmuwoIsua1HFKqfWIs-y;;7;HIGHER_EDU
2305;2001;XMmuwoIsua1HFKqfWIs-y;;3;HIGHER_EDU
2309;2002;Bvt5cRzOfzvCVqoRB-W-J;;7;SECONDARY
2309;2002;Bvt5cRzOfzvCVqoRB-W-J;;3;SECONDARY
2309;2002;Bvt5cRzOfzvCVqoRB-W-J;;110;SECONDARY
2312;2003;ZOOYq1Bwsg0Q7yYGZerjq;;7;NA
2312;2003;ZOOYq1Bwsg0Q7yYGZerjq;;3;NA
2314;2004;kPLXC-nK3dKkhwR7AM7JM;;7;HIGHER_EDU
2318;2005;zKNVL3fkfOq6qkj67v3Jq;;7;HIGHER_EDU
2316;2006;xXzVMokfvu9y0bUhYlZqa;;7;NA
2316;2006;xXzVMokfvu9y0bUhYlZqa;;114;NA
2323;2008;tl0jPVG6d7jh7O9PhOy5v;;7;HIGHER_EDU
2323;2008;tl0jPVG6d7jh7O9PhOy5v;;2;HIGHER_EDU
2324;2009;XZiLrGfUQHzxSSz4Ehd6X;;110;NA
2324;2009;XZiLrGfUQHzxSSz4Ehd6X;;6;NA
2324;2010;E2VU-KOm0MUpjp-L96EUx;;110;NA
2325;2011;OiG_u3J4tPC56ZDyFfd_O;;2;HIGHER_EDU
2325;2011;OiG_u3J4tPC56ZDyFfd_O;;7;HIGHER_EDU
2331;2012;Pk46EyE7b7mQynIwYDI-U;;110;NA
2331;2012;Pk46EyE7b7mQynIwYDI-U;;7;NA
2332;2013;FEv9bQmad25d_4Wty0UHo;;109;NA
2332;2013;FEv9bQmad25d_4Wty0UHo;;7;NA
2332;2013;FEv9bQmad25d_4Wty0UHo;;6;NA
2333;2014;PVztcjVITVvsPNGfPQsR9;;114;NA
2333;2014;PVztcjVITVvsPNGfPQsR9;;7;NA
2333;2014;PVztcjVITVvsPNGfPQsR9;;2;NA
2327;2015;Y8rJcUFo9LprMgtBKkNkN;;2;NA
2327;2015;Y8rJcUFo9LprMgtBKkNkN;;7;NA
2335;2016;F784OOnsoXMcL-020xgYA;;2;NA
2337;2017;7xCH1TyFmNRwvv_C8l3ys;;7;HIGHER_EDU
2337;2017;7xCH1TyFmNRwvv_C8l3ys;;8;HIGHER_EDU
2339;2018;kQWm2m88Qu4CWB7CMPTlK;;7;HIGHER_EDU
2339;2018;kQWm2m88Qu4CWB7CMPTlK;;105;HIGHER_EDU
2339;2018;kQWm2m88Qu4CWB7CMPTlK;;3;HIGHER_EDU
2341;2019;pImexPfKemtACW8UrObop;;2;NA
2342;2020;xhQZ2CvLVEX5aWN2nTaI9;;7;HIGHER_EDU
2342;2020;xhQZ2CvLVEX5aWN2nTaI9;;5;HIGHER_EDU
2343;2021;t-9MP91sNcOlHaSah3vFL;;7;HIGHER_EDU
2343;2021;t-9MP91sNcOlHaSah3vFL;;8;HIGHER_EDU
2344;2022;9apFLZXbgMRBWrQbbNwgv;;105;NA
2344;2022;9apFLZXbgMRBWrQbbNwgv;;7;NA
2345;2023;k0cUO3tisptTaYJXiznuq;;7;NA
2347;2024;LOvCbZWKthSQ_D9PZPIT4;;7;NA
2349;2025;fPOlMBgf_2KMvRqHSLsuv;;7;NA
2349;2025;fPOlMBgf_2KMvRqHSLsuv;;114;NA
2349;2026;E8t27Vt7hYn61AXmtHsyS;;7;HIGHER_EDU
2349;2026;E8t27Vt7hYn61AXmtHsyS;;114;HIGHER_EDU
2351;2027;Ih7SGDo-87gORO0q9AQGw;;117;NA
2351;2027;Ih7SGDo-87gORO0q9AQGw;;3;NA
2353;2028;rZht-zfb7yHh5Zxud-A0-;;2;HIGHER_EDU
2353;2028;rZht-zfb7yHh5Zxud-A0-;;7;HIGHER_EDU
2356;2029;lG-Xmr12pWcriBGhimfRj;;7;NA
2356;2029;lG-Xmr12pWcriBGhimfRj;;142;NA
2356;2029;lG-Xmr12pWcriBGhimfRj;;2;NA
2358;2030;Kz7_kS0sk67SMgg7RjQ7J;;2;SECONDARY
2358;2030;Kz7_kS0sk67SMgg7RjQ7J;;7;SECONDARY
2362;2031;NBv3SMJCk-aeSAT8la7NF;;7;NA
2362;2031;NBv3SMJCk-aeSAT8la7NF;;142;NA
2362;2031;NBv3SMJCk-aeSAT8la7NF;;6;NA
2365;2032;UTNZ2-ATo9BwIz5fWnN9c;;7;HIGHER_EDU
2365;2032;UTNZ2-ATo9BwIz5fWnN9c;;6;HIGHER_EDU
2365;2032;UTNZ2-ATo9BwIz5fWnN9c;;130;HIGHER_EDU
2365;2032;UTNZ2-ATo9BwIz5fWnN9c;;158;HIGHER_EDU
2367;2033;VndJpLvFCWBFTmMoyONaV;;2;PHD
2367;2033;VndJpLvFCWBFTmMoyONaV;;7;PHD
2369;2034;UZQGxsVbNHogGJN7Qtl73;;7;HIGHER_EDU
2369;2034;UZQGxsVbNHogGJN7Qtl73;;114;HIGHER_EDU
2369;2034;UZQGxsVbNHogGJN7Qtl73;;3;HIGHER_EDU
2300;2035;D4H-xX8BCmmtHSYbZ0IzF;;110;NA
2300;2035;D4H-xX8BCmmtHSYbZ0IzF;;7;NA
2374;2036;FViIzHEprimpHfs0lgt7M;;7;HIGHER_EDU
2374;2036;FViIzHEprimpHfs0lgt7M;;110;HIGHER_EDU
2374;2036;FViIzHEprimpHfs0lgt7M;;6;HIGHER_EDU
2376;2037;W7oPIvCSnXmWqD1ff560s;;7;NA
2378;2038;MAZLF8miOCAO3MpiVxV7V;;7;NA
2378;2038;MAZLF8miOCAO3MpiVxV7V;;107;NA
2380;2039;B6VIyxl0CRjSPoTXWohhj;;2;NA
2383;2040;a6QGir97hfassdxIff9Sf;;7;NA
2381;2041;gjehMehXJN--A-8FzuaKo;;7;NA
2384;2042;8wAJ1VsSXomgvyGubSJwb;;7;HIGHER_EDU
2384;2042;8wAJ1VsSXomgvyGubSJwb;;110;HIGHER_EDU
2385;2043;UzZJoUUPXMRqo4FmPRXX_;;7;HIGHER_EDU
2387;2044;Lfd5oz-JHk5QF4AMaiomN;;7;HIGHER_EDU
2389;2045;t142PDQ9eAopfZQZQ8DZJ;;7;SECONDARY
2391;2046;XLwR7k2_farW4zavT8FkX;;7;NA
2391;2046;XLwR7k2_farW4zavT8FkX;;3;NA
2391;2047;wDFst4gLkfG37fnIfJpdV;;7;NA
2391;2047;wDFst4gLkfG37fnIfJpdV;;3;NA
2393;2048;C-5BVkVA5OzNKueTXISY5;;7;SECONDARY
2393;2048;C-5BVkVA5OzNKueTXISY5;;6;SECONDARY
2393;2048;C-5BVkVA5OzNKueTXISY5;;8;SECONDARY
2394;2049;IBuV7yIbpr-dueRFicRbc;;7;PHD
2394;2049;IBuV7yIbpr-dueRFicRbc;;109;PHD
2395;2050;45RRft6G7uhJZYNgQMOiI;;7;NA
2396;2051;GXHo5-7LpITB6mra0lC1S;;7;SECONDARY
2396;2051;GXHo5-7LpITB6mra0lC1S;;110;SECONDARY
2398;2052;rayd8U4wRB0ywi6dVJq_h;;7;HIGHER_EDU
2398;2052;rayd8U4wRB0ywi6dVJq_h;;2;HIGHER_EDU
2400;2053;G5e8RXhgr0k3nRKzWjtU6;;7;SECONDARY
2403;2054;7O472zM-QXtd0idXgIlvM;;7;NA
2402;2055;2k1BtMCrao5LaRqXajF8N;;7;NA
2402;2055;2k1BtMCrao5LaRqXajF8N;;2;NA
2405;2056;6ibEIY7zQZ67bmc8JiLd-;;7;NA
2407;2057;#NAZWA?;;7;NA
2408;2058;h6mXiR9SVYizySAvsJtNs;;7;SECONDARY
2411;2060;oioQj1YTZ72uPa7prG1lN;;7;NA
2411;2060;oioQj1YTZ72uPa7prG1lN;;2;NA
2414;2061;u3VpE_RPpKLiMMz58t-kr;;7;HIGHER_EDU
2414;2061;u3VpE_RPpKLiMMz58t-kr;;2;HIGHER_EDU
2415;2062;ieeABbKzLFIFjYjuc69ks;;7;NA
2417;2063;JyXXLbFawrEHQcVZStrZ9;;7;TECHNICAL
2417;2063;JyXXLbFawrEHQcVZStrZ9;;2;TECHNICAL
1202;2064;n--Nr5IguEgDNXQr9lJuU;;7;NA
2415;2065;tgKJfyByY-UvAFl_CMReq;;7;NA
2415;2065;tgKJfyByY-UvAFl_CMReq;;2;NA
2419;2066;Qs21lWNhqWzIdqQSpV0zM;;7;NA
2421;2067;bDISW_aFUJd-7iQFRfvvB;;7;NA
2417;2068;B4fDjkaBqnquRMXp3bChA;;7;NA
2423;2069;0O2CFIGQd_NQXfWz-GAYD;;7;HIGHER_EDU
2427;2070;hNsqwJv7pJJqcwBRhuo-c;;7;NA
2425;2071;gUZJ_-j_fqBI7_rfA13_L;;7;NA
2425;2071;gUZJ_-j_fqBI7_rfA13_L;;110;NA
2425;2072;4YDymVa4K07SyP99n1nlI;;7;HIGHER_EDU
2425;2072;4YDymVa4K07SyP99n1nlI;;110;HIGHER_EDU
2428;2073;vznnXHOiirvEEtu0SPqjq;;7;NA
2428;2073;vznnXHOiirvEEtu0SPqjq;;2;NA
2428;2074;7TmItnxQqRrA6iaRtb3L1;;7;HIGHER_EDU
2428;2074;7TmItnxQqRrA6iaRtb3L1;;2;HIGHER_EDU
2430;2075;sS_Jn-qnFhYC4FiIaz6TU;;7;HIGHER_EDU
2431;2076;wd1f7jfXA7ZCpTujg4vTr;;7;NA
2433;2077;UUXdg9piZjdSsm5ztwUGi;;7;NA
2435;2078;98xrM9J3tv7wS3dqktexL;;7;NA
2441;2079;cDW6DA8rWUUlXDmISxPIu;;7;NA
2439;2080;xM0v3LXPwFcABcsPB6fNg;;7;HIGHER_EDU
2439;2080;xM0v3LXPwFcABcsPB6fNg;;6;HIGHER_EDU
2437;2081;2n_FdiCcygmF--CuhpeSc;;7;HIGHER_EDU
2442;2082;ceBLnCSaIqoWy_gyM4YH7;;7;NA
2442;2082;ceBLnCSaIqoWy_gyM4YH7;;115;NA
2442;2082;ceBLnCSaIqoWy_gyM4YH7;;129;NA
2442;2082;ceBLnCSaIqoWy_gyM4YH7;;6;NA
2443;2083;T6QaA6mIRQ5bezpas38JB;;7;HIGHER_EDU
2445;2084;5Ki0rmZ1_-OrHmlCWeAZJ;;7;HIGHER_EDU
2446;2085;MwW3e_BKWqliUKeQMuYu5;;7;NA
2449;2086;wrvZ03OW8F6e2be7sp8Hu;;7;NA
2452;2087;Es4VhzQe8Gu_lWCcqjtdE;;7;HIGHER_EDU
2454;2088;BOaQKoZ6ZSPVHatTf20bG;;7;NA
2457;2089;lxFVHCGgunDmh7xEPmx4z;;7;NA
2457;2089;lxFVHCGgunDmh7xEPmx4z;;2;NA
2458;2090;ZpsU1LyztJ5qkv3-BHjiS;;7;HIGHER_EDU
2460;2091;TBUE6mglCpc0sLeHkwUSe;;7;NA
2461;2092;yt0cZ2QPQ-u0kaltQvAza;;7;HIGHER_EDU
2463;2093;_60Poe1KlAdE_T_F09syp;;7;NA
2465;2094;HrwFkwwR3Yu8mecxZ_Yvg;;7;NA
2467;2095;mwY9FCQg3hVkWTYVONPj1;;7;NA
2469;2096;0MhDx1Gmm4TKyG3dWKg1L;;7;NA
2470;2097;T7cOQDk2ImndCVERLB_F4;;110;NA
2472;2098;5IZPMj6qqwuL09H-g17mq;;7;SECONDARY
2474;2099;VQ9M0Kbf6KpW2tbxSEFb8;;7;TECHNICAL
2448;2100;9qBS0DqeL9rnHnzx08cX9;;7;HIGHER_EDU
2479;2101;EbG1fIqyRCXjUvUMrvNBQ;;7;NA
2479;2102;vyAjYg85v4xsNxFdruofz;;7;NA
2481;2103;zYZoJSoTCqr-uhHn0QGP1;;7;NA
2483;2104;UYLX5V-Ie-wr5u3UAJ6S3;;7;NA
2485;2105;oObFPEtGYV2--Wgq5mi_g;;2;NA
2487;2106;Jh63RYqrcabkJIyJuuYTs;;7;HIGHER_EDU
2487;2107;oRrYMwr0NKoyUcaIHJyfe;;7;NA
2488;2108;Pxvo0LU_yZbr3vO7TqV4V;;7;NA
2488;2108;Pxvo0LU_yZbr3vO7TqV4V;;7;NA
2490;2109;elV74YFgcoZYKsKUVA2NF;;7;NA
2491;2110;Y44sK6SHsZPra98vN_jog;;7;HIGHER_EDU
2491;2110;Y44sK6SHsZPra98vN_jog;;2;HIGHER_EDU
2492;2111;V-2RGXHQORr1IeJfAtX8q;;7;NA
2494;2112;P6PoU-H996i-Hgmt0yEWV;;7;NA
2496;2113;GXZlb9EUpcXIjIemhHRpj;;7;NA
2498;2114;oaUU3XOvlPgmAdIo6trFU;;7;NA
2499;2115;gIFL2HEgQclxTk_Fwo3-C;;7;HIGHER_EDU
2500;2116;kjhSKJKpWX9pi-GftjlzC;;7;HIGHER_EDU
2500;2116;kjhSKJKpWX9pi-GftjlzC;;2;HIGHER_EDU
2503;2117;hT-mFe5my11oyhWn_RtGx;;7;NA
2503;2117;hT-mFe5my11oyhWn_RtGx;;8;NA
2504;2118;3DmTMWS3RsTxEmeIMmsrg;;7;NA
2505;2119;FH-eTAMvLMqgLtkOFTmv9;;7;NA
2478;2120;PTrvqkCuRIsFe44Cdx0GP;;7;NA
2507;2121;0WpW-gXEO2VGSRJ1mYNm4;;7;SECONDARY
2508;2122;D99RlSMnFpc_Avtk9EZEH;;7;SECONDARY
2450;2123;2w6ZDwfGg76a3GkXSaljH;;7;NA
2509;2124;5nU6ECs-7PkBHVCbPo74C;;7;HIGHER_EDU
2513;2125;WpmqqiMAWcDX9mNNXJnQT;;7;NA
2513;2125;WpmqqiMAWcDX9mNNXJnQT;;2;NA
2516;2127;deIiQ9DPIDgLU6SlAdtdZ;;7;HIGHER_EDU
2516;2127;deIiQ9DPIDgLU6SlAdtdZ;;3;HIGHER_EDU
2518;2128;7L8--LpT0IYOJ2y9CX21W;;6;NA
2519;2129;2q9W0Wz8s5fw-HyvZtfs8;;7;HIGHER_EDU
2521;2130;IoejIRqQ0cmZj2Ijg8oRY;;7;HIGHER_EDU
2522;2131;kcm__JyLQWF2YRFdPzwz0;;7;NA
2523;2132;A9jQbYEMzHMPQBtR4XglA;;7;HIGHER_EDU
2523;2132;A9jQbYEMzHMPQBtR4XglA;;3;HIGHER_EDU
2525;2133;xaLr-rh3QPwLCIU1enC-W;;7;HIGHER_EDU
2527;2134;Y2vdacjNf0N4JbMU6aGcl;;7;HIGHER_EDU
2529;2135;XMyP5EcfiwReeT_aP34g0;;7;NA
2530;2136;vfgEyrAZsnf_Zn188b-SP;;7;NA
2530;2136;vfgEyrAZsnf_Zn188b-SP;;129;NA
2530;2136;vfgEyrAZsnf_Zn188b-SP;;6;NA
2530;2136;vfgEyrAZsnf_Zn188b-SP;;122;NA
2532;2137;sFHs7hCJmNgkrZwEsTy6a;;7;NA
2532;2137;sFHs7hCJmNgkrZwEsTy6a;;117;NA
2534;2138;H1sMCwL1D32ORndNoRFak;;7;HIGHER_EDU
2535;2139;TgyJdtUCNb_vxVEFRUHiC;;7;NA
2535;2139;TgyJdtUCNb_vxVEFRUHiC;;8;NA
2536;2140;ks4nT26H2_5KSZHWJLbEl;;7;HIGHER_EDU
2536;2140;ks4nT26H2_5KSZHWJLbEl;;2;HIGHER_EDU
2537;2141;rX63Ij4Sn5HL3Jm-hXz4E;;7;NA
2537;2141;rX63Ij4Sn5HL3Jm-hXz4E;;8;NA
2537;2141;rX63Ij4Sn5HL3Jm-hXz4E;;107;NA
2456;2142;MNSt1-SEPY-UN0ikZG7-2;;129;NA
2456;2142;MNSt1-SEPY-UN0ikZG7-2;;7;NA
2541;2143;67zY1rsh9_aq3WtEYRPbF;;7;NA
2542;2144;0X1TnE6tn4M9_kmUslflW;;7;HIGHER_EDU
2544;2145;zZTC_UflPqQVXypDnfalE;;7;NA
2545;2146;c86P7pQ7nX9Pt1C3uktyr;;7;NA
2545;2146;c86P7pQ7nX9Pt1C3uktyr;;2;NA
2547;2147;aN7pwsBXk0Awg-REtXX1q;;8;TECHNICAL
2547;2147;aN7pwsBXk0Awg-REtXX1q;;7;TECHNICAL
2548;2148;DIdABKXqb6fDBwFE58iHC;;7;NA
2548;2148;DIdABKXqb6fDBwFE58iHC;;2;NA
2550;2149;wyYixRLyFB-jvoGyxzZ7I;;7;HIGHER_EDU
2550;2149;wyYixRLyFB-jvoGyxzZ7I;;105;HIGHER_EDU
2550;2149;wyYixRLyFB-jvoGyxzZ7I;;110;HIGHER_EDU
2256;2150;IiG9nAQRxM3t-WZAxj-8N;;7;HIGHER_EDU
2551;2151;6RQtextFrHEw0v5YHfrbu;;7;HIGHER_EDU
2551;2152;g5hIatMO9mjRrULtLozHl;;7;NA
2552;2153;pdENTEv8lA6ol86jTmRUi;;7;HIGHER_EDU
2552;2153;pdENTEv8lA6ol86jTmRUi;;110;HIGHER_EDU
2554;2154;2Ly8Z59TLdk9K5COBKI0J;;7;NA
2555;2155;sM2cqpxdCod6t5oxQbwLa;;7;NA
2556;2156;HdBV9Pvn-S31osFX1_rik;;7;NA
2556;2156;HdBV9Pvn-S31osFX1_rik;;120;NA
2558;2157;GrmCb203_vhciUFPVwncd;;7;HIGHER_EDU
2558;2157;GrmCb203_vhciUFPVwncd;;2;HIGHER_EDU
2560;2158;CgA7XsZ0FlSKAysNl_7TA;;2;UNFINISHED_HIGHER_EDU
2560;2158;CgA7XsZ0FlSKAysNl_7TA;;7;UNFINISHED_HIGHER_EDU
2561;2159;TC_ylw0AELNqN7IPKtsR9;;105;NA
2561;2159;TC_ylw0AELNqN7IPKtsR9;;3;NA
2563;2160;WNtMNmtERHVP8xZ1gB0Br;;2;HIGHER_EDU
2563;2160;WNtMNmtERHVP8xZ1gB0Br;;7;HIGHER_EDU
2563;2160;WNtMNmtERHVP8xZ1gB0Br;;2;HIGHER_EDU
2563;2160;WNtMNmtERHVP8xZ1gB0Br;;7;HIGHER_EDU
2564;2161;gk12L3Dyvk8q3p0yzpCaS;;8;NA
2564;2161;gk12L3Dyvk8q3p0yzpCaS;;2;NA
2566;2162;y5aaDhiYHdFZnwadDO4jP;;7;NA
2567;2163;0boUWkPV-jkwPaVekiKnM;;7;HIGHER_EDU
2569;2164;goTYs1ND6cNG46bztL0Io;;7;HIGHER_EDU
1041;2165;UFFJvNg-trP0bBEU1kL-X;;7;HIGHER_EDU
2571;2166;9NQhjf7qdGALh95dPOhdZ;;7;NA
2571;2167;4B7-hyq_OYXP53W_V73Ot;;7;NA
2572;2168;oNXt05_-xcqsaE17Q4wgu;;108;NA
2572;2168;oNXt05_-xcqsaE17Q4wgu;;6;NA
2573;2169;IDC-SLY1AkqFn8F4o5Ua_;;7;NA
2575;2170;_mYZzNC5PeoGMsafJt5nA;;7;NA
2577;2171;t2gDl2DNBzJFfp_zCFDIM;;7;NA
2579;2172;jyZjWYJ-jVDuOXA96p0HT;;7;NA
2581;2173;hbrTdYT_DNYUK8QxkDsHE;;7;NA
2583;2174;pNShF6cd3XZdSziWT-xl1;;7;PHD
2585;2175;P2s26kwUSLEZRb4CqktBS;;7;NA
2587;2176;k565EPQtatrqEFPPwcucD;;7;TECHNICAL
2593;2177;69Qv9QfXAPONfMBgaVMdl;;7;NA
2593;2178;jw5AhAN_suTZ6rtk-dNPl;;7;NA
2589;2179;MuQuIcT32UYmKPDQ-yrta;;107;NA
2589;2179;MuQuIcT32UYmKPDQ-yrta;;7;NA
2595;2180;9T-lCERK6D6Cjf4oP7Qsl;;7;NA
2595;2181;xBiMFgnYSPh-oakpZvy5w;;7;NA
2596;2182;FaofbhmTDjxg0XEWBZCB5;;7;NA
2589;2183;HkeSA77L4XimBZUIZdOfT;;107;NA
2589;2183;HkeSA77L4XimBZUIZdOfT;;7;NA
2598;2184;UdveXpOLu46ONJDDbjukl;;7;NA
2600;2185;mu2rEREsQbsobcSwQAj0X;;7;HIGHER_EDU
2602;2186;FkQd7Wbk0IEygW0Ehy_yW;;7;HIGHER_EDU
2603;2187;0W01_hxABODuyk61B24hA;;7;NA
2603;2188;hp5xd_W_T7MLe7ZDirAP2;;7;HIGHER_EDU
2605;2189;kd3XrA10YxCt5-1mxPSN7;;7;HIGHER_EDU
2607;2190;j9W82f3xpKr23Y_5jm2Tr;;7;NA
2607;2191;Qm4B5DrMLLQMV0ktdhIq7;;7;HIGHER_EDU
2608;2192;PUophXWGKTmzOhK5P-T_b;;7;NA
2610;2193;u7gqkXkXk4ZiQYP1snHLK;;7;NA
2612;2194;2lXYScfhZdsXf-joNPztW;;7;NA
2614;2196;lUCAqs9_-Wxy5kMLXkYPw;;7;NA
2616;2197;spaxJ4OwpE-QasMt9-kMw;;7;NA
2618;2198;39SbDTEFv-rq3zZP_Axwz;;7;HIGHER_EDU
2620;2199;xJY8QDDEI4_aeYgQJQCEM;;7;SECONDARY
2620;2200;3dOabM7NhN2cR4K0zZk5J;;7;NA
2624;2201;X8Mf7WutkMcMGEfVzpk_l;;7;UNFINISHED_HIGHER_EDU
2623;2202;3wLBEmIKvCqIXPKke1k5P;;2;NA
2623;2202;3wLBEmIKvCqIXPKke1k5P;;7;NA
2623;2202;3wLBEmIKvCqIXPKke1k5P;;111;NA
2624;2203;HF472O1l_-r46cJ15-iZg;;7;NA
2625;2204;wCnnZD2C3U3fvehMgbYFd;;7;SECONDARY
2625;2204;wCnnZD2C3U3fvehMgbYFd;;2;SECONDARY
2626;2205;cLtF3ApeyMJwBM59g1v9J;;7;NA
2626;2205;cLtF3ApeyMJwBM59g1v9J;;2;NA
2628;2206;OmZqz1m-yAVggB0sCCT8v;;7;NA
2628;2206;OmZqz1m-yAVggB0sCCT8v;;107;NA
2628;2207;QYNxk7g8SVUydbi0IH-5F;;7;NA
2628;2207;QYNxk7g8SVUydbi0IH-5F;;107;NA
2632;2208;_l-Y3eGZAQy0QZCNHjnJw;;7;HIGHER_EDU
2633;2209;OBT4EFu0BlOKfrbPhHk4F;;7;NA
2635;2210;50FMKDMgD1dH-8-Qn61r_;;7;HIGHER_EDU
2635;2210;50FMKDMgD1dH-8-Qn61r_;;7;HIGHER_EDU
2637;2211;RxUgMuLfQf79LSfTMGBIb;;7;NA
2637;2211;RxUgMuLfQf79LSfTMGBIb;;2;NA
2639;2212;d_0swkDk9-ccYpMzFk-cI;;7;SECONDARY
2642;2213;nzQDuButToKhDD3lBjP8Q;;7;NA
2740;2214;cHOEmHA9PpJbxo-gK5kiM;;7;HIGHER_EDU
2740;2214;cHOEmHA9PpJbxo-gK5kiM;;2;HIGHER_EDU
2740;2214;cHOEmHA9PpJbxo-gK5kiM;;132;HIGHER_EDU
2644;2215;1NKI3-fL4nVIjg2fQSaHv;;7;NA
2644;2216;RJYRT2_Wd4Fjr_JubzzcX;;7;HIGHER_EDU
2646;2217;SYDOFnN9J5NPjrGxKWPF3;;7;HIGHER_EDU
2648;2218;gZhFDsb2_i3arZE-H9yAH;;7;NA
2649;2219;6hSO5LpI4hNHt4F2Wh_-J;;7;NA
2649;2220;tbbMv3hYdVZLMGjdBMXPB;;2;NA
2651;2221;jC7sPT3yfyeoq_O5R6-ad;;7;NA
2652;2222;Efg8hgkzy4teiHPRZ9gs_;;7;HIGHER_EDU
2608;2224;KgFd5xDAcb8LLJmMglq1D;;7;HIGHER_EDU
2631;2225;s5ySy3HRT7wlNAdNuyVnp;;7;NA
2655;2226;Yz9ecXwaHa12660wpHdQX;;7;NA
2657;2227;xd2HsrHWHwuGN6O8s7af2;;7;HIGHER_EDU
2657;2227;xd2HsrHWHwuGN6O8s7af2;;2;HIGHER_EDU
2659;2228;X53_-aeNM04k-6yxgX48b;;7;HIGHER_EDU
2659;2228;X53_-aeNM04k-6yxgX48b;;7;HIGHER_EDU
2664;2229;hWxf-J1ffo3J4ZeZvaNPA;;7;SECONDARY
2662;2230;uLD3Ohnuv-1JxZoXFmQiN;;7;HIGHER_EDU
2665;2231;beL9FYoSiaCSOpHkNfRHr;;7;HIGHER_EDU
2665;2231;beL9FYoSiaCSOpHkNfRHr;;3;HIGHER_EDU
2665;2231;beL9FYoSiaCSOpHkNfRHr;;142;HIGHER_EDU
2665;2231;beL9FYoSiaCSOpHkNfRHr;;111;HIGHER_EDU
6723;2232;lUgPs172ZBqmqFhBjOUvO;;7;HIGHER_EDU
6723;2232;lUgPs172ZBqmqFhBjOUvO;;110;HIGHER_EDU
6723;2232;lUgPs172ZBqmqFhBjOUvO;;111;HIGHER_EDU
2668;2233;gycLoV0rpH0-IJ54pBhQu;;7;NA
2668;2233;gycLoV0rpH0-IJ54pBhQu;;118;NA
2668;2233;gycLoV0rpH0-IJ54pBhQu;;2;NA
2668;2233;gycLoV0rpH0-IJ54pBhQu;;114;NA
2669;2234;3z5EyAKWEsnuF2NFp9FgG;;7;HIGHER_EDU
2670;2235;rxnGVIF_zxQy_xyn3bJEt;;7;NA
2670;2235;rxnGVIF_zxQy_xyn3bJEt;;110;NA
2673;2236;4_a8d7fMVXlYIxRY15oE4;;7;NA
2672;2237;ja7vb36q76ZXhUIeY5Cj1;;110;HIGHER_EDU
2672;2237;ja7vb36q76ZXhUIeY5Cj1;;7;HIGHER_EDU
2675;2238;7rfj9cVgS2bGS-V1S9Aoo;;7;HIGHER_EDU
2677;2239;F2pJ9kUAMCHTO8yvblsxR;;7;NA
2677;2239;F2pJ9kUAMCHTO8yvblsxR;;110;NA
2679;2240;kPpy6XKl6m29g4qYTBd5D;;7;NA
2681;2241;PnEECr_ojYO7xeGj2yrBt;;7;NA
2681;2241;PnEECr_ojYO7xeGj2yrBt;;8;NA
2682;2242;6YW2P1xqjr_xzuetTfyOT;;7;HIGHER_EDU
2682;2242;6YW2P1xqjr_xzuetTfyOT;;110;HIGHER_EDU
2684;2243;eI7EH9rrTo0V8whoZTvGe;;7;HIGHER_EDU
2684;2243;eI7EH9rrTo0V8whoZTvGe;;110;HIGHER_EDU
2684;2243;eI7EH9rrTo0V8whoZTvGe;;2;HIGHER_EDU
2686;2244;4O4ET5IIVwSSs_ZWoJX04;;7;SECONDARY
2688;2245;RJ6tS_5R_wrqZuVcPWrTZ;;7;NA
2688;2246;2Iksjy-QHhd0OrH42kM9Q;;7;NA
2689;2247;1y3p6n4yESKCpAWem77ef;;7;HIGHER_EDU
2690;2248;4-phme0jyihJsCfo0H8ug;;7;HIGHER_EDU
2692;2249;yMfqyar28ST8vSLDBiBI_;;7;HIGHER_EDU
2693;2250;FS5DG6D3xbfH6xCiAXkw_;;7;NA
2693;2250;FS5DG6D3xbfH6xCiAXkw_;;106;NA
2693;2250;FS5DG6D3xbfH6xCiAXkw_;;6;NA
2639;2251;VEpJDMsBbJiZwuBcHyAPZ;;7;NA
2695;2252;u8rGKzRcJayeC8pyl1LYk;;7;HIGHER_EDU
2697;2253;DrjGKGQjlYs_yJLWFdG18;;7;NA
2700;2254;5cxTkS1YKIsxR96jfBf2W;;7;NA
2704;2257;fQfeTYch-KLj7HAZVC13J;;7;NA
2705;2258;WVWkBlpzIqbRJXyWH48-S;;7;HIGHER_EDU
2705;2258;WVWkBlpzIqbRJXyWH48-S;;2;HIGHER_EDU
2707;2259;SsXqAQzzU82wL8kwUTI_L;;2;HIGHER_EDU
2707;2259;SsXqAQzzU82wL8kwUTI_L;;7;HIGHER_EDU
2712;2260;kp_HXIDZSdr4a2cr1aMMV;;7;HIGHER_EDU
2715;2261;pPzeTh7Jh_fTdUYNRPF8e;;7;NA
2715;2261;pPzeTh7Jh_fTdUYNRPF8e;;7;NA
2717;2262;sDVaNQmR3UpgQiW9ck5Sl;;7;NA
2717;2262;sDVaNQmR3UpgQiW9ck5Sl;;2;NA
2717;2262;sDVaNQmR3UpgQiW9ck5Sl;;105;NA
2717;2263;DfeDDUjuR5u01nGdLsSlO;;7;NA
2717;2263;DfeDDUjuR5u01nGdLsSlO;;2;NA
2717;2263;DfeDDUjuR5u01nGdLsSlO;;105;NA
2720;2264;NgVNDATBvlCgjBDNk7zIv;;7;NA
2720;2264;NgVNDATBvlCgjBDNk7zIv;;115;NA
2720;2264;NgVNDATBvlCgjBDNk7zIv;;114;NA
2722;2265;_zf_ydr7BWcnYilI8DMeZ;;2;NA
2723;2266;tLtEKuBHP5kCy3vWedmxS;;2;HIGHER_EDU
2723;2266;tLtEKuBHP5kCy3vWedmxS;;7;HIGHER_EDU
2726;2267;ZscUzJejgkDlUW8tQThg_;;107;NA
2724;2268;XIQxnJ93RjjYxkzvSF87L;;105;NA
2724;2268;XIQxnJ93RjjYxkzvSF87L;;7;NA
2728;2269;6eh7kybr63kIoGUjBXEs9;;7;NA
2728;2269;6eh7kybr63kIoGUjBXEs9;;107;NA
2730;2270;K8mVDxEDDhEKSkkJvCLn_;;7;NA
2730;2270;K8mVDxEDDhEKSkkJvCLn_;;106;NA
2733;2271;8YO0UhXTm-PrE43ENB-az;;105;NA
2733;2271;8YO0UhXTm-PrE43ENB-az;;7;NA
2661;2272;0o79HWlJAC3De0le0iyC4;1;7;NA
2735;2273;_zWBHy8AP2p72IV7UYb8w;;7;NA
2735;2273;_zWBHy8AP2p72IV7UYb8w;;109;NA
2735;2274;5py8tg1f450iuSAwnokPL;;7;NA
2735;2274;5py8tg1f450iuSAwnokPL;;109;NA
2737;2275;pzoJGRPyFUxcHivbGiGCt;;2;NA
2737;2275;pzoJGRPyFUxcHivbGiGCt;;7;NA
2738;2276;0Ewa-qxvo-Siy--m3JCya;;7;HIGHER_EDU
2738;2276;0Ewa-qxvo-Siy--m3JCya;;2;HIGHER_EDU
1233;2277;iGWdsN6piRl8yrIyGVi7c;;7;NA
2741;2278;YdVjLwt_7TlJ2CmWtMJSm;;7;NA
2742;2279;8Gas2MaCTFHU79gRtjvJS;;7;NA
2742;2279;8Gas2MaCTFHU79gRtjvJS;;108;NA
2742;2279;8Gas2MaCTFHU79gRtjvJS;;3;NA
2744;2280;H8c32a8HIFalt3QLl68ZK;;7;NA
2744;2280;H8c32a8HIFalt3QLl68ZK;;109;NA
2745;2281;8xu2O5hQHt3SWst4c5mA8;;2;NA
2745;2281;8xu2O5hQHt3SWst4c5mA8;;7;NA
2746;2282;0pcijF7FG8dy80ZyJBKzP;;7;HIGHER_EDU
2746;2282;0pcijF7FG8dy80ZyJBKzP;;110;HIGHER_EDU
2747;2283;XhncmAB5bO-Q6PgFRunBY;;7;HIGHER_EDU
2747;2283;XhncmAB5bO-Q6PgFRunBY;;132;HIGHER_EDU
2747;2283;XhncmAB5bO-Q6PgFRunBY;;5;HIGHER_EDU
2749;2284;LisDeMyh67-xG-WwUUyXQ;;7;HIGHER_EDU
2749;2284;LisDeMyh67-xG-WwUUyXQ;;3;HIGHER_EDU
2749;2285;1v5wAMSiUbDWRUpb9rOzv;;7;NA
2749;2285;1v5wAMSiUbDWRUpb9rOzv;;3;NA
2750;2286;wwFFAJUaN5pZfxTP1G8xr;;110;HIGHER_EDU
2750;2286;wwFFAJUaN5pZfxTP1G8xr;;7;HIGHER_EDU
2750;2286;wwFFAJUaN5pZfxTP1G8xr;;6;HIGHER_EDU
2752;2287;BTyx-whecoGfrW_TKSomM;;120;HIGHER_EDU
2752;2287;BTyx-whecoGfrW_TKSomM;;7;HIGHER_EDU
2752;2287;BTyx-whecoGfrW_TKSomM;;2;HIGHER_EDU
2753;2288;KRonF1PYT4TEr2VnvzREC;;7;HIGHER_EDU
2753;2288;KRonF1PYT4TEr2VnvzREC;;110;HIGHER_EDU
2754;2289;O1y0JmqplosAzhWNJ7PZr;;8;NA
2754;2289;O1y0JmqplosAzhWNJ7PZr;;7;NA
2755;2290;Ohdx8rAnNuJXK7h8Jo-Fe;;110;PHD
2755;2290;Ohdx8rAnNuJXK7h8Jo-Fe;;7;PHD
2748;2291;_aH1AJmza821DYqRPJZI0;;7;NA
2756;2292;3AX7L9pHBhpMLmr1CQhXR;;7;UNFINISHED_HIGHER_EDU
2756;2292;3AX7L9pHBhpMLmr1CQhXR;;2;UNFINISHED_HIGHER_EDU
2756;2293;sDSarRqGWtZ8c4Bmi1jd1;;7;NA
2756;2293;sDSarRqGWtZ8c4Bmi1jd1;;2;NA
2756;2293;sDSarRqGWtZ8c4Bmi1jd1;;132;NA
2758;2294;AGCN_1lXOdia2xkPbUMpI;;7;NA
2761;2295;S0cUsF_I_doHRM7_iYPpD;;7;HIGHER_EDU
2760;2296;ngj_LzdZJ2iINrRynSYjj;;7;NA
2763;2297;R4V6DdLLJVPGyTb7kU8uY;;7;NA
2765;2298;AbesqxIXqVOYy6IVtrvWf;;7;NA
2767;2299;JaoBjUbt2xYoyOVtkgqQ2;;7;NA
2769;2300;H-3UvnOURPd3tQqOiaP1o;;7;NA
2773;2303;Jmb-NW0iiBp1fl-a6aXTx;;7;NA
2772;2304;Cg8S9J3EutPQmbeO8j6s3;;7;SECONDARY
2776;2305;-5fkP_pYWdRWHsGgtGzeo;;7;HIGHER_EDU
2776;2305;-5fkP_pYWdRWHsGgtGzeo;;2;HIGHER_EDU
2778;2306;k9gJ-h2g7MZOu7KlM_4tM;;7;NA
2780;2307;LPRZ6x9aBwNGGqKSjLgm8;;7;NA
2775;2308;4mfTXQCRMbJn7bYgobG_q;;7;NA
2781;2309;hUESAdktr0MG6AIB_AiN-;;7;UNFINISHED_HIGHER_EDU
2783;2310;ETCqdq3RF5QKL82EwFCok;;7;NA
2785;2311;pv4qFgd1aJ1jJ-4oKd99K;;7;NA
2789;2312;uh_TZOgMfdGiCLSlWGO4h;;7;NA
2787;2313;SKka218Nm326ljdBPYH4b;;7;NA
2791;2314;APbTAOEFKtY_sVx3foDYa;;7;SECONDARY
2791;2315;uaLM2eHYdIzmtmWSgt5Qu;;7;NA
2792;2316;pBTSnUvxugzLpmwACZtbK;;112;HIGHER_EDU
2792;2316;pBTSnUvxugzLpmwACZtbK;;7;HIGHER_EDU
2795;2317;LHMSw5ByQ2HGEZooC1G-i;;7;HIGHER_EDU
2796;2318;lIYmkThcfd08gT4hR3qXv;;7;NA
2798;2319;1o6AWUs8MQ7HS4r0knLQJ;;7;NA
2801;2320;1eaCYr_ksMTJLEZb2-wmp;;7;NA
2802;2321;ma4rUjNK07w5ITNl7ysmc;;7;HIGHER_EDU
2805;2322;uRNWGcNTHNlYoSXjr-jJe;;7;HIGHER_EDU
2809;2323;k8BE7rx5nasFtvNZsgz-q;;7;UNFINISHED_HIGHER_EDU
2804;2324;L003RmFHBUVGCRwMVDJoa;;7;SECONDARY
2807;2325;1X6LE-WuIVTQOkvVuIh_O;;7;HIGHER_EDU
2811;2326;PqkNrjQkspdz2UPvynqkq;;7;NA
2814;2327;gRi-8UuW_tQoKTd6CS7ZQ;;7;HIGHER_EDU
2815;2328;dD6b8GDGSSi-D_N30rqSn;;7;NA
2816;2329;1uAXwUykL0Z-Uvx7EYnk1;;7;NA
2818;2330;PNbjnrY1d2vGAWd2u9bBg;;7;NA
2818;2330;PNbjnrY1d2vGAWd2u9bBg;;130;NA
2818;2330;PNbjnrY1d2vGAWd2u9bBg;;3;NA
2820;2331;mN2BB2XU0gKQXIkiBFu5z;;7;NA
2822;2332;wo0Az7OCoPTRY8eAgUR-6;;7;NA
2823;2333;qL8YFu1L3cXsfDIfFw36G;;7;NA
2824;2334;Amm8ncRjSUbhC7GQIoIqc;;7;NA
2826;2335;8sJEtNyCcc1pDfsKE85IB;;7;HIGHER_EDU
2822;2336;h1eF-3pn8iQc4s8QnqPP8;;7;NA
2828;2337;vIgbn_S09n5Drnz7iUdEV;;7;NA
2830;2338;JmxkeCmn1Qb0eVGrJGom0;;7;NA
2832;2339;R3mC1B0shIC-2vs7swN62;;7;NA
2833;2340;q6CAFGJAaQxCip6fvvuZ-;;7;NA
2833;2341;vk7xevWkKWp1Xxn1JwBZt;;7;NA
2835;2342;c0PiQgj_HGVDUCml96qzW;;7;HIGHER_EDU
2836;2343;8FYPt2uBS_Xq1p1Ok8Rev;;7;HIGHER_EDU
2836;2343;8FYPt2uBS_Xq1p1Ok8Rev;;2;HIGHER_EDU
2839;2344;83yyc0F0Prh6BNxFPnDUw;;7;HIGHER_EDU
2840;2345;SRNZLdiajOBMux_bCreDn;;7;HIGHER_EDU
2841;2346;m7uR36wuO9tiTcEv8lHfh;;7;HIGHER_EDU
2843;2347;cFCDMssaFUQimwemUdjMQ;;7;NA
2844;2348;nwMNBsm_zlMgexVhCPpB6;;7;SECONDARY
2846;2349;mdofxny0WF9z6a875AcdJ;;7;SECONDARY
2848;2350;wcQ4K6jjjyAorRsFrBTBL;;7;NA
2850;2351;PJr3InpDywTcRY0p596N4;;7;NA
2852;2352;4G2OIJudje39kQ37hzdXK;;7;NA
2853;2353;C9ALHJ93fpA714pqNxLeK;;7;HIGHER_EDU
2855;2354;PVgw71zEExxKBH0TsLzV6;;7;NA
2855;2354;PVgw71zEExxKBH0TsLzV6;;110;NA
2856;2355;4fJsyz_-6FBmH1abfvS2i;;7;SECONDARY
2858;2356;k4mDETsiB7ibSU42crdbZ;;7;HIGHER_EDU
2859;2357;o63RxIiOzVvGqs4PATs8s;;7;HIGHER_EDU
2861;2358;xBrZI01SCM5LXxwnGCIt8;;7;HIGHER_EDU
2862;2359;eI2UAzcZKlYo01kdcRKJy;;7;NA
2862;2359;eI2UAzcZKlYo01kdcRKJy;;2;NA
2863;2360;ZXgS3-VDy-El1SfwDJhDq;;7;HIGHER_EDU
2864;2361;27uVepdyVfyWgucn4qnMf;;7;HIGHER_EDU
2864;2361;27uVepdyVfyWgucn4qnMf;;110;HIGHER_EDU
2866;2362;HT9JBK7sj6LNVz85MM30W;;7;NA
2871;2363;Etpn-j-qMGdHi9NtvnZNb;;7;HIGHER_EDU
2869;2364;#NAZWA?;;7;NA
2873;2365;KVfx74fOtQECiAULIPNxg;;7;HIGHER_EDU
2875;2366;ifXr17dpQpG_18sMmUPCO;;7;NA
2867;2368;jyd8F2FUEM9iNjtoGvS31;;7;HIGHER_EDU
2878;2369;QNN6s3rdcrvU86TPLYKSV;;7;HIGHER_EDU
2880;2370;wPhSNDANqyIxHD6C-VWxK;;7;SECONDARY
2882;2371;gAprPDSLfF7lAENnSnL6r;;7;HIGHER_EDU
2883;2372;K3OzhBScRNDSQeizt7iae;;7;HIGHER_EDU
2884;2373;_qW2I78RjZJm0nYj2BMJe;;7;HIGHER_EDU
2886;2374;LRaieAy66f9iaThoTaXS5;;7;NA
2887;2377;AnwZh49-ZC00M-Rvvoweg;;7;NA
2891;2378;tkZvUTEKlKQ6-3pYPz5Qa;;7;NA
2892;2379;1EJDOMMOcDdEfk1U5_MAh;;7;HIGHER_EDU
2894;2380;DQuF3Zgn7QB2EiCAy5Yg8;;7;NA
2898;2382;kJthYl9pBnGR5k8SwNDDD;;7;NA
2898;2382;kJthYl9pBnGR5k8SwNDDD;;6;NA
2902;2383;ZMJpta2wG_90b_CWlSmBW;;7;HIGHER_EDU
2900;2384;NRl8PVl3-UBd2PkjDndMZ;;7;HIGHER_EDU
2904;2385;5EYxn9i5_b9QhWB0NnfSX;;7;HIGHER_EDU
2906;2386;QC7mFvAXN_16-6apPDJUv;;7;UNFINISHED_HIGHER_EDU
2908;2387;G5JBZycnPFVOWojLSPrsA;;7;HIGHER_EDU
2909;2388;nkUalPxxvnoMzP6cuuFJw;;7;NA
2912;2389;7pNrq7R2gmxqZ_ex0eVQP;;7;NA
2911;2390;qbuk68mhmxfh5ztt9LQuE;;7;HIGHER_EDU
2914;2391;eGTPUb5iiJKx55Wu38AW4;;7;NA
2914;2392;U3Wm1NckhCOO2Y2RXrxMb;;7;NA
2916;2393;3pbLB2UWFOjpfQR1VLB6q;;7;SECONDARY
2916;2393;3pbLB2UWFOjpfQR1VLB6q;;2;SECONDARY
2917;2394;xGuq3xzMNG8DFIijKHc0E;;7;NA
2921;2396;PisW1qskGJqZ2F9O4tyxU;;7;HIGHER_EDU
2921;2397;DTxUH2xPeUUmjGH5MNEQE;;7;NA
2923;2398;SlNVdKGU1NYjR0KvhF7sF;;7;HIGHER_EDU
2923;2398;SlNVdKGU1NYjR0KvhF7sF;;5;HIGHER_EDU
2924;2399;nOt1mcgXbElUiRXHY4oaT;;7;HIGHER_EDU
2926;2400;H2JjgnDJEFlWMbN4XY5nX;;7;NA
2926;2401;qIfbOonBoqaY8oAUz9fOQ;;7;HIGHER_EDU
2928;2402;ZllwYFoQ0fQ4ba8wXicUD;;7;NA
2930;2403;a0eC9K28CbMS8I2qPXgPD;;7;NA
2932;2404;7e5GSUa9IBKIFo1DwBw3O;;7;HIGHER_EDU
2934;2405;57a6fLuazCn6mgKhsIvMT;;7;NA
2934;2405;57a6fLuazCn6mgKhsIvMT;;3;NA
2935;2406;F1DfJ69XEZ6WaSHISYemA;;7;HIGHER_EDU
2936;2407;HvZgBPC78Ccgs3zgyH4sY;;7;HIGHER_EDU
2938;2408;UWEwzgWBLCNiH8YqBAmfu;;7;NA
2939;2409;rbnaQ3R-KM20CTKNIhKFn;;7;HIGHER_EDU
2939;2410;lky-weS06DkVIuvpCcN20;;7;NA
2940;2411;kw9vP31kJQnpsHP2EE29S;;7;HIGHER_EDU
2941;2412;Xfp7YW-Zl0PfLBCz1h1tI;;7;NA
2945;2413;ru8WCaHAwi1gFrhjQw4yg;;7;HIGHER_EDU
2943;2414;K64par5bX5baZ1LfPaN_7;;7;HIGHER_EDU
2946;2415;j1w_28c2LyTmeT1xxUHOp;;7;NA
2946;2415;j1w_28c2LyTmeT1xxUHOp;;3;NA
2947;2416;LxsHhQCI_pektIxSttJcl;;7;SECONDARY
2947;2416;LxsHhQCI_pektIxSttJcl;;2;SECONDARY
2948;2417;cRSxW3r_aS4Hu0YCK447P;;7;NA
2948;2417;cRSxW3r_aS4Hu0YCK447P;;110;NA
2948;2418;ffss14zqV0fiwhEi9dJ-N;;7;HIGHER_EDU
2948;2418;ffss14zqV0fiwhEi9dJ-N;;110;HIGHER_EDU
2949;2419;wXkQ8OUkvR5kUubqyj8Hr;;7;NA
2950;2420;bt1FF34b0Fv0iEmux3x_i;;7;HIGHER_EDU
2953;2421;o2IiNgWCav0iz8qaZNDu5;;7;HIGHER_EDU
2951;2422;plH8o0-7wUwcdL-eJVmTw;;7;HIGHER_EDU
2951;2422;plH8o0-7wUwcdL-eJVmTw;;186;HIGHER_EDU
2954;2423;ENG20ewRJZm51Saxx9A22;;7;TECHNICAL
2954;2424;edE2TPQKOkF9wlfO49jbC;;7;NA
2957;2425;jFiAnbubTupiQz3LtFNL6;;7;NA
2959;2427;MetKsvX-iUwpQE4FzjCjx;;7;HIGHER_EDU
2962;2428;Diy80mVrmMRHCmrA38IOZ;;7;NA
2967;2429;R6ewZ2UzEFN1xRI-LVpCs;;7;HIGHER_EDU
2965;2430;BB03iUj5p-V-zEPskBHEx;;7;NA
2970;2431;VYB-mDFzNJCze_z4e64Wf;;7;NA
2968;2432;PsoakBfxHbDEpbsK3UEPz;;7;HIGHER_EDU
2964;2433;TW9wZzCGcly5g_PhdvSrO;;7;SECONDARY
2971;2434;bJhBt2L4MVoI3Ch7_2KqB;;7;HIGHER_EDU
2973;2435;zYegKIq8H36ik-2VRQkEP;;7;NA
2974;2436;fG2rrk9yWqDgxxJWt3zAw;;7;NA
2975;2437;3ua7soco0Nz3uclhkcIfL;;7;NA
259;2438;XpLMItYKYA1fDWjtIj68S;;2;NA
259;2438;XpLMItYKYA1fDWjtIj68S;;7;NA
2977;2439;qAriiJ51xPtL9EyXF862Z;;7;NA
2975;2440;Qg3C2x9euTEWwG7lBVa__;;7;NA
2980;2441;2Hy2mRyfqIPioPWKGicNd;;7;NA
2981;2442;lKC2gEkcyVyBKfw-G_oNQ;;7;NA
2983;2443;ZvV8xXlHupvNGjEauGMex;;7;UNFINISHED_HIGHER_EDU
2985;2444;lNu6Mz_8wqbhQKWeJhJ4C;;7;HIGHER_EDU
2985;2444;lNu6Mz_8wqbhQKWeJhJ4C;;2;HIGHER_EDU
2955;2445;X0iDxXpjGxCbSnv5ej62o;;7;NA
2987;2446;aIciVPJmB0E8o_cZgF6ou;;7;NA
2988;2447;9UbrTPVnV0_v4R_MgQM9X;;7;HIGHER_EDU
2987;2448;WeJwsubhMSEEqxuoUHX5F;;7;NA
2989;2449;5JY3s1fHYEiO5sJCk1b2f;;7;NA
2989;2449;5JY3s1fHYEiO5sJCk1b2f;;110;NA
2991;2450;U6365nHq2UhcbzZ8WRk89;;7;SECONDARY
2992;2451;GXtZifZMQGiM8xmrp-UU8;;7;HIGHER_EDU
2993;2452;#NAZWA?;;7;HIGHER_EDU
2994;2453;odFBC8pRYitZTI6RVYpPa;;7;NA
2997;2454;8AP4A2CR77mQ1SKFHZ11h;;7;NA
2998;2455;zeyhKCUt8P6mBou6eW4KC;;7;NA
3000;2456;jK9UFzpHPpal7n7ZbfOtf;;7;NA
3002;2457;8vb5QFIs-P0KGde2Tts9Z;;7;NA
3002;2457;8vb5QFIs-P0KGde2Tts9Z;;3;NA
3004;2458;O1xeejs4BcBmhp5EEp4Fw;;7;HIGHER_EDU
3006;2459;tnGBy5geap2IHmLLY6bDs;;7;HIGHER_EDU
3008;2460;EKivIxjGVZeNTKMEC8rRo;;7;HIGHER_EDU
3009;2461;cIhfxbX2KKMJk7LeObAzU;;7;SECONDARY
3011;2462;CmaqaNpOHWDZA2mCZWgpF;;7;HIGHER_EDU
3013;2463;Q-iYH-DX49Nmr2_GiVMk4;;7;NA
3014;2464;2AeqvqlR6j9Y2LlyOuyyE;;7;SECONDARY
3015;2465;wGf40afSCsHjJrJeEOyey;;7;NA
3017;2466;HkPybwYTBVMSz4Y2z0jjU;;7;HIGHER_EDU
3018;2467;67ZvjExwJ7VqS_htBbgn2;;7;NA
3018;2467;67ZvjExwJ7VqS_htBbgn2;;3;NA
3019;2468;1zuMoy4cfYRyMZlQ_3Sr9;;7;NA
3019;2468;1zuMoy4cfYRyMZlQ_3Sr9;;105;NA
3020;2469;jsUPO7TlJCR5eYOr3VR7U;;7;HIGHER_EDU
3021;2470;Ls-4-HPjrvSRKS7cFcofC;;7;HIGHER_EDU
3021;2470;Ls-4-HPjrvSRKS7cFcofC;;186;HIGHER_EDU
3021;2471;IBYPlEuIQPXKDDBaxuBWB;;7;NA
3021;2471;IBYPlEuIQPXKDDBaxuBWB;;186;NA
3024;2472;opahLVu0c-gnK85oTZW7T;;7;NA
3026;2473;6KMYAEy0uuEGUUNeuV2BB;;7;UNFINISHED_HIGHER_EDU
3027;2474;cNEDZqwJHJhAD3VZ6Usxv;;7;NA
3029;2475;hfoW0zaI9Wy-UasyxIhQ9;;7;NA
3030;2476;aLrj7R7Tosz1IYWHK7jcN;;7;UNFINISHED_HIGHER_EDU
3031;2477;bChNSLNrg531kS4fPuNbT;;7;NA
3033;2478;VK7txrTsvf1fINnEPYEhb;;7;HIGHER_EDU
3037;2480;i3R9_9OImNwxSwEhiDYpo;;7;SECONDARY
3037;2480;i3R9_9OImNwxSwEhiDYpo;;2;SECONDARY
3038;2481;roFO-1DWFe2eYHS1_7Cv0;;7;NA
3040;2482;fhX2zan0iPHAju2jbpa-4;;7;HIGHER_EDU
3042;2483;M_PXSIiOGPea4JNs-WbOe;;7;PHD
3044;2484;KNoC02wA9atuW_eWp4Jiu;;7;NA
3046;2485;#NAZWA?;;7;HIGHER_EDU
3047;2486;wTR36VFJ5o_2l2KOMQWw3;;7;NA
3047;2486;wTR36VFJ5o_2l2KOMQWw3;;2;NA
3047;2487;TRNHSpiduufLFBOULVbk3;;7;NA
3047;2487;TRNHSpiduufLFBOULVbk3;;2;NA
3051;2488;EL8-QSxiz0iTFdV-JuXKn;;7;NA
3053;2489;oGvIsxJQUwL1PEXqP2T4f;;7;NA
3054;2490;0xPJO7bmnPUDNLmNCr8KJ;;7;NA
3056;2491;PlswRLjDwPExEl0V4oWVx;;7;HIGHER_EDU
3058;2492;cufebM0achpzq9TKyln4f;;7;NA
3059;2493;lnVmWUa8YOn-f7D0omvVl;;7;HIGHER_EDU
3059;2493;lnVmWUa8YOn-f7D0omvVl;;2;HIGHER_EDU
3059;2493;lnVmWUa8YOn-f7D0omvVl;;7;HIGHER_EDU
3059;2493;lnVmWUa8YOn-f7D0omvVl;;2;HIGHER_EDU
3059;2493;lnVmWUa8YOn-f7D0omvVl;;7;HIGHER_EDU
3059;2493;lnVmWUa8YOn-f7D0omvVl;;2;HIGHER_EDU
3061;2494;BZ-hnY5-NR3Zv7DCKcEq0;;7;HIGHER_EDU
3032;2495;fhsjgJMvIOHOCT8QR-J8g;;7;HIGHER_EDU
3063;2496;sCr08Pl06szP5etI-ixLj;;7;NA
3065;2497;fa4Pw7MhJhsGb34pBdYtL;;7;NA
3067;2498;RCJgket5hYOBgFBJn6y-y;;7;NA
3071;2499;_ZMTqjd1On5vbfibD-2SX;;7;NA
3071;2499;_ZMTqjd1On5vbfibD-2SX;;2;NA
3073;2500;C5bThG2shnqLEcFiMM8Eg;;7;NA
3075;2501;x5KF5JQq9-L0QGYP-rHa_;;7;NA
3075;2501;x5KF5JQq9-L0QGYP-rHa_;;3;NA
3079;2502;GshYBAJDlu7qjRDaZZa9K;;7;UNFINISHED_HIGHER_EDU
3079;2502;GshYBAJDlu7qjRDaZZa9K;;110;UNFINISHED_HIGHER_EDU
3082;2504;w5rw25Ms7X8T2H486UZbK;;7;HIGHER_EDU
3081;2505;6K_cpDmei4Uyg9qBxQHIj;;7;NA
3084;2506;kfLAuZIO7SG740djUULJk;;7;NA
3085;2507;0m6ydo11R8IBAYY8SXiZC;;7;NA
3086;2508;p0A3rqOCRKGTpMWPgX3FQ;;7;SECONDARY
3086;2509;26Wj8O6HaKNCQCXXMHG_V;;7;NA
3088;2510;Bw9eG8FspdJLJtURvxnNt;;7;NA
3090;2511;7ymIE1UmM4uHuHdrL9Jvm;;7;NA
3091;2512;6U-IuCtRVwvBz6m6XoPDK;;7;HIGHER_EDU
3093;2513;D1St_eWndrwzEcP_08u43;;7;HIGHER_EDU
3094;2514;Vefw0bsCNHr1yWeY466U_;;7;NA
3094;2515;3KDJKoH1RgUwkI_vydF1S;;7;NA
3096;2516;TA7bmLWlmo5HG8ZHdyt5K;;7;HIGHER_EDU
3096;2516;TA7bmLWlmo5HG8ZHdyt5K;;186;HIGHER_EDU
3100;2518;ZWmsMuNHe4LB8EsBOYl_F;;7;NA
3101;2519;Zro58lMBTy3YWRfxKfLMz;;7;HIGHER_EDU
3103;2520;PgdNeW6Am7_kvAGD1EY0y;;7;HIGHER_EDU
3105;2521;5H-XxVIQuFN6feoyYRwBG;;7;HIGHER_EDU
3106;2522;L_Ob5ebnTY8VULWzRvSt9;;7;NA
3108;2523;37gY9XB5EaVm_XBtzRovD;;7;NA
3110;2524;qv1vtWq6eWFymb873tXLj;;7;NA
3112;2525;qwskYztrtw38R4zbf7HgJ;;7;NA
3113;2526;Assg4fHIb_741McEuWcAk;;7;NA
3115;2527;BmLpCAoaajhyqDZRXF_DW;;7;NA
1275;2528;ypDLgcsat7vYdnrHSJrMq;;7;NA
3116;2529;ttUfk_efY26XCFC5Y37sv;;2;NA
3118;2530;hLKsfLtiESaNPBiZvD4-v;;7;SECONDARY
3118;2530;hLKsfLtiESaNPBiZvD4-v;;110;SECONDARY
3120;2531;zmoQNUsWQUuv9mG9UCh2W;;7;HIGHER_EDU
3120;2531;zmoQNUsWQUuv9mG9UCh2W;;2;HIGHER_EDU
3123;2532;8J9qzm-Za5QVT3_9NVlAy;;7;HIGHER_EDU
3121;2533;uN1tsbFmm-ejK3uPAjpQS;;7;NA
3121;2533;uN1tsbFmm-ejK3uPAjpQS;;2;NA
3127;2534;bodYbBtJxOKrsaI-19_Zj;;7;NA
3125;2535;3wE1vhVPzNncCwETQVsvx;;7;HIGHER_EDU
3128;2536;EG8iEaq3nGtRhINAzaZ7l;;7;NA
3130;2537;4iHsIXfziLtD5eKPcHvIT;;7;NA
3131;2538;xVbW1YjVqKMAboidXOVxb;;7;NA
3133;2539;STuWccF2UNB34Y0gm_rFs;;7;HIGHER_EDU
3133;2539;STuWccF2UNB34Y0gm_rFs;;110;HIGHER_EDU
3134;2540;VHBvy9OqeTaMDmABoniCF;;7;NA
3134;2540;VHBvy9OqeTaMDmABoniCF;;112;NA
3135;2541;4VbShDA9DZ2Ab6n-eRRJQ;;7;NA
3137;2542;fPHu-tqMoqy8_9qOcMV9W;;7;NA
3139;2543;HNtUlEMKYKvXhppKjfSYj;;7;HIGHER_EDU
3139;2543;HNtUlEMKYKvXhppKjfSYj;;2;HIGHER_EDU
3143;2546;r0hkoEGzGxIs2D_RANUe1;;7;NA
3143;2546;r0hkoEGzGxIs2D_RANUe1;;2;NA
3144;2547;1D1FZK9BwGAq1BrK3feox;;7;HIGHER_EDU
3146;2548;RAieH6pbBEABxisUkvEIt;;2;NA
3146;2548;RAieH6pbBEABxisUkvEIt;;2;NA
3147;2549;t98dzAJgJVh57NtokjEd9;;7;NA
3149;2550;R9iQPUYiogxTsJWtsyfkG;;7;HIGHER_EDU
3149;2550;R9iQPUYiogxTsJWtsyfkG;;7;HIGHER_EDU
3149;2550;R9iQPUYiogxTsJWtsyfkG;;7;HIGHER_EDU
3148;2551;v9dOR9T0ljcGIK28NWREP;;7;NA
3148;2551;v9dOR9T0ljcGIK28NWREP;;3;NA
3154;2553;#NAZWA?;;7;NA
3152;2554;SFpBXlWU9uovu6Jk6OR2a;;7;NA
3155;2555;blRByjyeugN4X9sOh-u_X;;7;HIGHER_EDU
3158;2556;LTivpAKiYO1cJcNpTboM-;;3;NA
3157;2557;PQ9qIn1J3236dbPHKdq6u;;7;HIGHER_EDU
3160;2558;#NAZWA?;;7;HIGHER_EDU
3165;2559;L7h-2591UMwLIsqRgRzEF;;7;NA
3163;2560;gV1n2GyfAVzUCFM5-s2iQ;;7;NA
3163;2560;gV1n2GyfAVzUCFM5-s2iQ;;109;NA
3167;2561;K8mWEU1hfs2hFP6f6sBnd;;7;NA
3169;2562;UYgXNPsheKtFirETbLabx;;7;HIGHER_EDU
3171;2563;bpKvLaBPituGjYLdnlvHq;;7;NA
3173;2564;hvOXdIQU6zk_2stuYIK3N;;7;NA
3174;2565;FIt-1TCmlMO-bvjkhNC2z;;7;NA
3177;2568;Xn6oR2ECaUcQLu4_1Hvc9;;7;NA
3180;2571;zmqXdDgoQq9-2_EastPwo;;7;HIGHER_EDU
3184;2572;Ssc1-2dE71Tw9Jv8EMwFP;;7;NA
3185;2573;3rxrSWTh7pwCfckKPDjzk;;7;NA
3188;2574;5G411-Hs3SNNhJz5j-w3V;;7;NA
3186;2575;Ys5R1NqR-bjcHg6DRkUrR;;7;TECHNICAL
3191;2576;epD71eWn_LZ2h5EuzcWn7;;7;NA
3193;2577;qZUzEsWbpGMDunddDrp68;;7;NA
3192;2578;ex-KIMqER0EsYFl-mf1F_;;7;NA
3194;2579;ECKwAyugcReNyXw26IpII;;7;NA
3194;2579;ECKwAyugcReNyXw26IpII;;137;NA
3196;2580;PVQrYoxWDos-wBup7qBWA;;7;NA
3199;2581;kMNgx8ZdrWzAxfYKbaS-h;;7;NA
3198;2582;PQT6wYXDkiz_DVRMyHioa;;7;NA
3201;2583;3SQxlg4hffTscRNDq2Ecl;;7;NA
3202;2584;I9N5UiSdZFqtjIfJknh4J;;106;NA
3202;2584;I9N5UiSdZFqtjIfJknh4J;;7;NA
3204;2585;RXcBB9zBpgy90B73e-CGn;;7;NA
3205;2586;52Oahuq65ZhSrcAWtYc8U;;7;NA
3206;2587;W_b2B1n30JOVnYm_6Kjl4;;7;NA
3208;2588;aqE2PEkOAZUpx_vagYAip;;7;HIGHER_EDU
3210;2589;In3lb1ELSvEhemg274nBy;;7;NA
3212;2590;NhL3RsKsoM1vGtnNN_Vim;;7;HIGHER_EDU
3212;2590;NhL3RsKsoM1vGtnNN_Vim;;3;HIGHER_EDU
3216;2591;aNd2JpldeVLAozmpiWIDy;;7;NA
3217;2592;CJk2GDjOmcg8LR6KAMPJP;;7;NA
3218;2593;TQtUAw0pi4mYkYO12UIh6;;7;NA
3219;2594;FRu28MYfxzHfOsLcqp_pK;;7;HIGHER_EDU
3220;2595;BEOm6koCmdTgAN3aSUfJq;;7;HIGHER_EDU
3221;2596;85Ie5Rg5Rr0XFmA34nZIt;;7;UNFINISHED_HIGHER_EDU
3223;2597;5tv1t8ep3PHTRGyYj7IdS;;115;NA
3223;2597;5tv1t8ep3PHTRGyYj7IdS;;7;NA
3223;2597;5tv1t8ep3PHTRGyYj7IdS;;2;NA
3225;2598;BhxdGCkcTP9Vcra9r2VAV;;7;NA
3227;2599;RqewxgY5g96PRRgI2oBXR;;7;HIGHER_EDU
3227;2599;RqewxgY5g96PRRgI2oBXR;;110;HIGHER_EDU
3230;2600;1wdustW1n3tsBfzPhh_kf;;7;NA
3232;2601;VIMGI0FGJgXTRLH1NmofZ;;7;NA
3234;2602;ahcxUBgUhGHU21xiEwbci;;7;NA
3236;2603;tMMGXAXlcKHfza8mGZgMS;;7;NA
3237;2604;#NAZWA?;;7;NA
3237;2604;#NAZWA?;;3;NA
3239;2605;MCdSA0mvt92bARJHkGgGX;;7;NA
3245;2606;Ck5wYnRMOIgflVq0W4v8I;;7;NA
3243;2607;AWv3eVB8RiCCoYnieqg7l;;7;SECONDARY
3243;2607;AWv3eVB8RiCCoYnieqg7l;;2;SECONDARY
3247;2608;R4CUGM6_d5byOncUxk9jI;;7;HIGHER_EDU
3249;2609;qpfro36RBOB7Dm4_kawG3;;7;SECONDARY
3251;2610;sMcFt2ccbdKbm9z9g9dmN;;7;HIGHER_EDU
3253;2611;NK0N4WgmOe9bjtRN4UKwF;;7;HIGHER_EDU
3253;2612;ahEmsoXd5bMIHwFkgsODl;;7;NA
3254;2613;t9BPL57NCbfdLuISlwudi;;7;NA
3255;2614;N7p0e_-R9C34QWPHRVKJi;;7;NA
3256;2615;Lz8Hc5NfayhBliWzMUv90;;7;HIGHER_EDU
3256;2615;Lz8Hc5NfayhBliWzMUv90;;186;HIGHER_EDU
3258;2616;gLHB-TrbjWoLvJi2aApVj;;7;NA
3260;2617;E8KbhmrLczkPnZUvxHgL_;;7;NA
3260;2618;L8qXO2445-sTJaMDv8RvX;;7;NA
3262;2619;koSWSdyPm0MQz405Dy2g2;;7;NA
3264;2620;VjOB2d02Pbiv10_rOEEvb;;7;SECONDARY
3266;2621;uzH60rF50M1KAzxSLNFYk;;7;NA
3268;2622;E3GUjmXr7j12lZ75wwRvH;;7;NA
3270;2623;uH2q4IXi6AK3b4EB2uoNQ;;7;NA
3271;2624;LcFTfNMNjJ9Kae4lmkoLU;;7;NA
3272;2625;53D15SpHPVdKCD6j9JwEV;;7;HIGHER_EDU
3273;2626;7gBcZs5U0EOtn1G5WHztJ;;7;NA
3189;2627;Zj5YgEsOtjdE2-vpTzbz3;;7;HIGHER_EDU
3275;2628;subepTPm_TJ91FtC0PwW0;;7;NA
3275;2628;subepTPm_TJ91FtC0PwW0;;110;NA
3276;2629;g_syTmLAFwdRxtP8xf9A6;;7;NA
3278;2630;qhRJ3gCF6Y2WorZNUJI-7;;7;NA
3280;2631;BxpQKY3sZ3QJ5B32Ap1kV;;7;NA
3282;2632;jZ6cir0kHVuPZgyh64bzu;;7;HIGHER_EDU
3283;2633;-2LhnN1FX7h6lbEChLsLb;;7;NA
3285;2634;f7qkHZFGVNbv3R4vNVVTN;;7;NA
3285;2635;JjqNA5kZisdXFcPLVIBvi;;7;NA
3287;2636;bAvvYzv7Erult3YOAK3no;;7;HIGHER_EDU
3287;2636;bAvvYzv7Erult3YOAK3no;;7;HIGHER_EDU
3288;2637;gSyrkoz8cwxfpnq42_dYg;;7;NA
3288;2637;gSyrkoz8cwxfpnq42_dYg;;114;NA
3288;2637;gSyrkoz8cwxfpnq42_dYg;;3;NA
3290;2638;ug4BanIXBmsn6wOxTjnCA;;7;NA
3292;2639;ddjf8Zh3P3Li-j0_kj0qX;;7;HIGHER_EDU
3293;2640;lbTKPG7iZ_gJ_vl2PaX54;;7;NA
3294;2641;J15pp64BC51Nf8ggfBo0I;;7;NA
3296;2642;rZeo_PUA-ewhJj5zy9Rpr;;7;NA
3296;2642;rZeo_PUA-ewhJj5zy9Rpr;;2;NA
3297;2643;lLbpK0M0aWXDQeuTPrZfA;;7;SECONDARY
3299;2644;Z-f-gLYuyyjcAztcyOVUz;;7;NA
3301;2646;95mb_dFatr5WDvspQde8f;;7;UNFINISHED_HIGHER_EDU
3301;2646;95mb_dFatr5WDvspQde8f;;6;UNFINISHED_HIGHER_EDU
3303;2647;6AEo3UC9iSyFUVZap5kpa;;7;NA
3304;2648;SjI0fr1Y5vuHj3gDmlZIw;;7;NA
3304;2649;K-dmjLMnRE9qhBkwo7ssv;;7;NA
3307;2650;XQxrhjqnE_M4nODkB5Zi2;;7;NA
3309;2651;A99TFRlTOiYbrTxd6XRSc;;7;NA
3310;2652;bkOHO82jVRpQxAAMLTcty;;7;NA
3310;2652;bkOHO82jVRpQxAAMLTcty;;2;NA
3311;2653;Oft_r0eR-750akrNXwDMN;;7;HIGHER_EDU
3313;2654;XZkV62N6gXdg1q7GDrvKE;;7;SECONDARY
3314;2655;5jtNgkKFmtjuNZ5lmQ5To;;7;NA
3315;2656;nK_48F5SovKw6CKy1iMmv;;7;NA
3315;2656;nK_48F5SovKw6CKy1iMmv;;110;NA
3317;2657;jTEPwMKax7UDe1MrehH_X;;7;NA
3317;2657;jTEPwMKax7UDe1MrehH_X;;3;NA
3016;2658;#NAZWA?;;2;HIGHER_EDU
3318;2659;Y6BRIfodZQULQ91XnBUfW;;7;NA
2568;2660;dqPAIqxlFZwQwK9YFtLvF;;120;NA
2568;2660;dqPAIqxlFZwQwK9YFtLvF;;7;NA
2568;2660;dqPAIqxlFZwQwK9YFtLvF;;6;NA
3320;2661;mumGaixrvu4wxsstMAnoj;;7;SECONDARY
3320;2661;mumGaixrvu4wxsstMAnoj;;8;SECONDARY
3320;2661;mumGaixrvu4wxsstMAnoj;;3;SECONDARY
3321;2662;gxuKWLYBxQcitnx4tYv8N;;7;NA
3324;2664;AlW7CXTRkxjDb_W1aXDLu;;7;NA
3325;2665;rKepgCCvXCr8t3kIjgndI;;7;NA
3327;2666;Fj_BEAjd3sgEK7SAXM0dh;;7;NA
3329;2667;HyOyFrT8ODrIMV-qijkvb;;7;NA
3331;2668;kSVgznlGAHedE8v-1Bmvx;;7;NA
3333;2669;aed3g7HuGzRXnGVVmnvvu;;7;NA
3337;2670;TJeovv0V1S6R4lgMTKAjn;;7;NA
3335;2671;xPk0Yx43A6ej-ps6ofyyk;;7;HIGHER_EDU
3335;2671;xPk0Yx43A6ej-ps6ofyyk;;117;HIGHER_EDU
2709;2672;Rf0desRPGx7j6DLbR3_OZ;;7;NA
3338;2673;3AjmfIKPIczEZalESFVy5;;7;NA
3338;2673;3AjmfIKPIczEZalESFVy5;;2;NA
3341;2674;GXXe-7N1NRenruvVPy-im;;7;NA
3342;2675;MdaJCGtZIVw7Cwz5Lo8_i;;7;SECONDARY
3343;2676;SGnj8z9m5SZj-J7Sgkoo6;;7;NA
3345;2677;D3hCGcwympPVtpWHxp8dA;;7;HIGHER_EDU
3346;2678;CBTSFtLPGTleKR_AIQPul;;7;NA
3349;2679;WGghFczaHgkaUZO_aZsSU;;7;HIGHER_EDU
3351;2680;uVhl68lh6xd8RUPIto2Yy;;7;NA
3356;2681;0-5XUXozlxuatjeMGvLqh;;7;HIGHER_EDU
3358;2682;YoVYfOUX8UhC8HN1i9aN2;;7;HIGHER_EDU
3228;2683;A-jrSaYH5nXt-rXJdEbdu;;7;SECONDARY
3362;2685;f4Ye8avem80Ptlmpxyrsw;;7;NA
3362;2685;f4Ye8avem80Ptlmpxyrsw;;6;NA
3366;2686;cQz8Y8Z07ba86I0VjdpP4;;7;NA
3366;2686;cQz8Y8Z07ba86I0VjdpP4;;2;NA
3367;2687;5IAmeZ7-66CvnyHFrwzjq;;7;HIGHER_EDU
3367;2687;5IAmeZ7-66CvnyHFrwzjq;;2;HIGHER_EDU
3369;2688;lu7WDtaFhtF6i5lr13xZC;;7;NA
3373;2689;xEQLt2qat9Td5b4gl7JDy;;7;NA
2477;2690;MEWFBnbWeSfV3HohoMwgp;;7;NA
2477;2690;MEWFBnbWeSfV3HohoMwgp;;3;NA
3374;2691;CTiCVSupTKGU9j9_JLjbm;;2;NA
3376;2692;_9ShhUsTAc9dBvDeIkoAb;;7;HIGHER_EDU
3378;2693;4y1X2fSSirjEoE2vgEAv7;;7;HIGHER_EDU
3378;2693;4y1X2fSSirjEoE2vgEAv7;;108;HIGHER_EDU
3378;2694;U0f-nDKpORyDu8QUcvB4F;;7;NA
3378;2694;U0f-nDKpORyDu8QUcvB4F;;108;NA
3379;2695;xBudfXU5-pMup4AAbsVwS;;7;NA
3379;2695;xBudfXU5-pMup4AAbsVwS;;108;NA
3381;2696;g_0qfFE8YXBkrQbTl4DuD;;7;NA
3381;2696;g_0qfFE8YXBkrQbTl4DuD;;105;NA
3383;2697;r7dtd9Yh6J2s7JMRbziB6;;3;HIGHER_EDU
3384;2698;dHtm1cotVJwp_0nkTagvP;;142;NA
3384;2698;dHtm1cotVJwp_0nkTagvP;;7;NA
3384;2698;dHtm1cotVJwp_0nkTagvP;;6;NA
3386;2699;KIw3oCA6CtBZ081E3UZju;;7;HIGHER_EDU
3386;2699;KIw3oCA6CtBZ081E3UZju;;111;HIGHER_EDU
3387;2700;0RMUG6gt_9Q07woV0BPDS;;7;HIGHER_EDU
3387;2700;0RMUG6gt_9Q07woV0BPDS;;111;HIGHER_EDU
3387;2700;0RMUG6gt_9Q07woV0BPDS;;6;HIGHER_EDU
3388;2701;sLTr5UdkjgGAQHFNpbKMl;;5;HIGHER_EDU
3388;2701;sLTr5UdkjgGAQHFNpbKMl;;182;HIGHER_EDU
3388;2701;sLTr5UdkjgGAQHFNpbKMl;;7;HIGHER_EDU
3390;2702;RxfWeJc1XRy54L7P92sT_;;2;NA
3392;2703;7hpy1jA69OwjSTjDRBrj6;;105;HIGHER_EDU
3392;2703;7hpy1jA69OwjSTjDRBrj6;;7;HIGHER_EDU
3393;2704;2wEQ8ODsJ_Pi2alEZ21UB;;7;NA
3393;2704;2wEQ8ODsJ_Pi2alEZ21UB;;2;NA
3395;2705;PXZ-yuMMuQhFYONi7RSdV;;105;NA
3395;2705;PXZ-yuMMuQhFYONi7RSdV;;7;NA
3395;2705;PXZ-yuMMuQhFYONi7RSdV;;185;NA
3396;2706;YVr0rpCZxKXgcOaaYwtS5;;7;NA
3396;2706;YVr0rpCZxKXgcOaaYwtS5;;2;NA
3397;2707;X8pfEQ8luCC71x4XdeQUG;;7;HIGHER_EDU
3397;2707;X8pfEQ8luCC71x4XdeQUG;;3;HIGHER_EDU
3398;2708;luofWPDEqjSDFPWXst0mK;;7;SECONDARY
3398;2708;luofWPDEqjSDFPWXst0mK;;2;SECONDARY
3400;2709;HWk9erCGXaa2Ee2ufbM-i;;7;TECHNICAL
3400;2709;HWk9erCGXaa2Ee2ufbM-i;;114;TECHNICAL
3401;2710;Pr30I2r8mkfxBFgTOqAxi;;7;HIGHER_EDU
3401;2710;Pr30I2r8mkfxBFgTOqAxi;;3;HIGHER_EDU
3402;2711;XrPKI-yyEl8z-7cy3moG5;;7;NA
3404;2712;e-aTxAkE9Llu3dOyR0ifx;;7;HIGHER_EDU
3404;2712;e-aTxAkE9Llu3dOyR0ifx;;110;HIGHER_EDU
3406;2713;u-jc_AYSl2QXLf6Nkx1jR;;108;PHD
3406;2713;u-jc_AYSl2QXLf6Nkx1jR;;7;PHD
3406;2713;u-jc_AYSl2QXLf6Nkx1jR;;3;PHD
3407;2714;zsecbsYFxhi05QUtT6JWT;;7;NA
3407;2714;zsecbsYFxhi05QUtT6JWT;;106;NA
3408;2715;zuqZATYcZ2YbaYskBHPAF;;7;HIGHER_EDU
3408;2715;zuqZATYcZ2YbaYskBHPAF;;130;HIGHER_EDU
3408;2715;zuqZATYcZ2YbaYskBHPAF;;5;HIGHER_EDU
3410;2716;iTDj8HM5EndcFRaS_Lf-w;;7;HIGHER_EDU
3410;2716;iTDj8HM5EndcFRaS_Lf-w;;3;HIGHER_EDU
3411;2717;DfGME7aBst-lpfBH2AZjL;;6;HIGHER_EDU
3412;2718;OYqrQcsaGy7P-zUBYJDjq;;2;NA
3413;2719;_ZocSiBtXJ-nNWvoCWKpv;;2;NA
3413;2719;_ZocSiBtXJ-nNWvoCWKpv;;7;NA
3414;2720;CbylfNIXFKcrN6eAW9rHA;;7;NA
3418;2721;RRvaIgbPfnlNLvFxtBEvq;;7;NA
3418;2721;RRvaIgbPfnlNLvFxtBEvq;;111;NA
1464;2722;uazyksbVxnzs7Hdozk9fA;;7;NA
3420;2723;BJm-K_4rGGKJp-f8nsO-6;;7;NA
3420;2724;qFGSQmoA-2OWxamUoxZXT;;7;NA
3420;2724;qFGSQmoA-2OWxamUoxZXT;;2;NA
2329;2725;c9UGCKKh9-Rr6Ct0DDN3M;;7;HIGHER_EDU
3424;2726;LmvMtu1yMknKp2z8du7Qm;;7;NA
3424;2726;LmvMtu1yMknKp2z8du7Qm;;110;NA
3426;2727;vYMtG3TQxztpXzJynSXWg;;7;HIGHER_EDU
3426;2727;vYMtG3TQxztpXzJynSXWg;;116;HIGHER_EDU
3422;2728;-1ogbloSV8KEYhmKgglyr;;7;HIGHER_EDU
3428;2729;plPwpBD7Ky-biaQFGEBlh;;7;NA
3428;2729;plPwpBD7Ky-biaQFGEBlh;;111;NA
3429;2730;fAQ6mDlr6BIQpjjhTzPZo;;7;SECONDARY
3429;2730;fAQ6mDlr6BIQpjjhTzPZo;;3;SECONDARY
3429;2731;k-7b0lZrR6PakdoAaMCTL;;7;NA
3429;2731;k-7b0lZrR6PakdoAaMCTL;;3;NA
3433;2732;XO559vctgZqb62DVv9Daq;;7;NA
3077;2733;kz7kctyPunWcpoeL3fgi6;;2;HIGHER_EDU
3434;2734;zEdxLG83VBDzlHT0qF2Zg;;114;HIGHER_EDU
3434;2734;zEdxLG83VBDzlHT0qF2Zg;;7;HIGHER_EDU
3436;2735;pzYgtl8MdMtZvSxz9YFW8;;7;NA
3436;2735;pzYgtl8MdMtZvSxz9YFW8;;6;NA
2534;2736;UhfEY3psDg4d5l9OsJCsu;;7;NA
3437;2737;5B7vE7ugOpP5WPaoiUBUA;;7;NA
3437;2737;5B7vE7ugOpP5WPaoiUBUA;;3;NA
3439;2738;lsV2JLb_WasByBeE-jmWt;;2;HIGHER_EDU
3439;2738;lsV2JLb_WasByBeE-jmWt;;7;HIGHER_EDU
3441;2739;UKALuZkLc67KhTU4Z-Jfg;;182;NA
3441;2739;UKALuZkLc67KhTU4Z-Jfg;;7;NA
3441;2739;UKALuZkLc67KhTU4Z-Jfg;;2;NA
3443;2740;XE9jKgkaifpwZ5BLzdl6c;;7;HIGHER_EDU
3443;2740;XE9jKgkaifpwZ5BLzdl6c;;105;HIGHER_EDU
3444;2741;sl9f-s4FKeyM2clrQHW8P;;7;NA
3446;2742;oD4PVGwdgGThdo60e25WY;;7;NA
3449;2743;rW76z0qnM84cuV3BevwpX;;7;HIGHER_EDU
3450;2744;ZZRjRGi0QgrdCCgXthIUM;;7;NA
3453;2745;Sejyi2R42I6epSy-x03ba;;7;NA
3452;2746;HY0T0Rqna3jpoevy-Bn7K;;7;HIGHER_EDU
3457;2747;_57Kx4tHWWthoma1TdLSh;;7;UNFINISHED_HIGHER_EDU
3457;2748;9cELO2Me1S622tQxcO4E7;;7;NA
3455;2749;Ph5T6xoq_mFNe2y5EBcdQ;;7;NA
3455;2749;Ph5T6xoq_mFNe2y5EBcdQ;;107;NA
3459;2750;iy2WoGJJFwhID_jPayGBg;;7;HIGHER_EDU
3461;2751;u6b8vhRDxniusb7korhJD;;7;SECONDARY
3461;2751;u6b8vhRDxniusb7korhJD;;2;SECONDARY
3462;2752;4sglcOVS63LS7iCV0Vg3F;;7;UNFINISHED_HIGHER_EDU
3462;2752;4sglcOVS63LS7iCV0Vg3F;;110;UNFINISHED_HIGHER_EDU
3464;2753;9WXewiQYbdVFFiGq02u7v;;7;SECONDARY
3467;2754;KaD8E8uF6GVZXGybboTWq;;7;HIGHER_EDU
3466;2755;LtxqhNc6bpdTCYgjgWvOm;;7;UNFINISHED_HIGHER_EDU
3468;2756;GtVVf017J-JlBklXtc8TS;;7;NA
3471;2758;#NAZWA?;;7;HIGHER_EDU
3471;2758;#NAZWA?;;120;HIGHER_EDU
3471;2758;#NAZWA?;;129;HIGHER_EDU
3471;2758;#NAZWA?;;6;HIGHER_EDU
3472;2759;ih4qAw0Z5kgDHfegqD20S;;7;HIGHER_EDU
3474;2760;8ps00Wx4SeRhhfXfzes4C;;7;HIGHER_EDU
3473;2761;g3mPMSIlf3mq3Z2Z4MEcy;;7;NA
3475;2762;_mp8Ci9cSZhdPqa4DyEVe;;7;PHD
3478;2763;H0fUMYmy50JQ-Olo5EguO;;7;NA
3480;2764;ikjzwJYDyL2G9cIBiwgbX;;7;NA
3477;2765;O0Aj1GkMheZwClXU_teTv;;7;NA
3477;2765;O0Aj1GkMheZwClXU_teTv;;2;NA
3482;2766;SkTEySV8ZNWzDTJuF-vEs;;7;NA
3482;2766;SkTEySV8ZNWzDTJuF-vEs;;2;NA
3482;2766;SkTEySV8ZNWzDTJuF-vEs;;105;NA
3484;2767;HZgZ6fLU7w_yU6g6z8lPs;;7;NA
3485;2768;13pEzDQthy0aa-m-bvOHB;;7;HIGHER_EDU
3486;2769;OT6uNF2qUJ3sOvQqAuBwg;;7;HIGHER_EDU
3487;2770;V5u0weUehn9Mnv1I3yECi;;7;NA
3489;2771;2wX1cpL-rsw3Ycu6sSZyD;;7;NA
3491;2772;qUi4eepNrzA9VDcpMkLJc;;7;NA
3491;2772;qUi4eepNrzA9VDcpMkLJc;;2;NA
3496;2773;b8tXbpXV3-wFhCEtMPVIP;;7;HIGHER_EDU
3498;2774;SsPixgiYIQKQiqsuhx6SX;;7;NA
3498;2775;KRmYs1qqUmZ8KaVAppGt2;;7;NA
3499;2776;euGWnAZzT5yQEeW-54CG_;;7;NA
3501;2777;nXk32c40jgN9vqIA-LAcb;;109;NA
3501;2777;nXk32c40jgN9vqIA-LAcb;;7;NA
3503;2778;vEeeO8y0s27fYLjWk3qLf;;7;HIGHER_EDU
3504;2779;KAKlnRWkSZacFzlRqM4nV;;7;NA
3506;2780;4VrGbRYFvshSsWsLDGNjT;;7;NA
3507;2781;cYRJAejuHy_drF4218pkm;;7;NA
3507;2781;cYRJAejuHy_drF4218pkm;;120;NA
3508;2782;hNc40yT_thr9uFH1vnEo8;;7;NA
3510;2783;WJiTXt6GBt2Tu7C26icSm;;7;HIGHER_EDU
3512;2784;TPLrRy8FRASdUZSGmL5s0;;7;NA
3512;2784;TPLrRy8FRASdUZSGmL5s0;;168;NA
3512;2784;TPLrRy8FRASdUZSGmL5s0;;110;NA
3515;2785;lM1d4Rqh3BGvo0Q_fpq5h;;129;NA
3515;2785;lM1d4Rqh3BGvo0Q_fpq5h;;7;NA
3515;2785;lM1d4Rqh3BGvo0Q_fpq5h;;2;NA
3517;2786;qaVxpp_LIXZL9gb3JZiBI;;7;NA
3518;2787;uxLphcMKcRmlU505IVdlN;;7;HIGHER_EDU
3518;2787;uxLphcMKcRmlU505IVdlN;;110;HIGHER_EDU
3519;2788;i8KAbC31BY3Qlxd3EJKOD;;110;NA
3516;2789;JIVl3WqMqn9MU-vbRL2S0;;7;HIGHER_EDU
3521;2790;ioSqvvoZuekmeyS6En8FU;;7;NA
3523;2791;1jZLAm_w1rwDeL4_qv81u;;110;NA
3525;2792;rcOz1GSTmO4331RasqYYE;;7;NA
3526;2793;n1_zsMn8ShNjqDFIDAEhg;;7;NA
3527;2794;j8Sjjh4_ZyhJfM-dtsVwG;;7;NA
3527;2794;j8Sjjh4_ZyhJfM-dtsVwG;;107;NA
3528;2795;thNSUEwQwiD74-45eCWmN;;7;HIGHER_EDU
3528;2795;thNSUEwQwiD74-45eCWmN;;114;HIGHER_EDU
3530;2796;J2Nvtgpe_z2KLrHLEfVZt;;7;NA
3530;2797;TJ0KQ0fkXXIlfv_xFeD3F;;7;NA
3531;2798;RXCLrP5ZmU-vWlv4vVq4S;;7;NA
3531;2798;RXCLrP5ZmU-vWlv4vVq4S;;3;NA
3531;2798;RXCLrP5ZmU-vWlv4vVq4S;;105;NA
3533;2799;aePl8Dz6La9k_bXqAe0xf;;7;NA
3534;2800;Rd1oXm1TwYafhG7-TKZPl;;7;NA
3537;2801;pqHE7usltLrYxtg2BVbqd;;7;NA
3537;2801;pqHE7usltLrYxtg2BVbqd;;109;NA
3541;2802;BMIOZFGlmLk0GAkhtZVYr;;7;SECONDARY
3543;2803;TeObvlfu28yFi7rc-cP1X;;7;HIGHER_EDU
3545;2804;dXBBojuhE4RNKywIDqvBb;;7;SECONDARY
3547;2805;XPFsk8hS-UU9NNJCbG4mw;;7;HIGHER_EDU
3548;2806;I7_YJonAvCTzTu3EZn1_-;;7;HIGHER_EDU
3549;2807;J8cPDbcQXEyVHiiyJApZC;;7;NA
3549;2807;J8cPDbcQXEyVHiiyJApZC;;3;NA
3551;2808;OeZdMWGjXkAuokCPwKUCU;;7;HIGHER_EDU
3552;2809;RWCqByygFZ5426A9_4iDZ;;7;NA
3555;2810;9iRE_rpjV5XpVw6pyq7jJ;;105;HIGHER_EDU
3555;2810;9iRE_rpjV5XpVw6pyq7jJ;;7;HIGHER_EDU
3553;2811;fqMaNAdh2NRxLemGut74y;;7;NA
3557;2812;3tVntMFjqPCizWpn3X_7n;;7;NA
3559;2813;gfSmpRWmGy2EAy-H84O-H;;7;NA
3561;2814;1j1JzsJ8Lq5G45V1NuIln;;7;NA
3557;2815;ZbELzENMaqu3ONg3C1IpG;;7;NA
3563;2816;LOnsd2DWTQdjRWY2N6tvL;;7;HIGHER_EDU
3566;2817;ULcWrf9_gH-ARjMNV-_Iy;;7;SECONDARY
3568;2818;nrRCQFXexylYw8UuA1dIU;;7;NA
3568;2818;nrRCQFXexylYw8UuA1dIU;;2;NA
3571;2819;jHpMTDH7MUaD97lu2rfQo;;7;HIGHER_EDU
3573;2820;uf08bMO26m1bJYHwNDRlW;;7;HIGHER_EDU
3564;2821;JuRnPSpk1uR1IY_eZAUm0;;7;NA
3570;2822;mtD3kwu_g79kcBNHf5Kou;;7;UNFINISHED_HIGHER_EDU
3568;2823;je30V7fwB9Q26EabE-u9h;;7;HIGHER_EDU
3568;2823;je30V7fwB9Q26EabE-u9h;;2;HIGHER_EDU
3576;2824;F_gzW63RjmQ3FaWDR3934;;7;NA
3576;2824;F_gzW63RjmQ3FaWDR3934;;112;NA
3574;2825;w3163U1o0Bx1sHGOq8P63;;2;HIGHER_EDU
3574;2825;w3163U1o0Bx1sHGOq8P63;;7;HIGHER_EDU
3578;2826;rXOMFGWVaJG17eHO6X2oi;;7;NA
3579;2827;0udbQCJTJATWDnVPPN6OY;;7;HIGHER_EDU
3577;2828;zg_x6BfHbKuHzfRjDZ_WQ;;7;SECONDARY
3577;2828;zg_x6BfHbKuHzfRjDZ_WQ;;2;SECONDARY
3580;2829;iWImYC9vbykl5XpqeTka4;;7;NA
3582;2830;D6tnY_GD_uq7N-VQiHRs-;;7;NA
3583;2831;QJuFex2nrDFC3NCyEt_r3;;7;UNFINISHED_HIGHER_EDU
3584;2832;xnNuJ2jrJ5CMgpLlr2nHO;;7;NA
3584;2832;xnNuJ2jrJ5CMgpLlr2nHO;;106;NA
3584;2832;xnNuJ2jrJ5CMgpLlr2nHO;;6;NA
3586;2833;wPcrjOmS0f0KRlB_V9gao;;3;HIGHER_EDU
3586;2833;wPcrjOmS0f0KRlB_V9gao;;107;HIGHER_EDU
3586;2833;wPcrjOmS0f0KRlB_V9gao;;7;HIGHER_EDU
3587;2834;GVaAYQzzzBfPneJ7zT3Fg;;7;NA
3587;2834;GVaAYQzzzBfPneJ7zT3Fg;;2;NA
3592;2835;YZSAkJKtS0glDFW7Di5lx;;7;HIGHER_EDU
3592;2835;YZSAkJKtS0glDFW7Di5lx;;105;HIGHER_EDU
3592;2835;YZSAkJKtS0glDFW7Di5lx;;3;HIGHER_EDU
3589;2836;BimcnWxVUS8exElxcwXZj;;7;NA
3594;2837;BI-3pSrZAwjncDXuS2cTz;;7;PHD
3596;2838;z2gB70DR81kLpPueKV43W;;7;NA
3599;2839;cxDKKOcX7PRIptr53zfSa;;7;NA
3601;2840;5syUiB5LrW450HZ7szLNN;;7;UNFINISHED_HIGHER_EDU
3601;2840;5syUiB5LrW450HZ7szLNN;;114;UNFINISHED_HIGHER_EDU
3603;2841;0TmrlTbefMdtOPAkIvwzM;;7;HIGHER_EDU
3603;2842;oznb2RRbmMCx6Y5VYSQZ2;;7;NA
3606;2843;HcRjdHhjMY7UK86qjSyra;;7;HIGHER_EDU
3606;2843;HcRjdHhjMY7UK86qjSyra;;6;HIGHER_EDU
3605;2844;h2ZhuVs9zO0lDTO-5Olgf;;7;UNFINISHED_HIGHER_EDU
3605;2844;h2ZhuVs9zO0lDTO-5Olgf;;6;UNFINISHED_HIGHER_EDU
3609;2845;1Li_xTcmvsU9HFIMpJJ06;;7;NA
3611;2846;Zt4RLWTwd6DECEdsGCbaz;;7;SECONDARY
3611;2846;Zt4RLWTwd6DECEdsGCbaz;;3;SECONDARY
3613;2847;FqHZ0Un9DMN8lZk9bBTDW;;7;NA
3607;2848;rqXcgin_bkGYZMVjYYgy0;;7;HIGHER_EDU
3615;2849;OcngbK1bIDNye7vsId2JE;;7;SECONDARY
3617;2850;j5H5QjldxKDA-ZrctIVNB;;7;HIGHER_EDU
3618;2851;JFpt0RGDoIYBbVLVRc4ua;;7;UNFINISHED_HIGHER_EDU
3619;2852;i5tgUwqA2VXEWyF-OvNH_;;7;HIGHER_EDU
3620;2853;01t7s7oWJjg18IWFg_wcn;;7;HIGHER_EDU
3622;2854;enskdT5hzmQtVMmvJ6E9q;;7;NA
3619;2855;x1d4Mqfez9qTa6wOIbAcZ;;7;NA
3624;2856;UR0grHRP5EaKXkVUOy6B3;;7;SECONDARY
3625;2857;VJygUoB9xPKg7KCd2WRvo;;7;HIGHER_EDU
3627;2858;iibEktODOXPhRgpfl-TLa;;7;NA
3627;2858;iibEktODOXPhRgpfl-TLa;;2;NA
3628;2859;qBWUnX6UFe_-P-2rHrZT4;;7;NA
3628;2859;qBWUnX6UFe_-P-2rHrZT4;;2;NA
3629;2860;CbBIORnFuxyABfq05FtUu;;7;NA
3631;2861;9xc7xtMyK8ktLoxCteeA3;;7;NA
3634;2862;cOcXYTOtYB1lP2703aN__;;7;HIGHER_EDU
3636;2863;4IzWUxwGQzJiGGgMqt3_K;;7;NA
3633;2864;Bg_jMCcMYQjjDyxCxQFmk;;7;HIGHER_EDU
3639;2865;bFEEgUCx8FuDpIiuHK0xM;;7;HIGHER_EDU
3641;2866;3M7QbNMfo0n6cCZlNDuGq;;7;NA
3643;2867;J8giZXFZBujBAuu2IC4B9;;7;HIGHER_EDU
3637;2868;mjAnrZTO_rGkdiLgw8duV;;3;HIGHER_EDU
3638;2869;WqONkIoXgSzZz6_M0m0V4;;7;NA
3638;2869;WqONkIoXgSzZz6_M0m0V4;;142;NA
3638;2869;WqONkIoXgSzZz6_M0m0V4;;6;NA
3648;2870;Yvy3tQ-HTSLo4pxbIWJfT;;7;SECONDARY
3649;2871;fIl6D-mlAttz9SsIg2XO5;;7;NA
3651;2872;LuLZP4frsKBN-VC3t4661;;7;NA
3654;2873;eBe4ipcn3cstf8t0gMyH5;;7;NA
3652;2874;XaVs8avU3fVj24C9nMS9V;;7;HIGHER_EDU
3658;2875;r2gqpQbUcR4EBTYOUqsB4;;7;NA
3658;2875;r2gqpQbUcR4EBTYOUqsB4;;2;NA
3660;2876;YPPJJn25X1pI1nTZlUag2;;7;PHD
3660;2876;YPPJJn25X1pI1nTZlUag2;;2;PHD
3660;2876;YPPJJn25X1pI1nTZlUag2;;7;PHD
3660;2876;YPPJJn25X1pI1nTZlUag2;;2;PHD
3662;2877;1i0bK0pq6Js_ECVC-Q7nr;;7;HIGHER_EDU
3663;2878;pqGe0wwTfS4ERduy9Ym1F;;7;UNFINISHED_HIGHER_EDU
3665;2879;KFFncA_wkjMSrZTyOJBLH;;7;NA
3669;2880;wUA2lgQSEaJrekB4Sdegl;;7;HIGHER_EDU
3664;2881;EiCXh4042umgGFR1Mj5wW;;7;PRIMARY
3664;2881;EiCXh4042umgGFR1Mj5wW;;7;PRIMARY
3673;2882;fOrq8ASoOnq7jxM4CotQl;;7;HIGHER_EDU
3672;2884;Hqz0W2jyuQ_y-kY737iKP;;7;HIGHER_EDU
3674;2885;uEHkh0XV3xYRi2Y0ID3Ti;;7;HIGHER_EDU
3680;2886;S6NgEay83LaYZfpEsS5PN;;7;NA
3678;2887;78kwuq7aH_87uc3NypBYL;;7;NA
3676;2888;U3M1MAovaF4PZoxQ-8jmJ;;7;HIGHER_EDU
3677;2889;RTwhLmHmjZj3Plxh2Rzhl;;7;HIGHER_EDU
3684;2890;ufM7U9wCJTp0Pj0D8t3RE;;7;HIGHER_EDU
3686;2891;r-L8zpAOq0wnUqS5peqvS;;7;HIGHER_EDU
3688;2892;R6pp9FgYXE-1-rVDuUK84;;7;NA
3690;2893;YA_uj6VC_PT8DveFyTbqT;;7;NA
3692;2894;Bl6KhrPmcHJhRBzfWY58b;;7;NA
3691;2895;o2mAMXSPr1IE_iBzZa6Sn;;7;NA
3691;2895;o2mAMXSPr1IE_iBzZa6Sn;;105;NA
3694;2896;wBEAdtuF8rDnlSf--0U99;;7;HIGHER_EDU
3694;2896;wBEAdtuF8rDnlSf--0U99;;7;HIGHER_EDU
3694;2896;wBEAdtuF8rDnlSf--0U99;;7;HIGHER_EDU
3695;2897;91yGOMjUI54AL8wHNf1Zm;;7;HIGHER_EDU
3696;2898;L9OLO3Ri2I9enasYrCJN-;;7;HIGHER_EDU
3698;2899;4CV8ojjGztVuHLjHoWmQL;;7;HIGHER_EDU
3699;2900;dOsEEqTMmeB7TymZycwIr;;7;SECONDARY
3703;2901;zpio5LPDyUF0mI0FR4Xj-;;7;HIGHER_EDU
3709;2902;TqwqDg0VkSUnSQv6CF7H9;;7;HIGHER_EDU
3709;2902;TqwqDg0VkSUnSQv6CF7H9;;2;HIGHER_EDU
3708;2903;RVHtMoQcrKIKpwjlo3tC1;;7;NA
3707;2904;vo9htUhO45hy-Zg_BOv3J;;7;HIGHER_EDU
3711;2905;eq99xJ6nHCyjADbzCVBiu;;7;NA
3714;2906;5ofw7njegR0c9t4cYEcUV;;7;NA
3715;2907;lkYBryNPFMJz_NrOfJ-2H;;7;HIGHER_EDU
3712;2908;qzTkNqLre-KdHtEbLcX6o;;7;NA
3712;2908;qzTkNqLre-KdHtEbLcX6o;;110;NA
3719;2909;Ru114XMdTy25ZhcCXF3hw;;7;NA
3720;2910;-W7HcWcAVwcNUWA9SMYln;;7;SECONDARY
3720;2910;-W7HcWcAVwcNUWA9SMYln;;2;SECONDARY
3724;2911;VZ87NJgGIRBAYZGNFkA6n;;7;NA
3724;2911;VZ87NJgGIRBAYZGNFkA6n;;2;NA
3722;2912;bu-f0e1sJ_QnZWAClqGIO;;7;NA
3717;2913;ijLIdpR_Fke7EPr2jWI45;;7;HIGHER_EDU
3726;2914;jdFGma9rmqFBA_OMEv-66;;7;HIGHER_EDU
3731;2915;u8EIhHspNimJ9BzPa1X48;;7;HIGHER_EDU
3733;2916;u5sz_rJV-RGTRIs5c4est;;7;NA
3724;2918;XAdva1otjyD61wC10zJ1C;;7;NA
3724;2918;XAdva1otjyD61wC10zJ1C;;2;NA
3728;2919;sC9sYhuHKShumt9kpDveJ;;7;HIGHER_EDU
3738;2920;C80U0TSxNthF6gkXPKUKs;;7;HIGHER_EDU
3739;2921;4SceZVjmYEZnva7ndKlmE;;7;HIGHER_EDU
3735;2922;FOg7bc6H-5uedw6_LRofP;;7;UNFINISHED_HIGHER_EDU
3737;2923;BOnrQOfcpShYKs7fApMcN;;7;NA
3730;2924;bvg8g9GCJpLKkweY_rLBs;;7;HIGHER_EDU
3741;2925;sHa3OrtoFCaVkxlKdG_Hn;;7;NA
3744;2926;EtCGtLnhReDJr6ht909aN;;7;UNFINISHED_HIGHER_EDU
3742;2927;C4gIP2NyE3jlJy43zr6Ha;;7;HIGHER_EDU
3728;2928;LdC3G0n1Er07U3yxNnK5x;;7;NA
3728;2928;LdC3G0n1Er07U3yxNnK5x;;110;NA
3749;2929;u5t032e-nxykUt9N9EC3P;;7;TECHNICAL
3746;2930;95T6-FNx_YG0CmkIb6VGn;;7;HIGHER_EDU
3752;2931;zReQqw73s0Er3uiJe3j4T;;7;HIGHER_EDU
3754;2932;jAdOUq_kImTLS9K8zOy6o;;7;NA
3751;2933;xmiC4azyL4y1yTPmKaj6O;;7;HIGHER_EDU
3750;2934;s1JMt3tiiONNEcmDqLb2w;;7;NA
3759;2935;HRT1mw7N8UrNcDXz6zCif;;7;NA
3757;2936;tes00rtaI8lP2J0kaaTKk;;7;NA
3756;2937;6upAfG10RiSUeiAPI5X11;;7;HIGHER_EDU
3761;2938;uAMFbTIYnXA_quW3ULQyu;;7;HIGHER_EDU
3763;2939;Epa7Zb7n_PLHWgI2wFlNA;;7;HIGHER_EDU
3763;2939;Epa7Zb7n_PLHWgI2wFlNA;;2;HIGHER_EDU
3765;2940;#NAZWA?;;7;NA
3768;2941;sHspEe9aZcfZ5fPhsov4Q;;7;UNFINISHED_HIGHER_EDU
3773;2942;ybu5AmuMAn2C9TA9LuczG;;7;NA
3766;2943;9Q8A7SAg4yDOqyThMRk7P;;7;HIGHER_EDU
3767;2944;#NAZWA?;;7;HIGHER_EDU
3772;2945;nvUVGxseWDr4M3ggMBish;;7;HIGHER_EDU
3762;2946;nWBTurbdxLGKyAwWrHEJf;;7;NA
3765;2947;BCaDnCfuTiIVoxRczKW-L;;7;HIGHER_EDU
3765;2947;BCaDnCfuTiIVoxRczKW-L;;2;HIGHER_EDU
3774;2948;5pR9IrKm83M-5qzB1zilt;;7;NA
3769;2949;Helo8c7QZVAWIKFxizIxL;;7;NA
3777;2950;wRe4BsfDu0bqxwMjPL_xY;;7;HIGHER_EDU
3776;2951;CiNQDG-DO_XjYayTi5z2g;;7;PHD
3779;2952;tvGjLzmhvr5hiRa-Lag5p;;7;NA
3645;2953;IfWMv0mTyCsLjJI4xQV0E;;7;HIGHER_EDU
3762;2954;zwfaYRpeM7i_ZVgzEmpD7;;7;HIGHER_EDU
3782;2955;DbEu60BgqspkwBKvJplNG;;7;NA
3784;2956;0IEj3J7dvf4ZSN0LGSjPi;;7;NA
3790;2957;vtCggr_r9L7hNyHZdrDQK;;7;NA
3790;2957;vtCggr_r9L7hNyHZdrDQK;;114;NA
3793;2958;oa9BjL26aUlWFAuQycnwe;;7;HIGHER_EDU
3788;2959;NXaI05nvMcnYp7yjjOers;;7;NA
3797;2960;PnwnMZot2UaDSn47NTOR5;;7;HIGHER_EDU
3792;2961;#NAZWA?;;7;HIGHER_EDU
3645;2962;6Crem3Yw5pGDeHaAeDgyL;;7;NA
3781;2963;CZGZb5OfDxPl3eVJCteCJ;;7;NA
3781;2963;CZGZb5OfDxPl3eVJCteCJ;;7;NA
3799;2964;fVYL1Vzq1FJlz_ERxKSIK;;7;HIGHER_EDU
3798;2965;PBmUGfhNN-voBlVST95Y-;;7;HIGHER_EDU
3801;2966;XABZXobmLNtAhGEHbM7Mj;;7;NA
3801;2966;XABZXobmLNtAhGEHbM7Mj;;7;NA
3682;2967;V57-rBdST6dI4laH3uThI;;7;NA
3802;2968;_CGns1wQlmvbxpyYquHa8;;7;NA
3786;2969;GqPuLdJNWL2rCbLCNQYyo;;7;HIGHER_EDU
3804;2970;m7lpunt-l1nQmDAlfQSiJ;;7;NA
3804;2970;m7lpunt-l1nQmDAlfQSiJ;;2;NA
3806;2971;vt9xACfM1ihOsYybFb0_S;;7;HIGHER_EDU
3796;2972;PKIK9Si10e50PDE3f9NFi;;7;NA
3805;2973;V1U4Ms5vFYdc3LkAaaKyr;;7;HIGHER_EDU
3813;2974;MTNNvBkpZFamLyPWCaHR6;;7;NA
3815;2975;_R0LB0TE32aEqDguxe1hL;;7;NA
3809;2976;DM7anFBbQy8CEjcCSXdJ9;;7;NA
3814;2977;7nCexRKM2JL2mI6iMCUPL;;7;HIGHER_EDU
3821;2978;KMpmxvwIent39DvrLKLHq;;7;NA
3808;2979;cVHNCaZr9GJDLaW7iJ7Vq;;7;HIGHER_EDU
3816;2980;kV3E9K_ACcru6VQ0RVvHN;;7;HIGHER_EDU
3823;2981;wxYhR6GE-Kt0f6ky0bReI;;7;NA
3817;2982;W4dgxY-JJj0ybUDL7PJLu;;7;HIGHER_EDU
3822;2983;0uFs_X7rieijnH4UpEI2Z;;7;HIGHER_EDU
3826;2984;FAUKfiDjlHbwnGH2laPNn;;7;NA
3830;2985;lL5kM5ai-UlRUZeHsPnzK;;7;NA
3819;2986;5Fc2USg1OZaf3oysJ-PQT;;7;HIGHER_EDU
3832;2988;IgbfBQ3Yvhml7uW8gp3Eq;;7;SECONDARY
3825;2989;pS0GSMOr5OyAikgg0jRh7;;7;UNFINISHED_HIGHER_EDU
3795;2990;TRaNyYeT7mYWS0jU8RLJI;;7;NA
3824;2991;7G2sVZZWXILzqVp-INFSZ;;7;HIGHER_EDU
3824;2991;7G2sVZZWXILzqVp-INFSZ;;2;HIGHER_EDU
3834;2992;7sU6A7-LRr2wLHaSLGoDm;;7;HIGHER_EDU
3831;2993;FqB89khCKqJHMU-11zHyu;;7;HIGHER_EDU
3836;2994;582bNOmwFIvMJ2i4ec6rW;;7;HIGHER_EDU
3833;2995;6LeDB5v34OVTTzh8wf1gI;;7;HIGHER_EDU
3705;2996;XJMGguhjsZxvl-cjYxEig;;7;HIGHER_EDU
3842;2997;PxM6C9fh_RJ8xYCYKeAKm;;7;HIGHER_EDU
3782;2998;EoD6lLMTcrBrhlS2L0cEi;;7;NA
3782;2998;EoD6lLMTcrBrhlS2L0cEi;;2;NA
3840;2999;dl9PNodSmXfB9T1WJNFxg;;7;HIGHER_EDU
3847;3000;NtYhTmT7oZ294dDvgKiZD;;7;HIGHER_EDU
3853;3001;leuZBo7XXKGZZbSFg8XDK;;7;UNFINISHED_HIGHER_EDU
3783;3002;7HVnAdNFW6hvvDrCO2IMY;;7;HIGHER_EDU
3783;3002;7HVnAdNFW6hvvDrCO2IMY;;6;HIGHER_EDU
3783;3002;7HVnAdNFW6hvvDrCO2IMY;;199;HIGHER_EDU
3783;3002;7HVnAdNFW6hvvDrCO2IMY;;3;HIGHER_EDU
3838;3003;nhrDudLHUCOQBeQxcqAMR;;7;SECONDARY
3845;3004;GZ-dHwjZCTroPSTcNou0k;;7;HIGHER_EDU
3851;3005;zVisRCjU-paCuajV7Y1kp;;7;NA
3858;3007;qc8hK7ALUeEkwDFvrFi75;;7;HIGHER_EDU
3844;3008;KkD3jQcZkyXsUIwaS1MvU;;7;HIGHER_EDU
3854;3009;Ql0ZgEDj_26Xp1AqRejlW;;7;HIGHER_EDU
3856;3010;AB-HgPNIYxl45CJAcUXjf;;7;NA
3859;3011;JsM4Org0wAqtzW-zYVIZh;;7;NA
3860;3012;0U265sf-eNMcaHe8GlSoU;;7;HIGHER_EDU
3868;3013;HsShG6KMfj-wzTHSaFNzC;;7;NA
3866;3014;nvA_tePUZ9I3SebL6b-Pb;;7;HIGHER_EDU
3870;3015;URRqekKcjmLCqoabDB1Hb;;7;NA
3861;3017;qfdvZxm0kx2uoaPa-aFAe;;7;NA
3874;3018;hYciuzGkw7vXQPXV6Qc5n;;109;PHD
3874;3018;hYciuzGkw7vXQPXV6Qc5n;;7;PHD
3869;3019;HGAojSU9OiS72zqbtuqeN;;2;NA
3872;3020;JbRuv4Bpr8WGUJ676yjaM;;7;HIGHER_EDU
3857;3021;sGIJaYdI8SMB7ZJQkKxGe;;7;HIGHER_EDU
3875;3022;_AI56UQgAcFULlICS5paM;;7;HIGHER_EDU
3882;3023;FvcZkQlwLmMveZYFqArx8;;7;HIGHER_EDU
3878;3024;u2LFP-C2TTCHcS5q9lPbz;;7;NA
3879;3026;QMcNH3nUYP3d6NKp3vTQ8;;7;NA
3881;3027;8zLNUx4Mxo-zL3HnyrAXx;;7;HIGHER_EDU
3884;3028;ucuHnibgwft1SiF8zn0SF;;7;NA
3864;3029;FCJ1oLBpsd4na_0aKvK4l;;7;NA
3876;3030;oAwfpIlz_F-fball889VE;;7;HIGHER_EDU
3876;3030;oAwfpIlz_F-fball889VE;;186;HIGHER_EDU
3888;3031;7g3iwY4Mwp3gAlYeVGP9a;;7;NA
3879;3032;c2-QhQACZxsmyT3xSBPpf;;7;NA
3895;3033;iyJ8k6FEUPzHdmRcBW22a;;7;SECONDARY
3897;3034;YnjG7Yq6HYP0v6MMkHW-i;;7;HIGHER_EDU
3901;3035;VgE6t_SBnPuF2hsfXSbmH;;7;HIGHER_EDU
3890;3036;7rcatNsimObqS47ftZ3c0;;7;PHD
3894;3037;I7-lFvUECLPNRMk3hQOWf;;7;NA
3899;3038;y4BvKi2lkHlWOZ9eyrD8v;;7;NA
3887;3039;7xX0UuSrMqgiu46p8aSwC;;110;HIGHER_EDU
3887;3039;7xX0UuSrMqgiu46p8aSwC;;7;HIGHER_EDU
3892;3040;F_ZoshFKzIQrWp-gygRf4;;123;NA
3894;3041;mx6rYApU0I168kQWdGLT-;;7;NA
3905;3042;TardcTyiW5TNGHQsBo9VB;;7;NA
3897;3043;kTE_X6Zdf-nQhCofi06Es;;7;NA
3906;3044;MifhymLy_0EQn4tzptC9E;;7;NA
3907;3045;VtZlhcFfgSKl7TQXeWnQA;;2;NA
3909;3046;48CXMBF6DNVHTAPHk5eQI;;7;NA
3908;3047;6YRNMfG_xq45znx3bzudx;;7;NA
3795;3048;Y0opjQeAg5VmpFdq4GahE;;7;UNFINISHED_HIGHER_EDU
3807;3049;5ABMjIsn1QFvLBLjt_HA9;;7;NA
3914;3050;F7_NgWGrFgXGt5PTUWkBi;;7;NA
3918;3051;TkFwFMsmZyOm9JqemIvIf;;7;HIGHER_EDU
3903;3052;bS074lmm4CMpnoZB1_Rn6;;7;HIGHER_EDU
3915;3053;I5FtFfgqkTU52bbF-Gp2L;;7;HIGHER_EDU
3913;3054;Db-wkr6eUO6RTkidyx_ZS;;7;HIGHER_EDU
3911;3055;0QGF_5-MQGX24OhylgTnL;;7;NA
3919;3056;BMScjb3U7Go-xic3z-c5Y;;7;HIGHER_EDU
3922;3057;pyLfql1KC8K76kjuryUjw;;7;NA
3922;3057;pyLfql1KC8K76kjuryUjw;;142;NA
3922;3057;pyLfql1KC8K76kjuryUjw;;2;NA
3920;3058;4jzngCNPWeS4422p4RQUp;;7;NA
3917;3059;TJybOEgKRCzma75kv6wIt;;7;HIGHER_EDU
1401;3060;#NAZWA?;;7;NA
3927;3061;ApfrodfGx2nnODmQGgGDr;;7;UNFINISHED_HIGHER_EDU
3931;3062;#NAZWA?;;7;HIGHER_EDU
3923;3063;dOWuoI1DfwdvJJgfXALB6;;7;HIGHER_EDU
3933;3064;U7gu_sQSfD6dTTIJjxQCa;;7;HIGHER_EDU
3930;3065;hN50eoziHPTSmRJAOym-t;;7;UNFINISHED_HIGHER_EDU
3932;3066;FR95CJajj24gKg6O6AgN0;;7;HIGHER_EDU
3929;3067;m5By8EqJstZqvu3ktbtjY;;7;NA
3926;3068;BNttW0BuTg5f13fF1mJFD;;7;NA
3934;3069;Q1RLVehVT24Bh8Vgt8nzd;;7;HIGHER_EDU
3939;3070;WBXmZQAXBsVw5rGVf1G1Q;;7;NA
3938;3071;QrV2Bdpsvb9CGy0remiHS;;7;NA
3925;3072;hZZHf2PGHcVEZRlOkODsN;;7;HIGHER_EDU
3943;3073;E0-tVDGH9D5TVPGvAIh6x;;7;SECONDARY
3928;3074;UUuXjqH8b_vVV8bcqwcUS;;7;SECONDARY
3945;3075;3auKADu_GPrxcSJmSaUz4;;7;NA
3946;3076;eVmAtMsxRd1kAJGdCCkLH;;7;NA
3936;3077;XOaMe4-GAxTWpAv71eDtn;;7;SECONDARY
3936;3077;XOaMe4-GAxTWpAv71eDtn;;2;SECONDARY
3940;3078;Kz21VDrjxSuzKNRmn4lSU;;7;NA
3949;3079;izAS1jkU-_CdaOqePOGiw;;7;HIGHER_EDU
3794;3080;eUpVsMxC8aVvOJ-pmCT2Z;;7;HIGHER_EDU
3935;3081;Avi7DQe5MbagWBhbwlNQY;;7;NA
3942;3082;uf-Mty1H0K7UF46zadMCy;;7;NA
3950;3083;QlRo7Z-UedDzawZYIFOE6;;7;HIGHER_EDU
3941;3084;Bo6fnkK-2Ka-nhp0l--IT;;7;SECONDARY
3875;3085;ia3E11apYtFlBD-U1rIGG;;7;NA
3875;3085;ia3E11apYtFlBD-U1rIGG;;2;NA
3957;3086;qw4XYAQdcH8DET4NAjOCl;;7;NA
3959;3087;uF-pGjWsmitxAbWB0Z6WW;;7;NA
3953;3088;qyZNM9dk26gHxqPpiVTvs;;7;NA
3953;3088;qyZNM9dk26gHxqPpiVTvs;;129;NA
3952;3089;und66BOhXD9MlJHTgTEbE;;7;NA
3947;3090;Y9OSeznqElefDRd_Yd9dM;;7;HIGHER_EDU
3961;3091;_o26OTOQHaWSn7NYDywG-;;7;HIGHER_EDU
3924;3092;#NAZWA?;;7;NA
3954;3093;Y04OWmeA2tu3yCqFqe80w;;7;HIGHER_EDU
3962;3094;Tpm_ptAZcYUr0UxCjGMYN;;7;HIGHER_EDU
3962;3094;Tpm_ptAZcYUr0UxCjGMYN;;114;HIGHER_EDU
3967;3095;5t67fMIsMKbO1XBWCg5uL;;7;HIGHER_EDU
3961;3096;zuaotOuUkx65KJkcg4Raj;;7;NA
3964;3097;xTFS_w813l7AX69RkG3mA;;7;NA
3968;3098;lzf7DWQFGy2OZEWLAOxq1;;7;HIGHER_EDU
3968;3098;lzf7DWQFGy2OZEWLAOxq1;;3;HIGHER_EDU
3956;3099;u6ZKkVJ9yIDxpymXcgszg;;7;NA
3969;3100;gQYc-WjRSgmvvaE4y9Ikb;;7;HIGHER_EDU
3965;3101;o4N9UEql1PfGcY118Si8D;;7;HIGHER_EDU
3971;3102;GwziLmwzd0rti4yNu7P8I;;7;NA
3972;3103;nLJPB8u0Zix1Ssh6AsIJt;;7;HIGHER_EDU
3982;3104;PDTx2-WgyGsgxcpDrVbOy;;7;NA
3966;3105;0797k4uUvGMYxy8hNBcNV;;7;NA
3979;3106;CCzth9Sd9DHLjD41NtYFG;;7;HIGHER_EDU
3979;3106;CCzth9Sd9DHLjD41NtYFG;;129;HIGHER_EDU
3978;3107;gkfbnDEcIxRL1Zw-9R_TI;;7;NA
3976;3108;pK1Hj11rWg5Z6l0xbDxOR;;7;NA
3976;3108;pK1Hj11rWg5Z6l0xbDxOR;;6;NA
3973;3109;IDCdNyIUVVo1jb1yiuiC6;;7;HIGHER_EDU
3981;3110;CcCN8w4C2QhDZFVGxyxqx;;7;NA
3983;3111;uQDHgx3J8mkGXsuUzOmpK;;7;HIGHER_EDU
3986;3112;nvqSi01hjYNZWKXsN9nGj;;7;NA
3992;3114;EliFucXxgzLl9ymjlR1oH;;7;NA
3992;3114;EliFucXxgzLl9ymjlR1oH;;2;NA
3995;3115;DeIf3ITvpW0nG1T71_2N-;;7;NA
3990;3116;U-_BueT4TzAYyAwiyDEAc;;7;SECONDARY
3997;3117;VSsg03BjNl1KUiP4UgHlE;;7;HIGHER_EDU
3994;3118;jmVelwhKG3_xBZHtL4-WC;;7;NA
4000;3119;HsJcurKb-vPt1g5lef9EY;;7;HIGHER_EDU
3974;3120;lIdgXhMmp4a9LGz5BXKLn;;7;HIGHER_EDU
3974;3120;lIdgXhMmp4a9LGz5BXKLn;;3;HIGHER_EDU
4004;3121;p2Vl1ryFNjIQagQlfxSJv;;7;HIGHER_EDU
3999;3122;4o8r_e0Gj0QPdbbxTgK5t;;7;NA
4006;3123;CJeA0V7zPRdHuvzhYVSoT;;7;SECONDARY
4002;3124;tSs9hIhDi0yW912dFQeU5;;7;NA
4007;3125;n8Vt8uI4hMb87tSMsp6nA;;7;HIGHER_EDU
4006;3126;PG_GUYBrdppK5KtYSPAuw;;7;NA
4010;3127;8rYm3WgTyMvVzCs3K-11c;;7;NA
4015;3128;X9Rh6JChginQ7ximi3-_-;;7;NA
4005;3129;pvw7SYW5YXJxjwrI17Z2z;;7;NA
4011;3130;71y6KsMrgnMy9aKZLWasE;;7;NA
653;3131;Hw0RqXse1QBStziqYcPK-;;6;NA
653;3131;Hw0RqXse1QBStziqYcPK-;;6;NA
4018;3132;kcMjah77FiAYhpb7wl-sM;;7;NA
4017;3133;lKcWdwdW1gWR2DehZkeqb;;7;NA
4009;3134;d5iWXvRALIt7Bov1BOcgm;;7;TECHNICAL
4021;3135;ydgPkGkv40hlY7lFf4Vk0;;7;NA
4013;3136;e_ImQ0asn9BV9X8ZyES-O;;7;HIGHER_EDU
4022;3137;H3MQ2KPKT60oc8LUJqEPx;;3;HIGHER_EDU
4023;3138;IiCwbpLihNdnRY_qtyU30;;7;HIGHER_EDU
4023;3138;IiCwbpLihNdnRY_qtyU30;;2;HIGHER_EDU
4024;3139;FgsRddSwx-09nGXa4vt_Y;;7;PHD
4026;3140;ETCzdNuxIqbZbr2UwWDxK;;7;NA
4026;3140;ETCzdNuxIqbZbr2UwWDxK;;127;NA
4025;3141;jKmXyU_TYNppj5mT6vlw7;;7;NA
4030;3142;iZM_JewZPYIY8CHaGcJED;;7;HIGHER_EDU
4027;3143;W3nO8bUVF2qtb59cTYX4i;;7;HIGHER_EDU
4032;3144;lgSCVMmVKau0zu4XUjBkJ;;7;HIGHER_EDU
4028;3145;M0UnFbrbzjbUhcwlt8xjT;;7;HIGHER_EDU
4034;3146;y1HPyHUfSd_p04HcNRXXw;;7;HIGHER_EDU
4043;3147;2jscg3j3FgCj93e1VAjn7;;7;HIGHER_EDU
4033;3148;M1Kku8ihrH6z1VhKGZnc8;;7;NA
4036;3149;X4QCHs07g_2pIlznWeUoG;;7;NA
4035;3150;9MEDGkahKv0ac4rzojXZ0;;7;NA
4029;3151;0oF3yx7bXYkbTbQCEavb1;;7;SECONDARY
4047;3152;pFzVJoMsjK6M1fZtJ5Lp0;;7;NA
4035;3153;YsLFCT9W8vEQ_hTOY-q98;;7;NA
4046;3154;HnHaetBDDTEY2bF3h0D3S;;7;HIGHER_EDU
4046;3154;HnHaetBDDTEY2bF3h0D3S;;2;HIGHER_EDU
4045;3155;8uIu_cST6BR7MBRPx8wJ0;;7;HIGHER_EDU
4049;3156;tyn5VRuwY6REqscgj7sfY;;7;HIGHER_EDU
4050;3157;ViQPTCMlZKzxfu_9rpZTp;;2;NA
4040;3158;UW78rd1F88y_tCRnjjc2N;;7;NA
4040;3158;UW78rd1F88y_tCRnjjc2N;;2;NA
4051;3159;EsALclQYu4CNYgCcDLEiG;;7;HIGHER_EDU
4055;3160;kRYAqJz3TxIcGhDWhsriW;;7;NA
4056;3161;nx4ekpqMFV8Q93t8Z7irz;;7;NA
4052;3162;wRNJfLBM_dpa2tWwDxQsD;;7;HIGHER_EDU
4057;3163;sXj2gXcYfIE7i_fUOEAcb;;7;NA
4058;3164;5AEPFRD3WuPAyCDA0-ZqE;;7;HIGHER_EDU
4060;3165;Yob0rKi_p81nENPsiPFDy;;7;HIGHER_EDU
4059;3166;ju6tMUTVySlQzFDn74fjP;;7;NA
4059;3166;ju6tMUTVySlQzFDn74fjP;;2;NA
3885;3167;xKcALmTDDjGIPcl-oJ1xf;;7;NA
4053;3168;5hz1W9tcZKxJqV_7IjRXQ;;7;HIGHER_EDU
4053;3168;5hz1W9tcZKxJqV_7IjRXQ;;2;HIGHER_EDU
4064;3169;Fea5cE9PqBt_31GTgl0zA;;7;HIGHER_EDU
4063;3170;teIEow2j8lCr5iJnEHoCx;;7;HIGHER_EDU
4065;3171;zojwT8nw3y6e76Jbmxo27;;7;UNFINISHED_HIGHER_EDU
4061;3172;W1EHUlIAPwLPsjor6uRK2;;2;NA
4066;3173;7CkLa_aKVqia2LPMVynjG;;7;HIGHER_EDU
3825;3174;y8EaIDFdjovp_PCXUbY4d;;7;NA
3825;3174;y8EaIDFdjovp_PCXUbY4d;;2;NA
4069;3175;jfjq0FBw8KjI8-xETLv33;;7;NA
4069;3175;jfjq0FBw8KjI8-xETLv33;;2;NA
4072;3176;CZKvmluq6eGN2AGRYFJbf;;7;NA
4072;3176;CZKvmluq6eGN2AGRYFJbf;;2;NA
4071;3177;rQ36hVoK6RLLvYXMPnWNc;;7;NA
4071;3177;rQ36hVoK6RLLvYXMPnWNc;;6;NA
4068;3178;8ywvT6G2JEyQAVWK_G8lR;;7;SECONDARY
4075;3179;#NAZWA?;;7;HIGHER_EDU
4078;3180;5fcJrFJaN2Ph9NZkzZvl6;;7;HIGHER_EDU
4076;3181;ukFcw2FMgAA7ErA3ta3Ol;;7;NA
4074;3182;ku3os9bjQm7Mj6O0CFRWy;;7;NA
4074;3182;ku3os9bjQm7Mj6O0CFRWy;;110;NA
4081;3183;W3bbCdVidU9ATErYUG-ta;;7;NA
4077;3184;CB6ya-ypvpZjJqOs_bwpD;;7;HIGHER_EDU
4084;3185;S1U4iIac4GiL8JHz1g9YU;;2;HIGHER_EDU
4084;3185;S1U4iIac4GiL8JHz1g9YU;;7;HIGHER_EDU
4085;3186;XN3IZl5TqrohRNtEVA9tK;;7;HIGHER_EDU
4089;3187;khcHPk8whUHZVF2i7Fpjf;;7;NA
4088;3188;nngpzYfO1mJIrOzvj-Kis;;7;HIGHER_EDU
4088;3188;nngpzYfO1mJIrOzvj-Kis;;2;HIGHER_EDU
4082;3189;vBmkI3HG02m6FHX4ejJZO;;7;HIGHER_EDU
4091;3190;MIs7g5XLptpKtadMA-1uh;;7;HIGHER_EDU
4092;3191;VE1PheJOKVPsX_JR3JskS;;7;SECONDARY
4092;3191;VE1PheJOKVPsX_JR3JskS;;6;SECONDARY
4096;3192;hzSTUMVrVgkGS8z8LbcSW;;7;HIGHER_EDU
4086;3193;gwYuxJpU_DO9itIXv5MCr;;7;NA
4086;3193;gwYuxJpU_DO9itIXv5MCr;;7;NA
4086;3193;gwYuxJpU_DO9itIXv5MCr;;7;NA
4095;3194;A3q38dLF0CoGKIwPTNMp9;;2;HIGHER_EDU
4088;3195;CAvsjx16K2DVOYG9JzS_P;;7;NA
4088;3195;CAvsjx16K2DVOYG9JzS_P;;2;NA
4098;3196;vYxnWJL0UW3T19uiQ8rkb;;7;HIGHER_EDU
4094;3197;k3B2IG1YK2RMEtf3XiQFL;;7;UNFINISHED_HIGHER_EDU
4090;3198;4ZKpLay_pVl9B2xL4taOg;;7;NA
4101;3199;Gz5pPdEYazL52x7jwdOo1;;7;HIGHER_EDU
4091;3200;1iySktIcKaq9Bm2WVX1Jr;;7;NA
4091;3200;1iySktIcKaq9Bm2WVX1Jr;;7;NA
4106;3201;CkEjSvGS-i6_uKDwDWknJ;;7;HIGHER_EDU
4105;3202;xoFplj58DXgSrQXIfeuhe;;7;NA
4105;3202;xoFplj58DXgSrQXIfeuhe;;3;NA
4105;3202;xoFplj58DXgSrQXIfeuhe;;105;NA
4102;3203;R4tq9GydORofSgpsgD4GV;;7;HIGHER_EDU
4108;3204;3VJj0DyX18tAm0ONKbAZS;;7;NA
4104;3205;TXrAbSQ7XKYzE1Uh51mxm;;7;NA
4104;3205;TXrAbSQ7XKYzE1Uh51mxm;;2;NA
4110;3206;Kc9Wn5W2s75cBzMlrrYGw;;7;HIGHER_EDU
4113;3207;#NAZWA?;;7;HIGHER_EDU
4114;3208;wmD3Dxw1GGlykMrKVbp1C;;7;NA
4115;3209;f3KJJKcnPdGIjczAfBHQR;;7;NA
4119;3210;oJiuRnQViwnQ_yV5_R6pd;;7;SECONDARY
4116;3211;eMmT3eD7iKQzt071qwb2E;;7;NA
4111;3212;yN7JIpfNdJMtRT_U27JSl;;7;HIGHER_EDU
4118;3213;AaB2mDgsUDhj9ZlegH8qh;;7;NA
4123;3214;MTFUkwhVBLJdLfs7s6ybZ;;7;HIGHER_EDU
4125;3215;NJ46pKQ_wBtMs_d_tCsfp;;7;HIGHER_EDU
4121;3216;pjQ_uniiQZjiH0kq98rdZ;;7;HIGHER_EDU
4105;3217;9inpjNSIG8pZKzt5U-NNW;;7;NA
4105;3217;9inpjNSIG8pZKzt5U-NNW;;3;NA
4105;3217;9inpjNSIG8pZKzt5U-NNW;;105;NA
4122;3218;oy3mK3K2OCuqZSOWVwFhI;;7;NA
4125;3219;BH35PZGhJG6IxNv5wbMNl;;7;NA
4118;3220;iRlJhvvB74JPStLQPqo4O;;7;NA
4127;3221;t4Z5fBGxXamLfTARHh3B6;;7;HIGHER_EDU
4126;3222;F7IGzGjYjAKdr75lkZ8tJ;;7;HIGHER_EDU
4130;3223;LMkwcGMHxo_VwxwTO70EH;;3;HIGHER_EDU
4133;3224;TtJR9W0bQCbDs0zrmhXfJ;;7;NA
4128;3225;27yOs1TwFEdoNfn7GzIzf;;7;HIGHER_EDU
4138;3226;L_Vpo0jwempQ9AAhz1pSZ;;7;HIGHER_EDU
4137;3227;VL-5WmV62FXrFvIHtv6wl;;7;HIGHER_EDU
4135;3228;7N8wtlxRTDX22hjn61Whx;;7;NA
4141;3229;lF6FlYrQMMl4YI_vVNNz9;;7;NA
4140;3230;ajQ_Awc4eXq6sCmWRSvfI;;7;HIGHER_EDU
4143;3231;3u10U2Vyu9xTDkgVPlhnB;;7;NA
4144;3232;Kcj6lD0vgEWFeCwjWxbRt;;7;NA
4131;3233;JT2V0Ze133YdBF1bK01xB;;7;NA
4131;3233;JT2V0Ze133YdBF1bK01xB;;7;NA
4142;3234;KmRibpYLelO7VntVbWc00;;7;HIGHER_EDU
4146;3235;IfmTjM4fxbyeNdh7L2HLp;;7;NA
4148;3236;OO1_N7mjIqMOFnyrZupqT;;7;HIGHER_EDU
4147;3237;T3PUxTlCXydtszxqNFbLP;;7;HIGHER_EDU
4148;3238;r8W-2J87xpt_vMJ5AoB_H;;7;NA
4155;3239;R97fbBfmLLcaKQmphmsL-;;7;NA
4151;3240;6OOJjRmofuyZiQkGe4O6p;;7;HIGHER_EDU
4153;3241;GGJu6P1uJA2kaLHWFpQ_I;;7;HIGHER_EDU
4008;3242;i7wJ8ExjPNEdiNrNLrl-f;;7;NA
4008;3242;i7wJ8ExjPNEdiNrNLrl-f;;6;NA
4156;3243;suLt0y6vlQmOYiwObDkWm;;7;HIGHER_EDU
4150;3244;5sQNPLMmBfKLaUroWBqI7;;7;NA
4150;3244;5sQNPLMmBfKLaUroWBqI7;;186;NA
4159;3245;ys9W98SWfHfrrx6cRraaw;;7;HIGHER_EDU
4159;3245;ys9W98SWfHfrrx6cRraaw;;115;HIGHER_EDU
4159;3245;ys9W98SWfHfrrx6cRraaw;;6;HIGHER_EDU
4170;3246;_MXnAbMgNYdjrJf6vZfHa;;7;NA
4163;3247;coYWjzvikhL6rxiYzt_b_;;7;NA
4163;3247;coYWjzvikhL6rxiYzt_b_;;2;NA
4008;3249;KARhJ0VEM-i7kFXnjZn7n;;7;NA
4008;3249;KARhJ0VEM-i7kFXnjZn7n;;6;NA
4167;3250;6hisgPi7KoMmysX2TML5s;;7;HIGHER_EDU
4168;3251;G781V_tgdotyuJKw7J3HH;;7;NA
4157;3252;SzhOZwvWP3xbY_BExbpdE;;7;NA
4171;3253;gBHdN2bKOF2uMJzBXFN9t;;7;NA
4165;3254;Nl5jveNzCGv4mHqFJJORS;;7;HIGHER_EDU
4167;3255;VB2oY7GY9zoAoE8IOnFNv;;7;NA
4173;3256;LONfosioB8v8V9upW0AF9;;7;NA
4178;3257;iIP_QM6s1_v_40vGh2TS7;;7;HIGHER_EDU
4175;3258;8vIRBItQE1TDDb5R2NQ3w;;7;HIGHER_EDU
4174;3259;V5vWIHmjwEeY77HgoXGG6;;7;HIGHER_EDU
4172;3260;vBmUIpM5YvkrONuwT8YXv;;7;UNFINISHED_HIGHER_EDU
4182;3261;aPYKTyo8ALUEv0SE8cgFK;;7;HIGHER_EDU
4187;3262;TLP1oq3I97hdqfhINontz;;7;HIGHER_EDU
4184;3263;_HPRiXC4rxQjFa5jDqatt;;7;NA
4184;3263;_HPRiXC4rxQjFa5jDqatt;;2;NA
4190;3264;11TVAiXFf1djqAala12Mn;;7;UNFINISHED_HIGHER_EDU
4189;3265;GfBffpyG8MVLKYGUQcZC6;;7;HIGHER_EDU
4193;3266;e0fYmxyy1CUTSrke_SsB1;;7;NA
4194;3267;6nJelENkyYxoUJ6nezTbQ;;7;NA
4194;3267;6nJelENkyYxoUJ6nezTbQ;;111;NA
4199;3268;wUvLESq3t2NbT5Llg9GuM;;7;HIGHER_EDU
4198;3269;7CvmcfzPiyc4DwGrzJqSU;;7;NA
4196;3270;q_JatHTlT_569EUgwkiK6;;7;NA
4201;3271;XfsUT0O_IHts1igXafsNN;;7;NA
4203;3272;efNGOsdjQAuHGyQFzvNVk;;7;NA
4205;3273;4hy1ltJ2FfOYabicyVJpH;;7;HIGHER_EDU
4192;3274;9LCofhVcp3kS3RM5K1572;;7;HIGHER_EDU
4200;3275;SMkFTwT8HKW5iKa_5qFZG;;7;NA
3811;3276;23bouPMtcb8m5t0mxjeEd;;7;NA
4209;3277;KZXQeh4IUmyvw14VYY5ne;;7;UNFINISHED_HIGHER_EDU
4210;3278;E1s8nGohnYarK46PAixv7;;7;HIGHER_EDU
4215;3279;YDS5WylnsdTkSsFZwPabD;;7;NA
4212;3281;oqQ_b1OMwU_FJXW3Y5kut;;7;NA
4212;3281;oqQ_b1OMwU_FJXW3Y5kut;;110;NA
4218;3282;4gTB0dK2b4QtTyE426i1z;;7;NA
4211;3283;VViq8TUwO2VaIDyq_cZa8;;7;SECONDARY
4211;3283;VViq8TUwO2VaIDyq_cZa8;;7;SECONDARY
4202;3284;_4xPz5z59EjR4iCBr0_I3;;7;HIGHER_EDU
4216;3285;27ZCHvFUhTkmGGcRTvVpt;;7;HIGHER_EDU
4219;3286;OcprGL56Pud8EnqglSAXu;;7;HIGHER_EDU
4194;3287;YwZC6tzcowX0_6b326rYb;;7;HIGHER_EDU
4194;3287;YwZC6tzcowX0_6b326rYb;;111;HIGHER_EDU
4221;3288;PI5SS6MoiklLRV8k5SjbC;;7;UNFINISHED_HIGHER_EDU
4225;3289;rapylj04Jcr91mAUu1g9Z;;7;UNFINISHED_HIGHER_EDU
4224;3290;g3UuJbAKLwSv0sWozLlSL;;7;NA
4224;3290;g3UuJbAKLwSv0sWozLlSL;;186;NA
4226;3291;_cE6VnNkEEv9m-WpArZhi;;7;NA
4222;3292;fKAvZ5SsmPQCPiAOgnIwp;;7;HIGHER_EDU
4229;3293;1CrBZ1p0IfznYivvkXpEn;;7;NA
4220;3294;jj7Pse8G2DEKlCnNap50v;;7;NA
4227;3295;E9xjQ3dVl_zOyDUpBli9N;;7;HIGHER_EDU
4232;3296;b9HoCD7WrU41j-Om-V_6D;;7;HIGHER_EDU
4230;3297;c-txoyaGP1qELPUq77IML;;7;HIGHER_EDU
4236;3298;Pj4WfOlCq_SRIdb1Jjdad;;7;NA
4234;3300;_UKw9ciUBI4ctok3ssPle;;7;UNFINISHED_HIGHER_EDU
4238;3301;3zH5k1AWteDR0GwOWmj5A;;7;HIGHER_EDU
4233;3302;ZnSvWrEgnBUbls7j9hvrq;;7;HIGHER_EDU
4233;3302;ZnSvWrEgnBUbls7j9hvrq;;2;HIGHER_EDU
4245;3303;FgMbTxry-VJF7e6mGxNbC;;7;NA
4246;3304;FEUNA90qOuUn0LQNLEjmy;;7;HIGHER_EDU
4250;3305;Wdwcp1jFeGD3fMJYaxItr;;7;NA
4247;3306;FSrZGS_xZDtNy5l1ozbQ4;;7;SECONDARY
4252;3307;rsb_BNcFtnmbgPRgnimzA;;7;HIGHER_EDU
4256;3308;53Cqn6yUByiE6Ll-lWXus;;7;NA
4241;3309;eR0s8bQmYHld5-GZ86GEy;;7;HIGHER_EDU
4249;3310;W2GyHggJZQ0aH-0iQkBNC;;7;HIGHER_EDU
4257;3311;Gvkh171GAdsP0Tpg-0izK;;7;HIGHER_EDU
4254;3312;pNY7sBi98PHPMchrdYkOf;;7;UNFINISHED_HIGHER_EDU
4260;3313;ZCecXTlA9Acyis3J7HCXU;;7;HIGHER_EDU
4259;3314;j42Xax4XJeRpzAp7V_aO5;;7;NA
4259;3314;j42Xax4XJeRpzAp7V_aO5;;3;NA
4263;3315;EuvP5CTpUbCXD-SAg9eQs;;7;UNFINISHED_HIGHER_EDU
4250;3316;texDbuxT-EqCMyNkBqkNa;;7;NA
4250;3316;texDbuxT-EqCMyNkBqkNa;;7;NA
4267;3317;Tkxuo5WGewLAnIkqs05wb;;7;NA
4269;3318;KO4AePbIK1VnI2kxJaF9b;;7;HIGHER_EDU
4265;3319;aw1x5rQSPA9Ph1DkpqaI9;;7;NA
4172;3320;uf0G1hkI6fp_LpsVitE2c;;7;NA
4266;3321;cUNlLdBBl-PtAn5t_BfUp;;7;HIGHER_EDU
4273;3322;HZW56clKHpaRpKtyziMVa;;7;NA
4275;3323;SQcG7Fd_1ytUNN0lkr9Oi;;7;HIGHER_EDU
3987;3324;XtWUXrbzleK2dzcL8DbW8;;7;NA
4277;3325;Qe40Tml7QUTIvH0_kFCn6;;7;NA
4280;3326;BTAkqB_ePtqhry8rNRZMT;;7;NA
4278;3327;6RAzARDSL_JIUi2wck4Zk;;7;HIGHER_EDU
4278;3327;6RAzARDSL_JIUi2wck4Zk;;6;HIGHER_EDU
4272;3328;AziE6Y0EHULANC88l9pP1;;7;NA
4262;3329;dOX4nv3WlniTo2SZl9gSy;;7;HIGHER_EDU
4281;3330;-8Sm6LuRx8J2kzqtmegHY;;7;NA
4281;3330;-8Sm6LuRx8J2kzqtmegHY;;110;NA
4281;3330;-8Sm6LuRx8J2kzqtmegHY;;2;NA
4282;3331;11cqxsKb6fpf3bkVhJ6Pn;;7;SECONDARY
4285;3332;TowXknle_ElYrTFWVIITx;;7;HIGHER_EDU
4286;3333;jdgE-WtZyjmunakzBSC69;;7;NA
4281;3334;MQexnMGn1Un_UIXdaPfJG;;7;NA
4281;3334;MQexnMGn1Un_UIXdaPfJG;;2;NA
4281;3334;MQexnMGn1Un_UIXdaPfJG;;110;NA
4283;3335;2xJ2e1DLvVNxR5W6u7mvK;;7;NA
4287;3336;DN0LoLvoOluhIKMqorftQ;;7;HIGHER_EDU
4289;3337;QbQw4wsfJTOdzRpetAXti;;7;HIGHER_EDU
4287;3338;qNuNr7OQG4Qcmjm4pQHgi;;7;NA
4293;3339;qV7E-PCt3aSdzEfev-xgX;;7;NA
4294;3340;X2U05MgEjhCuHzT4SMoSU;;7;NA
4291;3341;x48V-lWmJjIexQFEquKyj;;7;NA
4298;3342;DpqdGtPk_p9MoXULk1ONb;;7;NA
4290;3343;lmChh975es9myVstrbXdl;;7;NA
4290;3343;lmChh975es9myVstrbXdl;;110;NA
4295;3344;ssgQGJHW9ywVjNNO2Lnbs;;7;NA
4291;3345;0IQt-4w56JE5kdnHQZIh_;;7;HIGHER_EDU
4300;3346;R_E5O5aQQ-6hvaCjghFHQ;;7;HIGHER_EDU
4296;3347;Yl4cEHBFCzcgKpvHiyddL;;7;NA
4305;3349;ejiHppNicZCN6P7EeRoCj;;7;NA
4302;3350;BVSNRm7TeqbpN4Cuk1Oq2;;7;SECONDARY
4307;3351;jdmIk3OH3YJpAgpDF9S5K;;7;HIGHER_EDU
4309;3352;Hh9bF1rk1bHqq4R4C19CT;;7;UNFINISHED_HIGHER_EDU
4309;3352;Hh9bF1rk1bHqq4R4C19CT;;2;UNFINISHED_HIGHER_EDU
4313;3353;IKGnbN0FeP1t7t5Wk0Pu6;;7;HIGHER_EDU
4315;3354;pW3UyQTd5vED1HZ2ryJUW;;7;NA
4315;3354;pW3UyQTd5vED1HZ2ryJUW;;4;NA
4314;3355;GEwoCkW8eSTT2w87c74_2;;7;NA
4317;3356;JeiRn5WcK7mj4pRr0VBw8;;7;HIGHER_EDU
4312;3357;#NAZWA?;;7;HIGHER_EDU
4312;3357;#NAZWA?;;2;HIGHER_EDU
4318;3358;Cr21Gzh-qHLvzG4ZG0CxZ;;7;SECONDARY
4320;3359;mx5AKhbRFWMpMdnGnsaho;;7;NA
4319;3360;JFuXhSZMxsBVlmyzJtGKf;;7;NA
4322;3361;JBye33I6LG1mQW2JaNhdX;;7;NA
4322;3361;JBye33I6LG1mQW2JaNhdX;;3;NA
4324;3362;q4hERbfgQZ7K8yBCYZyGx;;7;NA
4099;3363;LkjgZnEYRN5v4PSIPb6UM;;7;NA
4099;3363;LkjgZnEYRN5v4PSIPb6UM;;3;NA
4099;3363;LkjgZnEYRN5v4PSIPb6UM;;105;NA
4099;3364;PYAWo_THixvaUVC-C6zMS;;7;NA
4099;3364;PYAWo_THixvaUVC-C6zMS;;3;NA
4325;3365;7k_TryPMaaWItBAKNbEVe;;7;NA
4326;3366;CLKJA-FOYaZDI0ZiKGxGz;;7;HIGHER_EDU
4334;3367;jmWoXShQI9b5y0udWaofQ;;7;HIGHER_EDU
4330;3368;aIvxiwFKOK9vvujS1O-fL;;7;HIGHER_EDU
4340;3370;ceS8aAOFMeKk7b5R2jwFa;;7;NA
4341;3371;ufJ5qzUW838HVGTtOPdcN;;7;NA
4343;3372;8oBoDD9wol1a26eERPLZr;;7;NA
4346;3373;zOFEhyNT7uIWPBy5SBcMT;;7;HIGHER_EDU
4337;3374;a3krFhR6kjEPZfucmN_-E;;7;HIGHER_EDU
4347;3375;m2dzpeatQvAaB1Ggpsy7u;;7;NA
4347;3375;m2dzpeatQvAaB1Ggpsy7u;;2;NA
4344;3376;vq8FioHGboxAuCSAQO0IY;;7;NA
4348;3377;uGqcnRgMYiydNiQl2BApm;;7;HIGHER_EDU
4349;3378;xPpEd5kp9Z_Dkc46CY64g;;7;NA
4352;3379;U8Or3MbUSxTeaO6AxJ8VB;;7;NA
4350;3380;MQJWON6HLotOS9vgalFu0;;7;NA
4350;3380;MQJWON6HLotOS9vgalFu0;;3;NA
4351;3381;evqEfmxYZWtnr74q3lhwm;;7;SECONDARY
4332;3382;uKDfdbXwh67TJCujQ6VrP;;7;NA
4356;3383;_8WVKA_X09hZFdfh7jwwC;;7;SECONDARY
4355;3384;goJeW4IPLSJlbikrM9vky;;7;NA
4358;3385;HShQmUiVeBdg5HUdfWl0p;;7;HIGHER_EDU
4353;3387;1hkyVKsG9t-s7KuQU1kKK;;7;NA
4355;3388;X96iMPk8Rg5bTlnKqBuED;;7;PHD
4356;3389;Pxw1jNu6PlSIo2CLjQqPJ;;7;NA
4362;3390;oTixuw7VpK_YE3mbJiQdd;;7;HIGHER_EDU
4365;3391;aAG14m_XIG3zSW-u_wGw9;;7;SECONDARY
4366;3392;gyKUe_Hzs22YjICjK5d4a;;7;HIGHER_EDU
4366;3392;gyKUe_Hzs22YjICjK5d4a;;2;HIGHER_EDU
4372;3394;qxUVwb2jePe6Auw1KU1pa;;7;HIGHER_EDU
4364;3395;j2hRpAI-IPd1HIJNwATa8;;7;NA
4374;3396;jCxxR0Z3TQNB9TXiKzIRq;;7;NA
4370;3397;zvPbX7ODKQiR8ief6Hz-l;;7;NA
4371;3398;AFZs3PKu2haGqtMrGSM9C;;7;HIGHER_EDU
4382;3399;w4niz0heyxIh8wVFEwyrT;;7;HIGHER_EDU
4380;3400;PFeHWbT1dqObayrK2E0Nk;;7;NA
4384;3401;fGfavpVnJOouwxkkcU0xO;;7;NA
4364;3402;EtkxsaLQhWjetjaBeFtip;;7;NA
4378;3403;3feG0tQxBWiaFmblDvpPn;;7;HIGHER_EDU
4387;3404;JeEHpQ6ljwryiVoO0i08f;;7;NA
4381;3405;oRb7lsJOpLMPIfWwVlzSk;;7;SECONDARY
4386;3406;VBQJEJcshAXOVAJmrP-Bo;;7;NA
4390;3407;4u7qIdGxI2bFmKA6H6nm8;;7;NA
4368;3408;gKGB-pdGjgVgvoenTo8r2;;7;NA
4368;3408;gKGB-pdGjgVgvoenTo8r2;;105;NA
4398;3409;pBf9BaCpBpX9yXYcS2Ckl;;7;NA
4394;3410;Xgg76E5DrJTr6yix0HTO0;;7;NA
4395;3411;a3HImVz383bKouv10gqD3;;2;NA
4395;3411;a3HImVz383bKouv10gqD3;;7;NA
4392;3412;kYlMCJwrI_K5_-wCUGD4b;;7;HIGHER_EDU
4399;3413;HY0ettWa85ybwM2t0o1xw;;7;NA
4396;3414;5gfpQAQ8AbRDeWN_TI3zY;;7;NA
4394;3415;BgJsAGvZZ13Rk7PHQZYWn;;7;HIGHER_EDU
4395;3416;19m_CeAAK3qBYuc9Ya1nk;;2;SECONDARY
4395;3416;19m_CeAAK3qBYuc9Ya1nk;;7;SECONDARY
4401;3417;jrMyAvF5tOvF2S336-pvS;;7;NA
4404;3418;IV6HoFFxywx80tUcYfkiT;;7;SECONDARY
4408;3419;zeOG5evbXtJfc9EeTwf_O;;7;HIGHER_EDU
4408;3419;zeOG5evbXtJfc9EeTwf_O;;7;HIGHER_EDU
4408;3419;zeOG5evbXtJfc9EeTwf_O;;7;HIGHER_EDU
4402;3420;_sLecl6tCkk_infQuIDuf;;7;NA
4406;3421;0sbFZt7qDwKeYfadVRv1V;;7;NA
4411;3422;jiK-pRYoTOojqfqqJK9s2;;7;HIGHER_EDU
4405;3423;x9g8eJNQimkmshIk9XN5r;;7;NA
4409;3424;KyGWO90rk_hHFB04KwuOS;;7;NA
4409;3424;KyGWO90rk_hHFB04KwuOS;;6;NA
4409;3425;xQishtAaieHBo_QMhWVtc;;7;NA
4409;3425;xQishtAaieHBo_QMhWVtc;;6;NA
4415;3426;lx8EpI50WzWXYiiq8kwq0;;110;NA
4415;3426;lx8EpI50WzWXYiiq8kwq0;;7;NA
4417;3427;cF8oyURtUJ9_g3LoF9z0X;;7;HIGHER_EDU
4413;3428;3Womz0sG4bbPiGlZX9K8Q;;7;HIGHER_EDU
4419;3429;hRuS17wMEv2LgEh42TAQ6;;114;NA
4419;3429;hRuS17wMEv2LgEh42TAQ6;;7;NA
4428;3430;uowec0tmEPTLRyBsgyDrb;;7;HIGHER_EDU
4426;3431;PGWZeFKjBqnRS09N1ZNCs;;7;NA
4430;3432;bGIkMHTa1sCeDoWVhSgRs;;7;NA
4424;3433;5o3Aq2aqBRjwZogHXNV7s;;7;HIGHER_EDU
4434;3434;2hZxiLfa86oJBigXPUlAz;;7;HIGHER_EDU
4433;3435;jLA6lTtERXd7hGqb-GisG;;7;HIGHER_EDU
4431;3436;vN-Q5yav5j9ZYocj38xNq;;7;HIGHER_EDU
4437;3437;RxUXm576uyqBJ4Pkh6Bfm;;7;NA
4437;3437;RxUXm576uyqBJ4Pkh6Bfm;;2;NA
4436;3438;vdY2eEUOeFZbJYL8eNmuO;;7;NA
4441;3439;B1yEv8MaYghN3AP27ED_0;;7;HIGHER_EDU
4438;3440;bP3Vrn_0400uwVM_bzCYT;;7;HIGHER_EDU
4445;3441;WYaddiym141bwchei26ik;;7;NA
4445;3441;WYaddiym141bwchei26ik;;7;NA
4444;3442;CYZSpXQfb4L8v-aMX30Aw;;7;PHD
4444;3442;CYZSpXQfb4L8v-aMX30Aw;;3;PHD
4447;3443;n02eiCfdB3hxD7WKSPMvI;;7;NA
4447;3443;n02eiCfdB3hxD7WKSPMvI;;3;NA
4450;3444;Ix_1oYmbNohcT-_yb-LCb;;7;NA
4451;3445;eR22UeI6XwRsxDaTPWov0;;7;NA
4452;3446;j1Nbw0IRuCrDuQ_HzoiNx;;7;HIGHER_EDU
4452;3446;j1Nbw0IRuCrDuQ_HzoiNx;;110;HIGHER_EDU
4453;3447;#NAZWA?;;7;NA
4454;3448;RyhKcVMGLIhZ_FnPZ-5JC;;7;HIGHER_EDU
4456;3449;PRaCRT2TUcDov5LTfj3CG;;7;NA
4458;3450;gv703lgXFPO64fXoFELNX;;7;NA
4458;3450;gv703lgXFPO64fXoFELNX;;2;NA
4460;3451;Urd-zj0DDInWd3bnPhon4;;7;NA
4464;3452;Qb8ben27EsEFda14hRQt2;;7;HIGHER_EDU
4467;3453;7JYTK4OntIsytBTkDb9Jz;;7;NA
4468;3454;T9SdNFloHrW9LNaCzQ9_p;;7;NA
4465;3455;f6wEiF5Y93tFK-SR9n5Cc;;7;NA
4471;3456;uyr4ocB4oFFuI_il97Vi4;;7;HIGHER_EDU
4462;3457;wvCclnX1-G2Gwt83dowgm;;3;SECONDARY
4467;3458;njZ3-XNqVaOH3_sc7wvwR;;7;HIGHER_EDU
4466;3459;RuT3dF5o72juv58ndkcRV;;7;NA
4468;3460;wSJYRawY9P4VEggbGvK1_;;7;NA
4448;3461;bjZAn9k5SEQL54BGt-5Bk;;7;NA
4472;3462;kQTy8jPnCLhfX7yd_50H6;;7;HIGHER_EDU
4477;3463;d4dJMjhDBo2RYLWGPcoCd;;7;NA
4472;3464;zqsoQDYGyjyPXC5nxTvF5;;7;NA
4475;3465;pU6GclCCV2T-kS5-_8jhx;;7;NA
4473;3466;DbIKQE_Kp-ICKO3zpVZLr;;7;NA
4442;3467;gxjZpyR8ngTltR9bnEoK0;;7;SECONDARY
4478;3468;7QYB7GxOc9WSgIwhF6nPc;;7;HIGHER_EDU
3539;3469;o1c1VNp4CvgA0ij5_Dt_T;;7;NA
4481;3470;zIq1cDNWL1reTeZ4sfHiV;;7;NA
4481;3470;zIq1cDNWL1reTeZ4sfHiV;;3;NA
3997;3472;mUiWN_-y4dz8Y-x4KJP_s;;7;NA
4485;3473;AWRyrYB3p9Tarx6A4XIrL;;7;HIGHER_EDU
4487;3474;y3e-G3RjlZwJ3WsooPXRs;;7;HIGHER_EDU
4483;3475;hl9OKrK0ki59pKN_jK7Mg;;7;NA
4485;3476;tV7vh4_zNVtm5iCc0eH7n;;7;NA
4490;3477;jSSUH97VG10zUcU5Gpq26;;7;HIGHER_EDU
4494;3478;GIWMRQdcaDGJIvrtYxCea;;7;PHD
4492;3480;giqxMp_G8x05dk8wG5FY_;;7;HIGHER_EDU
4497;3481;tXX3yV94FCKBlBfdxrAWC;;7;UNFINISHED_HIGHER_EDU
4506;3482;WaWDLagp0rAFzouTRiDI3;;7;NA
4504;3483;HP_aLmGe2hDHcnAEwwRoU;;7;NA
4509;3484;li1da6kvn1mkxgBPehM5-;;7;HIGHER_EDU
4509;3484;li1da6kvn1mkxgBPehM5-;;2;HIGHER_EDU
4508;3486;nSZKHl8LXtv5PiBy9gFKC;;7;HIGHER_EDU
4508;3486;nSZKHl8LXtv5PiBy9gFKC;;117;HIGHER_EDU
4498;3487;xK_Q04OD9PZ3NlXrScG8Q;;7;NA
4515;3488;9Q4fujUdzgVAce1AUe3KZ;;7;UNFINISHED_HIGHER_EDU
4512;3489;_maqf_zdRX9C0Dp7BWiV2;;7;HIGHER_EDU
4517;3490;M95x9t8N7F4aLf1VOt4bg;;7;NA
4519;3492;Qh5rqPLDFC7iQGpr11YKH;;7;HIGHER_EDU
4523;3493;PIhgZRwfFwRgUzr-2UsQW;;7;NA
4520;3494;Lb8BmSJBYhC51YH5bhPyr;;7;NA
4521;3495;OgjYlpWIlBAI9bRsZUIe_;;7;NA
4524;3496;ChAflR7zoddUSnnZW-Nss;;7;NA
4531;3497;dv94NgWi1DMkEOhpt0OUe;;7;HIGHER_EDU
4531;3497;dv94NgWi1DMkEOhpt0OUe;;3;HIGHER_EDU
4528;3498;z_9gwHnU-ewksOyq4oPhY;;7;HIGHER_EDU
4529;3499;KA2zIfkxat5MAnKfs4CE0;;7;HIGHER_EDU
4526;3500;iv39Ze_ymDIK0r7kvV-sY;;7;HIGHER_EDU
4527;3501;x1NwnZgTyKedGSypGIQZT;;7;HIGHER_EDU
4535;3502;9BVmElCjz5nhZQ2-N-trw;;7;NA
4535;3502;9BVmElCjz5nhZQ2-N-trw;;112;NA
4535;3502;9BVmElCjz5nhZQ2-N-trw;;107;NA
4536;3503;Ew-wWLcFffwlTg6lyTvfW;;7;PHD
4537;3504;VhjeQQy1kUxAgK3Q6BFmr;;7;NA
4513;3505;VFvWixiiwEVYslO-C1rXM;;7;HIGHER_EDU
4539;3506;Q4LMhHiIpzY00BPrawhRl;;7;HIGHER_EDU
4539;3506;Q4LMhHiIpzY00BPrawhRl;;114;HIGHER_EDU
4541;3507;#NAZWA?;;7;HIGHER_EDU
4542;3508;tbTDU8lHjU1IOotE0q2Bd;;7;TECHNICAL
4542;3510;YsjXIHaD1UNEyiwvEYahJ;;7;NA
4546;3511;Cxd7Cfrhmaf8BQk9mFYP-;;7;NA
4549;3512;Yv3-RKRUOi3_XbeuRzmJd;;7;HIGHER_EDU
4549;3512;Yv3-RKRUOi3_XbeuRzmJd;;111;HIGHER_EDU
4549;3512;Yv3-RKRUOi3_XbeuRzmJd;;2;HIGHER_EDU
4544;3513;KfTepcz5tvbkWpUjWv6WG;;7;NA
4551;3514;4VpIOai2PAP8onwV3K12u;;7;NA
4550;3515;iKAm_0LehyLn2pmADkYg-;;7;NA
4550;3515;iKAm_0LehyLn2pmADkYg-;;114;NA
4527;3516;_k-h3L1Dw_NXdDyFL9lzY;;7;NA
4555;3517;wMHUJ4a1lUzSeQOjjcqj2;;7;NA
4555;3517;wMHUJ4a1lUzSeQOjjcqj2;;2;NA
4557;3518;MQ2hY9zSvsVrAmgKZ5fPw;;7;HIGHER_EDU
4554;3519;#NAZWA?;;2;HIGHER_EDU
4558;3520;YSjBuSKyQXkDJ6SbKu1da;;7;HIGHER_EDU
4560;3521;zJxiAQxPSaUwlIUDR4h-S;;7;NA
4560;3521;zJxiAQxPSaUwlIUDR4h-S;;2;NA
4560;3521;zJxiAQxPSaUwlIUDR4h-S;;110;NA
4559;3522;r-Lk-o16NMsK1ennHPK_l;;7;UNFINISHED_HIGHER_EDU
4558;3523;7kzz3HXpqbNF1FE8W0_cT;;7;NA
4553;3524;EkMCkt47QmlrTtrXP675H;;7;NA
4562;3525;q7EMXkWh5IHrdi3xvur10;;7;SECONDARY
4566;3526;AHp2IpGVuP0-4XHJup_Mc;;7;NA
4564;3527;UuotjmhyISqJEA6GtI7Nl;;7;NA
4501;3528;TGHovJsEZYEiovAm80vi8;;7;NA
4567;3529;_TXfRdaKm0724YTJRp6Pp;;7;HIGHER_EDU
4568;3530;08yAH5uGSCCbfaZTngPZQ;;7;NA
4569;3531;d511FQ2kzpSDQ9LafDAm7;;7;HIGHER_EDU
4572;3532;lHQnNjO9U72tC5tAiI1LD;;7;HIGHER_EDU
4572;3532;lHQnNjO9U72tC5tAiI1LD;;6;HIGHER_EDU
4573;3533;Inwwru4SYPLoKH_BMQ7ER;;7;SECONDARY
4577;3534;DvISzAU2qk7zU-ZxWxpoo;;7;SECONDARY
4574;3535;DTyvTXlnQJH5TEffU011a;;7;NA
4575;3536;Qy33y1uuzdkTWD02T9TXs;;7;NA
4581;3537;ASCPx7u2cKWg_G1j9J4aC;;7;NA
4579;3538;4z8_nn26FT9VWTqkB2EDS;;7;NA
4578;3539;AvI2Gb8vX6NiXyJseo--k;;7;UNFINISHED_HIGHER_EDU
4578;3539;AvI2Gb8vX6NiXyJseo--k;;129;UNFINISHED_HIGHER_EDU
4578;3539;AvI2Gb8vX6NiXyJseo--k;;3;UNFINISHED_HIGHER_EDU
4586;3540;1we6U_2mNaIy7EZCqLTht;;7;HIGHER_EDU
4583;3541;uJ-UyAJs6YeyjIAz-l5Tx;;7;NA
4583;3541;uJ-UyAJs6YeyjIAz-l5Tx;;110;NA
4587;3542;rqZawd5U9nDEb5mnMSvHH;;7;NA
4587;3542;rqZawd5U9nDEb5mnMSvHH;;3;NA
4585;3543;mWiEcNJmLtihcxId7ctQZ;;7;NA
4588;3544;bkeJRj32Zqg5YPrMn3IBQ;;7;HIGHER_EDU
4589;3545;kEIoIEXGQTL17fbQy7Qmf;;7;HIGHER_EDU
4590;3546;KEUCQJyYbUTLG70unxr0x;;7;SECONDARY
4593;3547;f5VJewCYiCCXFTrVT1EWt;;7;NA
4593;3547;f5VJewCYiCCXFTrVT1EWt;;3;NA
4581;3548;qnZLQKdSn9YODkvR6kTnn;;7;HIGHER_EDU
4598;3549;VVBcXnS_vzPAs5ZR8iUdk;;7;UNFINISHED_HIGHER_EDU
4598;3549;VVBcXnS_vzPAs5ZR8iUdk;;2;UNFINISHED_HIGHER_EDU
4596;3550;2TIsn5vpuhVP_gVQt3d76;;7;NA
4603;3551;9XYclylhb60TH1YIlBs8Y;;7;HIGHER_EDU
4600;3552;bnT_2z4H5xK5cj88We2A4;;7;HIGHER_EDU
4594;3553;jhxWyKCUsL5c8AvwtzNUg;;7;NA
4429;3554;YcRErisoNG6_0WENXjtmq;;7;NA
4606;3555;b0G0_JXkSYpzi5wy0FO1_;;7;HIGHER_EDU
4606;3555;b0G0_JXkSYpzi5wy0FO1_;;2;HIGHER_EDU
4608;3556;ETa_vyvM2oKeWl_U_OBNU;;7;NA
4608;3557;gLpMFLoIis56fYwO07kAs;;7;NA
4609;3558;NuNrSmssXdiMuAczFsXWh;;7;HIGHER_EDU
4604;3559;YtU7VnrGr7CLyKQ64EOUW;;7;HIGHER_EDU
4611;3560;u7lzMDLwwtLirpP4ySkWa;;7;HIGHER_EDU
4602;3561;vXurcxqOXvh-ZzrTMofae;;7;UNFINISHED_HIGHER_EDU
4614;3562;_zq-Am7Ye0OLvZBYiYaZt;;7;HIGHER_EDU
4615;3563;MrvyPLKg298UXRYCR-xa2;;7;HIGHER_EDU
4618;3564;Pr9KRPTVJb_EAlFIYA9NU;;7;HIGHER_EDU
4612;3565;PL2ebrDD39uZUva7urGYi;;7;HIGHER_EDU
4619;3566;9Z9q_rzetbI1-4SMsKT9L;;7;HIGHER_EDU
4620;3567;CVDzS-DueLwEcg8yiFNMT;;7;NA
4621;3568;JB_JCxZbxkmYXX_4nr0Ii;;7;NA
4625;3569;xP1mG9oe7r2qkz6hHIsWM;;7;HIGHER_EDU
4623;3570;LfdqikTfPahhO5r7tf1UB;;7;HIGHER_EDU
4623;3570;LfdqikTfPahhO5r7tf1UB;;2;HIGHER_EDU
4626;3571;gDMKOvgn_KZ6V5skw1XP4;;7;NA
4249;3572;AunWFqH971lZHI8if4hsf;;7;NA
4628;3573;mn0Kxn8zFHdsT8hxmv_GP;;7;NA
4360;3574;C0BMSEMq2G9R7Rst61uUG;;7;NA
4629;3575;OZTxkS4dghTXfB0e07_ek;;7;NA
4439;3576;Y6x5MgyQdn1NzMPQv_jLJ;;7;NA
4631;3577;3KGi_88Ld-DrDPqp1oayp;;7;HIGHER_EDU
4631;3577;3KGi_88Ld-DrDPqp1oayp;;2;HIGHER_EDU
4634;3578;gwP87uXbJrpnMBIfi5ZIb;;7;NA
4634;3578;gwP87uXbJrpnMBIfi5ZIb;;2;NA
4637;3579;Ru09nVYm5Z8zrLeS2M7Oj;;7;UNFINISHED_HIGHER_EDU
4632;3580;EHAZC_QEpseGMjk7C8Mq1;;7;HIGHER_EDU
4640;3581;_PJH9V6ma7GLt4Ep_KTul;;7;NA
4636;3582;z6IuO4STgYvIFvfclgC5u;;7;NA
4642;3583;mttUXUtZtp_03hE7BPuVA;;7;HIGHER_EDU
4639;3584;_NsA4BGaVnC_nCbr91B04;;7;HIGHER_EDU
4646;3585;6Xsva0vwg-n0Or1j9k9Oz;;7;NA
4644;3586;e1468NYtm5C89hY7HsHMS;;7;NA
1214;3587;puzc0-hnyix-VnvsfrCBj;;7;NA
4648;3588;7tKdjyLQ9CuvQ6gHXflL2;;7;NA
4644;3589;JKiBpzaxOUTGMG7MvI3iN;;7;NA
4636;3590;KwgN0NLiyi9Zmoj9Qx2eh;;7;NA
4636;3590;KwgN0NLiyi9Zmoj9Qx2eh;;2;NA
4648;3591;vXuF9WDPBc8rEdhRK-iVi;;7;NA
4650;3592;AWp-WK7iXsDbwo3mNgxzT;;7;NA
4650;3592;AWp-WK7iXsDbwo3mNgxzT;;2;NA
4655;3593;upz_rFoSBfybsXTuwG4yc;;7;NA
4653;3594;qslp41ox6C6N4MtUrbJJX;;7;HIGHER_EDU
4652;3595;4BXQkeQzBvg7Fqvl_wr6S;;7;NA
4253;3596;2TjYy6xam68aqwPQscn85;;7;HIGHER_EDU
4656;3597;hM-OUIAMr1t_6F7gQhiYg;;7;HIGHER_EDU
4657;3598;Tf9ymDN5D2Vgy6HmZOoFN;;7;NA
7262;3599;KTnubVk-2Uwv8AZBB9M4u;;7;HIGHER_EDU
4661;3600;iEoiEjXUUfSQ-2L_Xy3Bw;;7;NA
4660;3601;g1tDwNBTfoj-flBNLlwnB;;7;NA
4660;3602;8oFZ8Q0sVmYA2GIQZe2TU;;7;NA
4660;3602;8oFZ8Q0sVmYA2GIQZe2TU;;2;NA
4663;3603;LKs-3RQjj6NlpSmC4W38I;;7;HIGHER_EDU
4663;3603;LKs-3RQjj6NlpSmC4W38I;;7;HIGHER_EDU
4663;3603;LKs-3RQjj6NlpSmC4W38I;;7;HIGHER_EDU
4665;3604;_wpeOCuLR6BEqKzipI_Dr;;7;NA
4667;3605;gijPSzoJLNWm7M6f84YLy;;7;NA
4670;3606;gp5TNn5TJobceHBiGbPqW;;7;NA
4672;3607;463C0M4LYbk9CEaSSQmLB;;7;NA
4671;3608;gKLqwUztRrvNGLJn_Y2xt;;7;NA
4677;3609;zd7I7XVDIwTCBozK_-TrO;;7;NA
4675;3610;TL89jEybC26ujIiL6lUgz;;7;HIGHER_EDU
4678;3611;Z9JL2dq0yubhFUOP0oJ3L;;7;NA
4316;3612;LdU6k9NARJkmu-kx8crsb;;7;HIGHER_EDU
4679;3613;MFVV0btW1LskDPym3ssbB;;7;NA
4680;3614;ar07Zr5xMNap_IMM4dZIS;;7;NA
4677;3615;B3EhO0ntUOfGczhQa9eLa;;7;HIGHER_EDU
4681;3616;gDsGq_XyBgfFp0AtK3rOT;;7;HIGHER_EDU
4681;3616;gDsGq_XyBgfFp0AtK3rOT;;109;HIGHER_EDU
4684;3617;MWQAhBKu4JqtGrt0Bdub9;;7;NA
4684;3618;VYYSL9gQppqqEKmix2YSW;;7;NA
4682;3619;evz8XGef0agpu1GXXMIhf;;7;HIGHER_EDU
4682;3619;evz8XGef0agpu1GXXMIhf;;201;HIGHER_EDU
4682;3619;evz8XGef0agpu1GXXMIhf;;2;HIGHER_EDU
4687;3620;TC8qSHSLNpJ1lS3QvjbYi;;7;HIGHER_EDU
4689;3621;UVGFCFeLPZGFW0pbIYfRK;;7;NA
4690;3622;aC7L7Jf7G9eneLgrp6YAO;;7;HIGHER_EDU
4691;3623;l9ZMdJ5X095V259h0Tpl_;;7;HIGHER_EDU
4694;3624;ubumt7x_CKzwCgDCCli33;;7;NA
4696;3625;pq_OCyG3ypUd8X052P04z;;7;NA
4683;3626;FBCT99ke-BPhDmZbvT_DG;;7;HIGHER_EDU
4697;3627;WHRkL4xbjPjoD2Bifr4i9;;7;HIGHER_EDU
4697;3627;WHRkL4xbjPjoD2Bifr4i9;;8;HIGHER_EDU
4697;3627;WHRkL4xbjPjoD2Bifr4i9;;2;HIGHER_EDU
4692;3628;6zs0QikfB74fHkO_aSXBD;;7;NA
4699;3629;0v5sE4GSOeUtdBTpvTkCH;;7;NA
4692;3630;C5JaEop5XbxauAs_dLv80;;7;NA
4701;3631;qetN7EEAC8xYZM6IcXT0l;;7;NA
4703;3632;NLmy9PxLtYzS0LNxW1wmo;;7;NA
4702;3633;HvGyyqdHy_qIBzZv_NRd0;;7;NA
4707;3635;EkCWdGXGjyh6m7p6_DNL9;;7;NA
4707;3635;EkCWdGXGjyh6m7p6_DNL9;;142;NA
4708;3636;MK3BIPhVonFsMXE2cmuRC;;7;HIGHER_EDU
4709;3637;dJeSB0Skh5sh6q4p5gh3x;;7;HIGHER_EDU
4710;3638;iNCvcOrXWr00g4G7d3FtG;;7;UNFINISHED_HIGHER_EDU
4710;3638;iNCvcOrXWr00g4G7d3FtG;;2;UNFINISHED_HIGHER_EDU
4713;3639;Picl5UAaR-PqbEDbJ5nF9;;7;NA
4717;3642;BFW_I8p0UL4885t60DnkQ;;7;NA
4719;3643;HGD_m4Zf1C26QKIQ1w4D3;;7;NA
4722;3644;hpHXugNm1lSOAXRQZUo5Y;;7;NA
4722;3644;hpHXugNm1lSOAXRQZUo5Y;;122;NA
4726;3645;guNbonzgSnESW6isMa8di;;7;UNFINISHED_HIGHER_EDU
4726;3645;guNbonzgSnESW6isMa8di;;2;UNFINISHED_HIGHER_EDU
4705;3646;0dxehf6ufFsrRLj-iP0AN;;7;HIGHER_EDU
4721;3647;27ps48e6GfdLE1HSTpnVN;;7;HIGHER_EDU
4728;3648;mMnGY5TptAQGToo2vkuJ6;;7;NA
4733;3649;HQ09HNwY02jKKTvIgSsgH;;7;NA
4731;3650;JtNq_Stx47xyxt0Ps3oRR;;7;NA
4731;3650;JtNq_Stx47xyxt0Ps3oRR;;2;NA
4732;3651;8UGfWl1YOCjLeAsEAVJM2;;7;HIGHER_EDU
4731;3652;9d5JKIjKOe8iaQ1sqirhl;;7;NA
4731;3652;9d5JKIjKOe8iaQ1sqirhl;;2;NA
4735;3653;16lJ87190xBpk4oJmQzcy;;7;NA
4730;3654;E6SzPP6bHz_ymbgXnAeR2;;7;HIGHER_EDU
4735;3655;RZ7LVPZQ99SBiuYXFEyG6;;7;NA
4736;3656;v1z820-sKuJxgxLlozwoc;;7;NA
4736;3657;GRJd4k3JGrx-NkSx0xlrO;;7;HIGHER_EDU
4740;3658;Nay_wTckxFZQyf6e3R1v2;;7;HIGHER_EDU
4742;3659;dDLfFO5ndss2BlHunQltH;;7;HIGHER_EDU
4738;3660;I0h9f-p_uMWSsQJLHwECo;;7;SECONDARY
4738;3660;I0h9f-p_uMWSsQJLHwECo;;6;SECONDARY
4738;3660;I0h9f-p_uMWSsQJLHwECo;;193;SECONDARY
4745;3661;VBdmZuR5BXAvdyZe2oxW8;;7;NA
4745;3661;VBdmZuR5BXAvdyZe2oxW8;;129;NA
4743;3662;VbukEjtQzBGZd6XH0EPKv;;7;HIGHER_EDU
4749;3663;V8dXsf0FWzry8zvs5jWKo;;7;HIGHER_EDU
4748;3664;HFdZU0mwTn5Zs7WWBli1N;;7;NA
4748;3664;HFdZU0mwTn5Zs7WWBli1N;;109;NA
4748;3664;HFdZU0mwTn5Zs7WWBli1N;;110;NA
4748;3664;HFdZU0mwTn5Zs7WWBli1N;;6;NA
4751;3665;2ajmVvncW0v_NUfmEjWwf;;7;NA
4751;3665;2ajmVvncW0v_NUfmEjWwf;;3;NA
4754;3666;O8z7qhLxoUDc1Yzfya8sW;;7;HIGHER_EDU
4756;3667;CpUqwwtpNmZUA8kL4KbKr;;7;NA
4753;3668;MdbnmZfOQ5uYm4MeEqt_y;;7;NA
4755;3669;EmM-IqQ6AY9KfQA5bTvEV;;7;NA
4757;3670;jGIlLsM9uW77ykRhtnleC;;7;HIGHER_EDU
4757;3670;jGIlLsM9uW77ykRhtnleC;;2;HIGHER_EDU
4760;3671;yjJ7sgCNbzC0HsU6qDIUs;;7;NA
4760;3671;yjJ7sgCNbzC0HsU6qDIUs;;110;NA
4761;3672;Kw1Bne7pquV708Lx1sL-5;;7;NA
4763;3673;P_HPklVTwHahL4NEYBaPB;;7;NA
4763;3673;P_HPklVTwHahL4NEYBaPB;;110;NA
4765;3674;uBWnb4aAigLSY7onXjw8Z;;7;HIGHER_EDU
4765;3674;uBWnb4aAigLSY7onXjw8Z;;114;HIGHER_EDU
4765;3674;uBWnb4aAigLSY7onXjw8Z;;6;HIGHER_EDU
4769;3675;1M70kYPPg9XIiwKQJgdbl;;7;NA
4775;3676;c2phJRk0tI8Kh44eu9XFm;;7;HIGHER_EDU
4772;3677;R-XiW6RqlHDmOnGg3gmkL;;7;NA
4777;3678;3aNnF4C5MkdxnFY6l9PCn;;7;HIGHER_EDU
4767;3680;zKdsHDKsFENkBrCejPEhy;;7;HIGHER_EDU
4780;3681;GVdmK1XzJiTOFEXZxjf09;;7;NA
4781;3682;fHWseQtCysdY4NzoQc_d4;;7;NA
4779;3683;AKjyIdVaVNYJZpu5wKJsz;;7;NA
4779;3683;AKjyIdVaVNYJZpu5wKJsz;;105;NA
4779;3683;AKjyIdVaVNYJZpu5wKJsz;;185;NA
4766;3684;upDhv8yzO0n-pnX-lN277;;7;HIGHER_EDU
4785;3685;x5Kz9Kk0pDLHTiUBMspLc;;7;NA
4785;3686;IuKyakbhTqRR0bZEZsyr1;;7;NA
4787;3687;covd6b0SUi-zv2Uk8I7GH;;7;NA
4788;3688;3tDl_SJlKFlXB7cVlJlje;;7;NA
4791;3689;s8xjR8hYyXnLpwWwvleV0;;7;NA
4790;3690;MBgGct-maLm74nsnGye9U;;7;HIGHER_EDU
4790;3690;MBgGct-maLm74nsnGye9U;;110;HIGHER_EDU
4792;3691;5qP9c_rA8fRs_AeWt4kr2;;6;UNFINISHED_HIGHER_EDU
4794;3692;aaurYglZb2gLgJGlwp9uD;;7;HIGHER_EDU
4741;3693;3Ufzcag2hhehrYtoMujxS;;110;SECONDARY
4741;3693;3Ufzcag2hhehrYtoMujxS;;7;SECONDARY
4796;3694;a6r0dV4lP1dN6Y9lYnVy7;;7;UNFINISHED_HIGHER_EDU
4799;3695;qGTQiHrcSuKvxotXeZS4q;;7;NA
4798;3696;eVByln83gxOKuUF4XVCBi;;7;NA
4800;3697;VhrmmFl4i8fu13NE02GxW;;7;HIGHER_EDU
4802;3698;loCgbLQvQvb1S8rJ7h_e1;;7;HIGHER_EDU
4803;3699;PB8M5I_nNxAWwXmRYFxDz;;7;HIGHER_EDU
4803;3699;PB8M5I_nNxAWwXmRYFxDz;;129;HIGHER_EDU
4804;3700;Yjlo41NnKTLN0Sw_-lBwF;;7;HIGHER_EDU
4807;3701;NbJNGtpPk-bei7FdzgpoW;;7;HIGHER_EDU
4806;3702;RJ8QoMbML3UbyTLu__rF4;;7;HIGHER_EDU
4806;3702;RJ8QoMbML3UbyTLu__rF4;;8;HIGHER_EDU
4806;3702;RJ8QoMbML3UbyTLu__rF4;;2;HIGHER_EDU
4808;3703;5Cf9gtEDSYQH09VHZig2q;;7;NA
4808;3703;5Cf9gtEDSYQH09VHZig2q;;2;NA
4793;3704;euZ33HMLwk_Tly37kHu0b;;7;HIGHER_EDU
4813;3705;ijVZ9KLPTnP-q1xvdVfTA;;7;PHD
4814;3706;o8BfQo2pcG5bgGEbuts2f;;7;HIGHER_EDU
4814;3706;o8BfQo2pcG5bgGEbuts2f;;3;HIGHER_EDU
4724;3707;ftcGYPaiqM8BGgarsmI3k;;7;HIGHER_EDU
4532;3708;v82t0WWNzmHDFKd_PVLlP;;7;NA
4809;3709;RcvURoXexAxhdDVPpXnwL;;7;HIGHER_EDU
4809;3709;RcvURoXexAxhdDVPpXnwL;;122;HIGHER_EDU
4809;3709;RcvURoXexAxhdDVPpXnwL;;129;HIGHER_EDU
4809;3709;RcvURoXexAxhdDVPpXnwL;;2;HIGHER_EDU
4816;3710;dTK-iLBwTBqpIVHBpO4_x;;7;NA
4818;3711;JIrR9gJjf_ofJ89OE48y7;;7;NA
4820;3712;lRaxX3DOOSnV9zSCow7_c;;6;NA
4821;3713;vkzT8exT-Y-DdP0-yTMAM;;7;NA
4825;3714;QRtZZe2J5s9f5iwuQg3vO;;7;NA
4825;3714;QRtZZe2J5s9f5iwuQg3vO;;2;NA
4823;3715;Q2W4FDNPEsN2bjgZcC0C8;;7;NA
4826;3716;l5JjY2fRwRKybg4eNeILl;;7;NA
4826;3716;l5JjY2fRwRKybg4eNeILl;;117;NA
4828;3717;3XsZa0TaLt69o21qQs_wY;;118;HIGHER_EDU
4828;3717;3XsZa0TaLt69o21qQs_wY;;7;HIGHER_EDU
4829;3718;WFimQr29_Wj3WT95RZxsX;;7;NA
4834;3720;f3cUblEdMrD00ak4It1rI;;7;HIGHER_EDU
4830;3721;3Tcre8cqXsvx6FwpXntNN;;7;HIGHER_EDU
4838;3722;Rr-mIuzIdn-0QTlIZzule;;7;HIGHER_EDU
4822;3723;7c7KHfGXrcm_73dRpA_Y8;;6;HIGHER_EDU
4840;3724;PGb8WghMNNefLnZI33aBt;;7;HIGHER_EDU
4842;3725;O0WpT-uQVTuRkS13MrOU2;;7;NA
4842;3725;O0WpT-uQVTuRkS13MrOU2;;4;NA
4835;3726;V7V-LgIHtO4shwCGv5PjE;;7;NA
4843;3727;-2kGUhg_wuEWr0_OqAcX_;;7;UNFINISHED_HIGHER_EDU
4837;3728;gQpPoycvuE0L91uoEqzXy;;7;NA
4845;3729;YUMcy9SuaEFubCUxLG999;;7;NA
4845;3729;YUMcy9SuaEFubCUxLG999;;2;NA
4846;3730;SCzHKtBhiyXkc_ZG96IYP;;7;NA
4847;3731;TlG-AxI2r9Y0PZp0rd_Qt;;7;NA
4847;3732;RAqhYLkUqb5SDACh11x0t;;7;NA
4850;3733;y8-1uZenxZdPbpXmb-asM;;7;HIGHER_EDU
4846;3734;AJQMkFItVrQIJjOOV0_J8;;7;NA
4848;3735;PvWQR0WNR1A6G4Ud-L-BY;;7;HIGHER_EDU
4852;3736;kzA2HxCYKH05RxObIQBBw;;7;HIGHER_EDU
4853;3737;dNEXSeXU0meR8vnEZTyCd;;7;HIGHER_EDU
4853;3737;dNEXSeXU0meR8vnEZTyCd;;111;HIGHER_EDU
4853;3737;dNEXSeXU0meR8vnEZTyCd;;110;HIGHER_EDU
4853;3737;dNEXSeXU0meR8vnEZTyCd;;2;HIGHER_EDU
4855;3738;I4wXH2t-F6ISR4domJq6V;;7;NA
4860;3739;#NAZWA?;;7;NA
4858;3740;M3MWA1nyKX6c7LIKQW_vy;;7;HIGHER_EDU
4862;3741;odKAbTVES_fGLYBYr3mFm;;106;NA
4862;3741;odKAbTVES_fGLYBYr3mFm;;7;NA
4862;3742;cth_-NlCwbCL32abGcJSK;;106;HIGHER_EDU
4862;3742;cth_-NlCwbCL32abGcJSK;;7;HIGHER_EDU
4868;3743;BDWOOD8SHpvqghnvqCoKO;;7;NA
4870;3744;jyF5NxkCviw1yBwWuhvlv;;7;NA
4873;3746;r1Nt0edtHwdEcSBG-W2ij;;7;NA
4875;3747;N5QVY-lXznmZZ-9ZZGOly;;7;NA
4875;3747;N5QVY-lXznmZZ-9ZZGOly;;110;NA
4878;3748;bNW7uIVwg3X7NXb4Rva65;;7;HIGHER_EDU
4878;3749;q7hS1dAHXvG_-59hQ4X_8;;7;NA
4877;3750;qmfg2zk_Vhu72hHiJtskU;;2;HIGHER_EDU
4877;3750;qmfg2zk_Vhu72hHiJtskU;;7;HIGHER_EDU
4880;3751;0-nYald7CwmosxVwT2YgT;;7;NA
4882;3752;RKjO1K3xm0Hfp_dUAvoNW;;7;HIGHER_EDU
4886;3753;2VOymORFomnkObqrrYRxf;;7;HIGHER_EDU
4887;3754;Mpv_WFMBUnXnFKoSfmb1X;;7;HIGHER_EDU
4887;3754;Mpv_WFMBUnXnFKoSfmb1X;;2;HIGHER_EDU
4674;3755;Q0eLg6Wu1Bdh19f-D6DWt;;7;NA
4891;3756;BfC6FfpXCZaIb19hLl_C3;;7;SECONDARY
4892;3757;_dvMvMig4okdMuNvFeLKJ;;7;HIGHER_EDU
4893;3758;PXr4HPWkrsj5BMRkP-2O0;;7;HIGHER_EDU
4895;3759;ve_Rkz_hRCyY_79ATxs-t;;7;UNFINISHED_HIGHER_EDU
4896;3760;oWVzCTaVUXW31p_YHPlnl;;7;HIGHER_EDU
4896;3760;oWVzCTaVUXW31p_YHPlnl;;186;HIGHER_EDU
4898;3761;#NAZWA?;;7;NA
4901;3762;aXnvrjRQXPiwad9t5r-mE;;7;NA
4900;3763;WePkWtxjOdX_7kAeseKKj;;7;UNFINISHED_HIGHER_EDU
4902;3764;MBPGDF3WvLNzpP-HqstJH;;7;NA
4904;3765;_dXhvWYejRpMEvOGWtjdF;;7;HIGHER_EDU
4906;3766;nt-1r3adu2sd5QkrRrWa0;;7;HIGHER_EDU
4907;3767;9AAuINdS-JCfyZfYOL4DC;;110;HIGHER_EDU
4908;3768;Gm6lGG0hsut0x48-sZX0m;;7;HIGHER_EDU
4909;3769;tdNzH7YZctA3FkoQ8WCLa;;106;HIGHER_EDU
4909;3769;tdNzH7YZctA3FkoQ8WCLa;;2;HIGHER_EDU
4911;3770;Hv16JrwahAFFkPpuhS9nz;;7;HIGHER_EDU
4913;3771;V9lapt15_y4RjRLtjR3Da;;7;NA
4911;3772;cHRLVEdp2qDbzRLl2lcD3;;7;NA
4914;3773;h8ZlCSDe3nc23EU_yGT28;;7;HIGHER_EDU
4917;3774;KTrQxZ-DfqA51gUd5p1tK;;7;HIGHER_EDU
4917;3774;KTrQxZ-DfqA51gUd5p1tK;;7;HIGHER_EDU
4919;3775;ez6eoJphpH51ljubEYkvq;;7;PHD
4919;3775;ez6eoJphpH51ljubEYkvq;;111;PHD
4919;3775;ez6eoJphpH51ljubEYkvq;;3;PHD
4923;3776;O0gyel8sfMy9qt9fm2ZYl;;7;NA
4923;3776;O0gyel8sfMy9qt9fm2ZYl;;107;NA
4924;3777;MjqqC4NlnPKVrFkfMWKlL;;7;HIGHER_EDU
4924;3777;MjqqC4NlnPKVrFkfMWKlL;;2;HIGHER_EDU
4916;3778;IsJd5JtMDfP7j86fwH4sM;;7;HIGHER_EDU
4921;3779;5t4ew3lhZfdnb7M944J87;;7;NA
4926;3780;4BHJElMTG1kd37HvjjgGF;;7;NA
4926;3780;4BHJElMTG1kd37HvjjgGF;;105;NA
4928;3781;Gdri8YdZMHE1IuvCj1KLe;;7;HIGHER_EDU
4929;3782;PZE4PzOUl9K-Il5ieE_22;;7;NA
4931;3783;4aVtLeq1w7FD6VglSJGWG;;7;HIGHER_EDU
4932;3784;x5Ge3TyoV9aRBuM4CJfaG;;7;HIGHER_EDU
4933;3785;YbGeLbOP661K-V59FP-iR;;7;NA
4937;3786;fsW9sXQnYY-C5F4J4D3--;;7;HIGHER_EDU
4935;3787;Zz01fGQDAfJL4o41IaPOs;;7;NA
4940;3789;NFXPyU1RDzINoiCtZAAnU;;7;NA
4940;3789;NFXPyU1RDzINoiCtZAAnU;;2;NA
4939;3790;kb-GpF9y278bXBmAzo6Ob;;7;HIGHER_EDU
4942;3791;ePR2J10V88J351uoaycty;;7;NA
4945;3792;HczScmX5AUGWDAaulaK0y;;7;HIGHER_EDU
4944;3793;XR7CNDzfC5oAx0qRu-BIE;;7;PHD
4499;3794;knRfq8j4EDsV5BfsohtRF;;7;NA
4947;3795;9GY7MhwmuQ_mFu3yAxOY9;;7;HIGHER_EDU
4947;3795;9GY7MhwmuQ_mFu3yAxOY9;;7;HIGHER_EDU
4947;3795;9GY7MhwmuQ_mFu3yAxOY9;;7;HIGHER_EDU
4948;3796;pJkBNThuP-DCFgivo9HcT;;7;NA
4950;3797;SNOjeHJIlY-cWzgQKY6ae;;7;NA
4952;3798;QABYjdUUi1GY1VRbzbzhq;;5;NA
4954;3799;diSR3uOyZritM0kHjWgV4;;7;HIGHER_EDU
4957;3800;CSckdq9wUKDABktUSEMNE;;7;NA
4955;3801;EOUXx2PoXGTxtdD7SSW_f;;7;HIGHER_EDU
4960;3802;fEhA9Wy54yE3FpF5L22bS;;7;SECONDARY
4962;3803;K728uQZDd7D-_9UOy9HWj;;7;NA
4965;3804;QFIY5VKIHoKj2MjhaHI56;;7;HIGHER_EDU
4967;3805;L9ulFMFVSt4GdDqAjm08N;;7;HIGHER_EDU
4964;3806;Agv1U1ImhOpLowhykiyXN;;7;NA
4964;3806;Agv1U1ImhOpLowhykiyXN;;122;NA
4964;3806;Agv1U1ImhOpLowhykiyXN;;6;NA
4970;3807;s1eOgJYxypWhqaFRlTlbx;;7;HIGHER_EDU
4970;3807;s1eOgJYxypWhqaFRlTlbx;;109;HIGHER_EDU
4970;3807;s1eOgJYxypWhqaFRlTlbx;;110;HIGHER_EDU
4968;3808;g-Q5ISYGHEb7TGKFJaxCo;;7;HIGHER_EDU
4461;3809;JhFEaJh3mx7nnt_25hTe7;;7;NA
4866;3810;hQP9YZD7z0eiehZ_emoEA;;7;SECONDARY
4866;3810;hQP9YZD7z0eiehZ_emoEA;;187;SECONDARY
4972;3811;Kv9Nxj_1v-xXGNEQn1o7b;;7;HIGHER_EDU
4974;3812;7D8zsBGfw70jIG4KSkiPJ;;7;NA
4975;3813;A-faTqY5eOwDAEepnbHE7;;7;HIGHER_EDU
4969;3814;_Wac97Sc_vTlOGZ8eMoBa;;7;UNFINISHED_HIGHER_EDU
4969;3814;_Wac97Sc_vTlOGZ8eMoBa;;3;UNFINISHED_HIGHER_EDU
4969;3814;_Wac97Sc_vTlOGZ8eMoBa;;110;UNFINISHED_HIGHER_EDU
4977;3815;LHJPd1kZeKhUgYBDU2fND;;7;HIGHER_EDU
4979;3816;8DYParZNrb0odZFforfZz;;7;NA
4982;3817;uLl093uuXtrDzZ1aTURfP;;7;NA
4986;3818;JvuoaLtJZERF-8OHnPMEK;;7;NA
3667;3819;DVfQ5mpaktozOxwtllABN;;7;NA
4985;3820;BzS5lzvZGSl5rm7_XbsRF;;7;NA
4985;3820;BzS5lzvZGSl5rm7_XbsRF;;2;NA
4981;3821;#NAZWA?;;7;HIGHER_EDU
4984;3822;OJnW6Qhg2X2LBjjMA9gQX;;7;HIGHER_EDU
4991;3823;v_UMcDWhJXIF2sPaz2lF8;;7;HIGHER_EDU
4988;3824;flAqqOXq8NYv2In6hFOiP;;7;NA
4995;3825;4V9YGeD4imWvXuF4sxbfP;;7;NA
4998;3826;rpOUE_pda1Q_yV7t-Eqp1;;7;HIGHER_EDU
4998;3826;rpOUE_pda1Q_yV7t-Eqp1;;2;HIGHER_EDU
4999;3827;wheG1IljQLXXqjrIwTjGh;;7;HIGHER_EDU
5000;3828;3MSoOIOkyJ6gux-crGN0r;;7;HIGHER_EDU
5004;3829;asWryJl6_cmtvYxtiPxSn;;7;SECONDARY
5002;3830;jmIljebdgzH5jzyUVx7Ri;;7;NA
5007;3831;N6Cwu0qqvNwKcuvr0tUrW;;7;HIGHER_EDU
5005;3832;oNbKHxGox0pGc82Hju4Ub;;7;HIGHER_EDU
5009;3833;sZnxAMtzyLOLnmMqEtihD;;7;HIGHER_EDU
803;3834;HdhZTERd7J_jvFlC0Ig-Z;;7;NA
803;3834;HdhZTERd7J_jvFlC0Ig-Z;;2;NA
5013;3835;JtvUVRQfnddI5pxTiCrPY;;7;NA
5014;3836;rkQpeu6hCkDJLIHBVDHY6;;7;HIGHER_EDU
5016;3837;x_0LamcYLe2HEw_dNUpJK;;7;NA
5016;3837;x_0LamcYLe2HEw_dNUpJK;;110;NA
5020;3838;oHked5LywAZ_0nMKn5paT;;7;NA
5017;3839;PbdhaK-9Ya9UPgxk_Qofd;;7;NA
5017;3839;PbdhaK-9Ya9UPgxk_Qofd;;2;NA
5022;3840;rl3Xz_TBulAFIqKzXlTKF;;7;NA
5022;3840;rl3Xz_TBulAFIqKzXlTKF;;8;NA
5025;3841;CfgmbTMT6qMD1R0QoZW-u;;7;SECONDARY
5023;3842;oce4OQgJhg-I5kxK4Ksxb;;7;NA
5030;3843;bA3YoA3UpmZFGGlZYKimV;;7;NA
5031;3844;gt7b9qeI2MAiE824CQhji;;7;NA
5028;3845;Vk0x5pSPUMZELslOrI8J4;;7;HIGHER_EDU
5027;3846;qd7K9-HSjE1pQmL8rAus2;;7;NA
5035;3847;IaWsGkTeK8TKrsOPHg_kU;;7;HIGHER_EDU
5033;3848;Da7XBVTIxBjQqFFE_9Ovm;;7;UNFINISHED_HIGHER_EDU
5036;3849;TMRRfFxAriwks_tg7tNXW;;7;NA
5038;3850;5xyscjivTf4FeH99mQmMb;;7;NA
5044;3852;ezWl12yKwUcLcJU9la1xt;;7;HIGHER_EDU
4138;3853;qup3A6goOdyjXxufOA4KF;;7;NA
5045;3854;OwsPsCvCB2lI4B779s3yl;;7;HIGHER_EDU
5046;3855;lQMNK8pBYTD4fkRnA2q0e;;7;SECONDARY
5046;3855;lQMNK8pBYTD4fkRnA2q0e;;2;SECONDARY
5046;3856;XKSrybs-O5IK1sY5uOl_j;;7;NA
5046;3856;XKSrybs-O5IK1sY5uOl_j;;2;NA
5047;3857;AUz67Qowq8WDRUsTwN7Hh;;7;NA
5012;3858;JU_3xXSLMWeD3Kvu9NB6U;;7;HIGHER_EDU
5049;3859;1zimm87Oc_5oTMLAUP1dQ;;7;HIGHER_EDU
5048;3860;3-kx07ObAtkVfx2oJ2w8L;;7;NA
5052;3861;f1Ww0JN-ylbzz8c_nC27k;;2;HIGHER_EDU
5052;3861;f1Ww0JN-ylbzz8c_nC27k;;7;HIGHER_EDU
5051;3862;VqLjjjaIHqnHtfZu30dWw;;7;SECONDARY
4563;3863;V9aOhkJA_lZu4J1yrwcDB;;114;PHD
4563;3863;V9aOhkJA_lZu4J1yrwcDB;;7;PHD
4563;3864;C1OLRIfKWezUveWNS_c76;;114;NA
4563;3864;C1OLRIfKWezUveWNS_c76;;7;NA
5051;3865;Kjo2PB9ii2ILDa7ova0Z5;;7;NA
1603;3866;P60xiMnuiyZJtFNdxSnPv;;7;NA
5054;3867;QTyChCglkt6hfugtv6-Fa;;7;NA
5056;3868;Cf2HhUunL_ipi3V8iMZX6;;7;NA
5058;3869;r4eoWY48qfPfcRzfXkXry;;7;UNFINISHED_HIGHER_EDU
5060;3870;iNC6lvnyadEX1HJ_Ta87k;;7;HIGHER_EDU
5062;3871;9XgK6zdd1SEiNhukxieDt;;7;HIGHER_EDU
5065;3872;hLVUfXEg9o5ccWj0zYQlM;;7;NA
5064;3873;H2-L-N2Uz08QsWQ9qzqA_;;7;NA
5066;3874;Gvim_aQ4zxH2jRo7tScWl;;7;HIGHER_EDU
5065;3875;AjeWIk_1YDLf8Ql_uABdh;;7;NA
5067;3876;iu0czp9bWI8mdFTiBRX3A;;7;HIGHER_EDU
5067;3876;iu0czp9bWI8mdFTiBRX3A;;105;HIGHER_EDU
5069;3878;1tD2d8YZwXimZjqc09EwM;;7;HIGHER_EDU
5069;3878;1tD2d8YZwXimZjqc09EwM;;129;HIGHER_EDU
5072;3879;zYv0g_cAU54KjyGnK7rtn;;7;HIGHER_EDU
5071;3880;ydXaOjDgAq_Cly3rahs2P;;7;HIGHER_EDU
5071;3880;ydXaOjDgAq_Cly3rahs2P;;142;HIGHER_EDU
5071;3880;ydXaOjDgAq_Cly3rahs2P;;3;HIGHER_EDU
5071;3880;ydXaOjDgAq_Cly3rahs2P;;109;HIGHER_EDU
5074;3881;X6xln1h4TBlb-qi_JxrsY;;7;NA
5076;3882;QTXgVMmGfkvnCzuz0bwhG;;7;HIGHER_EDU
5081;3883;D56abVaq5Bjw_vIW-3D3F;;7;NA
5084;3884;p-M8prNU6FtORDXRdR9ZJ;;7;HIGHER_EDU
5084;3885;qiYDtK_qzxUDJS64XDwWh;;7;NA
5085;3886;u_pnCg1G-9aG_YeJ83L9W;;7;HIGHER_EDU
5082;3887;jvTrfK0HUQPfKAmtmAKhK;;7;NA
5087;3888;ein03i8ynGW7FcREiKpcV;;7;SECONDARY
5089;3889;tCwDwKzd_UtAaYCozXGK_;;7;HIGHER_EDU
5077;3890;HuLSg4z8SzE5F7gR64KYi;;7;NA
5091;3891;FAbuZXuD3vQDkzT7dO6UD;;7;NA
5093;3892;#NAZWA?;;2;HIGHER_EDU
5093;3892;#NAZWA?;;7;HIGHER_EDU
5093;3892;#NAZWA?;;134;HIGHER_EDU
5094;3893;mawkqPonmawQF7LijXM5n;;7;HIGHER_EDU
5079;3894;Pedrhd8NIFsLU3w2x1lYK;;7;HIGHER_EDU
5079;3894;Pedrhd8NIFsLU3w2x1lYK;;120;HIGHER_EDU
5096;3895;nMitnNK0ETwVl5WbYwDhh;;7;NA
5097;3896;1zVJFAmdwcKS6e40RF3lJ;;7;NA
5099;3897;VXu_OLHEhnvQ4B1W5HJBj;;7;NA
5102;3898;_YVCI7cpBradvXqjzVG1S;;7;NA
5104;3899;cey_FfoMqUmclW4YeAT48;;7;NA
5106;3900;CImp9xjAHPzRyhxgRwlNV;;7;NA
5109;3901;aYbo20EGU6c14lth8g05l;;7;HIGHER_EDU
5109;3901;aYbo20EGU6c14lth8g05l;;2;HIGHER_EDU
5107;3902;iQN6iSRYz91iccpPM8Dmc;;7;HIGHER_EDU
5107;3902;iQN6iSRYz91iccpPM8Dmc;;6;HIGHER_EDU
5100;3903;W1jBbJ5vBYTR_rDX1QgQL;;7;NA
5112;3904;26MwT8xGwiwQChZ0nN2kY;;7;HIGHER_EDU
5111;3905;5V2OsYL9bcNBOEvITFUuR;;7;NA
5115;3906;VSZ8Pr4lg2M2HIRkfxJct;;7;NA
5117;3907;#NAZWA?;;7;HIGHER_EDU
5119;3908;9nchbw3K2WuBvFuYL8l1d;;7;HIGHER_EDU
5121;3909;9V7sSb-LqfGGX3ZgashgF;;7;NA
5118;3910;AZOcwcAEGxbcRh2xMtVJf;;7;NA
5118;3910;AZOcwcAEGxbcRh2xMtVJf;;5;NA
5120;3911;ygXpAt1OGPeBdX_e0a6WW;;7;HIGHER_EDU
5122;3912;NXeaSTNBOBRBegELQBLiz;;7;HIGHER_EDU
5125;3913;-8YSh0zSWYbQLOOmB2IQz;;7;NA
5123;3914;k59I_umeE3QlnUpr3O_Tq;;7;HIGHER_EDU
5123;3914;k59I_umeE3QlnUpr3O_Tq;;3;HIGHER_EDU
5127;3915;J517_0AEBuZ7cttLRqNvj;;7;HIGHER_EDU
5130;3916;dv9TrdBkEXVWevQejQqt5;;7;HIGHER_EDU
5129;3917;rEYLTAa-7K1y5boU6fSIy;;7;HIGHER_EDU
5131;3918;BiXpX5f8dl-cC_sbhavaV;;7;NA
5133;3919;0LMqKpJtTcypkNxa1aLZ0;;7;NA
5136;3920;fZezEOpgyKPyRRaL707vI;;7;HIGHER_EDU
5135;3921;JdAVrtiZSh64_OuoYqCqI;;7;NA
5138;3922;1jJeD4TQEBWkUQNBOxuXX;;7;NA
5138;3922;1jJeD4TQEBWkUQNBOxuXX;;3;NA
5140;3923;Qk58UTT0QdpCU6JsyKLNS;;7;HIGHER_EDU
5141;3924;Qj07rGNffwEkcfAHGiEIi;;7;HIGHER_EDU
5131;3925;INMcAn_YtpxLptBKyF7ip;;7;NA
5145;3926;v3L6jFEwBCOyU-SNt7TOc;;7;NA
5143;3927;OoLYoL4R9XPgIgcRdxzjR;;110;NA
5143;3927;OoLYoL4R9XPgIgcRdxzjR;;7;NA
5148;3928;6PSH3gu7riUtk95C-yFbh;;7;HIGHER_EDU
5146;3929;#NAZWA?;;7;NA
4996;3930;1b8YsOu2LkQ6iHqhmzKyD;;7;NA
5146;3931;IboxB3mBQoDORrCwTazs1;;7;NA
5154;3932;wQuKzNPBwOqoy_3H3rjIy;;7;HIGHER_EDU
5154;3932;wQuKzNPBwOqoy_3H3rjIy;;2;HIGHER_EDU
5155;3933;l_w9uXz70d5CP1T0n9tT5;;7;HIGHER_EDU
5157;3934;GraKs-zgTP5ah079Y0VSy;;7;HIGHER_EDU
5159;3935;HKB4WqHNHd9pSkGY7XgxH;;7;HIGHER_EDU
5156;3936;jomSTASfKS9zaFzgjZ9L5;;7;SECONDARY
5165;3937;WZxbLe4OqGejhTJhUgVEo;;7;HIGHER_EDU
5163;3938;1vM8fZJnDomCbZCz88vAz;;7;HIGHER_EDU
5166;3939;5L1aFplGQZcwFUG8boVvJ;;7;UNFINISHED_HIGHER_EDU
5162;3940;yAFTQZkRSZdTITnv1Mwk6;;7;UNFINISHED_HIGHER_EDU
5162;3940;yAFTQZkRSZdTITnv1Mwk6;;2;UNFINISHED_HIGHER_EDU
5169;3941;rgRtI060yQaL-dK42tw9S;;7;HIGHER_EDU
5169;3941;rgRtI060yQaL-dK42tw9S;;3;HIGHER_EDU
5168;3942;EhPqjMXKJ6aaspL3uHWBb;;120;NA
5168;3942;EhPqjMXKJ6aaspL3uHWBb;;7;NA
5173;3943;Cyap8Rn1Ol2x0ysWFiRNv;;7;NA
5175;3944;XBjKABQ22B8ya1pLkfb0z;;7;HIGHER_EDU
5171;3945;zHwisl3Ve_QHYnhkZgcyE;;7;NA
5171;3945;zHwisl3Ve_QHYnhkZgcyE;;186;NA
5160;3946;2uy2B2peN2scx4FS4IGie;;7;HIGHER_EDU
5180;3947;q4kbENJFGxZauivW7zgx6;;7;NA
5178;3948;e61n_OFIDNLEIBo8LhE9x;;7;UNFINISHED_HIGHER_EDU
5178;3948;e61n_OFIDNLEIBo8LhE9x;;2;UNFINISHED_HIGHER_EDU
5184;3949;OOz0kIHQwtzIOlvskljk1;;7;HIGHER_EDU
5182;3950;UApaVMRqGuE5vNLaHbaJl;;7;NA
5185;3951;mFSsNjxCs80-Cp_VG7G3A;;7;NA
5189;3952;BHfPvBSDlGn2G-ADTbUh8;;7;HIGHER_EDU
5170;3953;XLzswUtoD5tJ6GhY8xo63;;7;PHD
5170;3953;XLzswUtoD5tJ6GhY8xo63;;110;PHD
5190;3954;1u3oeiOovhEilRTGwYni9;;7;HIGHER_EDU
5191;3955;1l6Zvxu5Z12S85nVVocVJ;;7;HIGHER_EDU
5192;3956;0L4v-7I-NK78SKw5lkegV;;7;NA
5193;3957;zkgiZdjIU7APNLdwV5y1i;;7;HIGHER_EDU
5192;3958;SEwq74orHDUTUJJ0DqG8L;;7;NA
5195;3959;p_IaJnfrpvJzPMHMXvaGm;;7;HIGHER_EDU
5198;3960;#NAZWA?;;109;NA
5198;3960;#NAZWA?;;7;NA
5196;3961;wZxmb5AMipR-lgOjgDwRP;;7;NA
5196;3961;wZxmb5AMipR-lgOjgDwRP;;2;NA
5187;3962;Lyujmr9bPCktyAro-Pe4K;;7;HIGHER_EDU
5187;3962;Lyujmr9bPCktyAro-Pe4K;;2;HIGHER_EDU
5200;3963;xDeYzUCXmog7ZJyAgx4pc;;7;HIGHER_EDU
5200;3963;xDeYzUCXmog7ZJyAgx4pc;;3;HIGHER_EDU
5199;3964;KH-LkFG4cWeY55ldMrvOh;;7;NA
5199;3964;KH-LkFG4cWeY55ldMrvOh;;6;NA
5203;3965;kFxmpl3u1WWo_KE20yueB;;7;HIGHER_EDU
5201;3966;4dFb2D-bfmu4rnWlNek4A;;7;NA
5205;3967;7tgjMBmenMlsscOL2jRHo;;7;HIGHER_EDU
5206;3968;fT33tIM8xX7xjGTo10al5;;7;NA
5201;3969;GicuCSQndBW6O5_ME71np;;7;NA
5209;3970;dRpfN7ym13bIksITUNlkD;;7;NA
5211;3971;tA5ywO2jstVTxZyN-F_qC;;7;NA
5213;3972;NEYG3FD4kNOQ_h4cQrnHq;;7;HIGHER_EDU
5207;3973;V4WNGK3-c_q5U_tqq6znJ;;7;NA
5214;3974;Cm_iv_nsBsU7yicMv9u-h;;7;SECONDARY
5217;3976;saXb8htz4ZGIfV6yNLTxQ;;7;NA
3069;3977;tp2rXaZL4T0bvll2QPlvt;;7;NA
5220;3978;NhiO-1Ieu3Kj8jYcD_zVV;;7;HIGHER_EDU
5218;3979;UJfdJdoXtr7YwCVS4d2di;;7;NA
5219;3980;ILsJ6cA01a1mu-yUlk-q4;;7;NA
5219;3980;ILsJ6cA01a1mu-yUlk-q4;;2;NA
5223;3981;GoiqcFKuXvD1x03epdAND;;7;NA
5222;3982;3vWhIxznZEHux_n2lpHTb;;7;HIGHER_EDU
5219;3983;SNopu4bTr8Qq3V_Kh5yU3;;7;HIGHER_EDU
5219;3983;SNopu4bTr8Qq3V_Kh5yU3;;2;HIGHER_EDU
5224;3984;p229QI0OGS_bTHuKjJJ6v;;7;NA
5226;3985;yjJ1walmwAKoGZYZt6xg_;;7;HIGHER_EDU
5229;3986;d-g2AmSYutmq6buhxHqI7;;7;NA
5228;3987;rGPSxNBw69vSFr8CQYcgw;;7;HIGHER_EDU
5227;3988;2Nngm7ZqZj7G_kg0ms53S;;7;NA
5227;3989;LR5PvilBwURL2afOs2Csu;;7;HIGHER_EDU
5232;3990;C5Yu4oXn3qMUUtegXrnOD;;7;NA
4158;3991;EQv6cGDb_HI6vOZR3QiZX;;7;NA
5236;3992;9SKsUQRocloi2IPpwEYLK;;7;NA
5236;3992;9SKsUQRocloi2IPpwEYLK;;2;NA
5237;3993;jeEBsGXXFW7jfp6sL1doC;;7;NA
5234;3994;E4sGRKCxJ_zp7MQZkU8Li;;7;NA
5241;3995;ev6SbTTM9lD5UbhMWqXqm;;7;HIGHER_EDU
5241;3995;ev6SbTTM9lD5UbhMWqXqm;;2;HIGHER_EDU
5238;3996;iMgUUX4Lca4eNizf2tvJ6;;110;SECONDARY
5238;3996;iMgUUX4Lca4eNizf2tvJ6;;7;SECONDARY
5244;3997;aLK2m-MEZSXI94IX1oAq4;;7;HIGHER_EDU
5240;3998;fH8r6VM9Smr1uLP0CtReL;;7;NA
5243;3999;F6XY9fZJsP-yvvEughZEu;;7;NA
5245;4000;d33clNRYvimgxf4DJW-Ty;;7;HIGHER_EDU
5245;4000;d33clNRYvimgxf4DJW-Ty;;109;HIGHER_EDU
5246;4001;BzOC8lgomc0JokrNpLjAM;;7;HIGHER_EDU
5247;4002;rDzlN_x54tgG6ZRQ56gkj;;7;NA
5250;4003;XvkarGcLG92CyA0s25cmI;;7;NA
5253;4004;nxckL1SwXxn0y2ha1KtaD;;7;HIGHER_EDU
5252;4005;ZrvhOb0uLDrB4FFliPXhm;;7;NA
5252;4005;ZrvhOb0uLDrB4FFliPXhm;;110;NA
5252;4005;ZrvhOb0uLDrB4FFliPXhm;;3;NA
5257;4006;IbpYCNWXW-nM0c4hWLFD4;;7;NA
5266;4007;kO69CGYtxwEgOdo73YMAd;;7;HIGHER_EDU
5261;4008;mJj3VWg33sR2t0OeIDowk;;7;NA
5263;4009;V6_tOQaAn1tXCoRTnjtaY;;7;HIGHER_EDU
5268;4010;tEYiaED2HpJMiRrNNn0VK;;7;NA
5268;4010;tEYiaED2HpJMiRrNNn0VK;;8;NA
5255;4011;ssM58VLJUF2iRUuZ--5Fd;;7;HIGHER_EDU
5273;4012;d_KItze0sxYuQstY69HWl;;7;HIGHER_EDU
5249;4013;4B_8JkxYK05g3MHo44Cq3;;7;NA
5269;4014;vnr4z5wkPQo9Mw6POu_3W;;7;NA
5274;4015;wAAiplSS0ltfr9XHPFA-3;;7;NA
5271;4016;GwfFPHUoDhLoKfCc0ezjR;;106;NA
5271;4016;GwfFPHUoDhLoKfCc0ezjR;;7;NA
5275;4018;XHmx_zMMN0RLw_1mNm03l;;7;NA
5275;4018;XHmx_zMMN0RLw_1mNm03l;;111;NA
5275;4018;XHmx_zMMN0RLw_1mNm03l;;2;NA
5280;4019;XtXmwX2Ksx_HCrAKkwb1a;;7;NA
5278;4020;lA8ZwgLOw-l6aUn4YsySs;;7;HIGHER_EDU
5248;4021;xN4nF-LGTG84n1u8Ph4aH;;7;SECONDARY
5284;4022;MZ4ff15UPqUXBdp5Fm6ek;;7;HIGHER_EDU
5282;4023;iOOUKfchKvUjZBQuvTCn8;;7;NA
5281;4024;hNzg82KvOROxrX4QSXFDQ;;7;NA
5275;4025;fi0tcvFH5GNtimNK9qW_4;;7;NA
5275;4025;fi0tcvFH5GNtimNK9qW_4;;111;NA
5275;4025;fi0tcvFH5GNtimNK9qW_4;;2;NA
5286;4026;LFGbJdaEyYQ4D3MN4jc-5;;7;NA
5287;4027;wT4zYsg1zLko68BZ6LZgy;;7;HIGHER_EDU
5288;4028;uGtTEJelwj8gpiXvB-TCr;;7;NA
5289;4029;D62DWVmVNkbYqu81HD-z9;;7;NA
5291;4030;Dv6iREzpVs2JYToiq-lqb;;7;NA
5293;4031;E0DHxz8ak7v9soqFqKXTZ;;7;HIGHER_EDU
5294;4032;kAyoh2YPVxKnp7oPOB5FW;;7;HIGHER_EDU
5297;4033;93u3afQ3pFekhaRurquKW;;7;HIGHER_EDU
5295;4034;vTG1ICUGKY6ZhK_uJEKo2;;7;HIGHER_EDU
5298;4035;_7Hu0VGsPYHnchQs-6LHB;;7;HIGHER_EDU
5299;4036;0kysTCGJeWffJKgnZJuJ_;;7;HIGHER_EDU
5302;4037;XCqeycRb19JQfbtJ2Qsx7;;7;NA
5304;4038;zZi2lIzEE-V37W_MeL4m5;;7;HIGHER_EDU
5304;4038;zZi2lIzEE-V37W_MeL4m5;;2;HIGHER_EDU
5307;4039;K7vWopf7_RjWpNhabGeJc;;7;NA
5309;4040;B_5mvSIY6FLxhz8ThsQr4;;7;NA
5307;4041;spcMdxMngGLYhvjiL3F0B;;7;NA
5305;4042;82B_l1VUbIvWFQPazgc-M;;7;HIGHER_EDU
5301;4043;fG1-hAJIpeXMQJFwLhCo4;;2;HIGHER_EDU
5310;4044;qAoqc1TZ_Stv8FL4zslK5;;7;HIGHER_EDU
5312;4045;AN-RYJRF4FtRX--6Nuln7;;7;NA
5314;4046;kO3t4WU5zEhiHXoHww58O;;7;HIGHER_EDU
5317;4047;uG7JVz67n_JjQX-YX0fQb;;7;PHD
5317;4047;uG7JVz67n_JjQX-YX0fQb;;107;PHD
5317;4047;uG7JVz67n_JjQX-YX0fQb;;7;PHD
5317;4047;uG7JVz67n_JjQX-YX0fQb;;107;PHD
5317;4047;uG7JVz67n_JjQX-YX0fQb;;7;PHD
5317;4047;uG7JVz67n_JjQX-YX0fQb;;107;PHD
5320;4048;sm0haEGi_y_P3BGhUz9lo;;7;NA
5316;4049;B9TNHGzd1Bjf8_Wlhujs0;;7;NA
5321;4050;N5EFeCUElz611csJHmSBy;;7;NA
5321;4050;N5EFeCUElz611csJHmSBy;;2;NA
5319;4051;hKMgdZ6NyDetQQl6zB6TK;;7;HIGHER_EDU
5319;4051;hKMgdZ6NyDetQQl6zB6TK;;6;HIGHER_EDU
5324;4052;mPbnUcz8ZOjxCUSdMr6BE;;7;NA
5322;4053;fPJt7rHCNrzl8M4jJyy7-;;7;NA
5326;4055;yy5Clgsp5qJfENDNkc2dB;;7;UNFINISHED_HIGHER_EDU
5328;4056;yTUjakYULKcdVMZwH0yZR;;7;NA
5330;4057;xLWUmROe3VZvxAu96FbWW;;7;HIGHER_EDU
5314;4058;KWGp1xxbSvL6qq2uMejtG;;7;NA
5314;4058;KWGp1xxbSvL6qq2uMejtG;;2;NA
5331;4059;L4Q-XnoQ9o3jktan9xGu_;;7;NA
5331;4059;L4Q-XnoQ9o3jktan9xGu_;;107;NA
5333;4060;IP8xr5hFWJqfUvpiRcWIe;;7;HIGHER_EDU
5333;4060;IP8xr5hFWJqfUvpiRcWIe;;2;HIGHER_EDU
5334;4061;Z9LI9FduXh2oX3MznQOMH;;7;NA
5335;4062;qRAVqPYRJI--1-Pzw7jKs;;7;NA
5337;4063;75dQ79LEmvSISEg36DEXE;;7;HIGHER_EDU
5337;4063;75dQ79LEmvSISEg36DEXE;;3;HIGHER_EDU
5337;4063;75dQ79LEmvSISEg36DEXE;;2;HIGHER_EDU
5341;4064;c0kKfns56uOtfZb_MrGV7;;7;HIGHER_EDU
5340;4065;dfSaP8i6zU3dkpCzxOWi3;;7;HIGHER_EDU
5343;4066;JT5Z39jV47AWRFrFJFnMD;;7;NA
5344;4067;eddhSY3Ykyrwxb-Kz1BT_;;7;NA
5337;4068;KzPYKmla4ygz-7XJxSahu;;7;NA
5347;4069;JwFQVJD-N-7na9qu3Tsci;;7;NA
5349;4070;_XCiIqRKI9Mp8V0gQ_YUu;;7;NA
5345;4071;tBf8Vv0zeDTDyd4dvTBmI;;7;HIGHER_EDU
5349;4072;C21OybNB7KU4tJn3uW3mA;;7;NA
5353;4073;5iESnwMBk3J7LedqeTfR_;;7;HIGHER_EDU
5351;4074;OpFZj6ECjj1mvlSuDjKQc;;7;NA
5351;4074;OpFZj6ECjj1mvlSuDjKQc;;8;NA
5360;4075;Mb09r51U8WdBHfrnGPemG;;7;HIGHER_EDU
5362;4076;lZiuQZQRGk_Le7OzEo3z4;;7;NA
5356;4077;ZknyT1fL9tViqxoWJeeDX;;7;NA
5358;4078;P0bvCYdXaq_Od_ARy5Vzc;;7;NA
5364;4079;XeLryeYAQIc8ADcgyY9nl;;7;HIGHER_EDU
5356;4080;f2zzGkH_7fus-WVCSgMpq;;7;HIGHER_EDU
5355;4081;fl8M8mQjIXOqWOH3GkZ_6;;7;PHD
5350;4082;7_rxG95z8CiK9h7VrfkaI;;6;NA
5358;4083;nXgMyCsxJWZNkDEwQmUr1;;7;HIGHER_EDU
5365;4084;C-diZzdTJ24FhcDzLe67U;;7;HIGHER_EDU
5371;4085;THGq2LtE7sLqo2dwlnwaw;;7;NA
5369;4086;H2l4hXKjV5KWPt5gNBcrA;;7;HIGHER_EDU
5367;4087;x8wVOFG9wvpqJw_0_KX_F;;7;UNFINISHED_HIGHER_EDU
5373;4088;lHsdHMwttlMQbmOiLh4W4;;7;NA
5368;4089;vTxBYStdLfjxYK0_vfy-o;;7;HIGHER_EDU
5375;4090;7yiEOj_g5ABJwF83Xjtg6;;7;HIGHER_EDU
5375;4090;7yiEOj_g5ABJwF83Xjtg6;;2;HIGHER_EDU
5372;4091;lFYJ4Gq9G0BluPA2ZWqrW;;7;NA
5367;4092;qrICAVZNBSVyXqnEtm8SV;;7;NA
5375;4093;Irulljgro2ls3j4wSQLAf;;7;NA
5375;4093;Irulljgro2ls3j4wSQLAf;;2;NA
5376;4094;3WL2IEZZtMstXs8QHcXnz;;7;HIGHER_EDU
5382;4095;0-x8a_cl-HU22Ou18VdvI;;7;NA
5378;4096;3Vw7YSjlwh3zbUyR1HP3Q;;7;HIGHER_EDU
5383;4097;8PoaKrJEBoyXxseJ6oSHC;;7;NA
5380;4098;JvCQ4r00jhzitjsUSvs46;;7;UNFINISHED_HIGHER_EDU
5380;4098;JvCQ4r00jhzitjsUSvs46;;2;UNFINISHED_HIGHER_EDU
5385;4099;aWnal-b0XOK5jjPtGITnG;;7;NA
5382;4100;Z7yKKzWvFz6vMr1rerxmQ;;7;HIGHER_EDU
5382;4100;Z7yKKzWvFz6vMr1rerxmQ;;2;HIGHER_EDU
5389;4101;GewsrKTjZ732OMgZ2IDNt;;7;NA
5391;4102;O3NEI0poPA75JNKKCC2_T;;7;NA
5391;4102;O3NEI0poPA75JNKKCC2_T;;2;NA
5393;4103;7IXAcgmlaWkGtU_tKaNrN;;7;HIGHER_EDU
5393;4103;7IXAcgmlaWkGtU_tKaNrN;;7;HIGHER_EDU
5393;4103;7IXAcgmlaWkGtU_tKaNrN;;7;HIGHER_EDU
5396;4104;rVtd-Z5FPG8z1zSaDZkym;;7;HIGHER_EDU
5397;4105;_3_Kx2RBKKSeDLXiI-9i6;;7;NA
5398;4106;UBjbWTtpnf_fTYGTDAtXl;;7;HIGHER_EDU
5401;4107;Dx1KY1D4DfbX6EbQQC8mx;;7;NA
5401;4107;Dx1KY1D4DfbX6EbQQC8mx;;110;NA
5403;4108;pt1ZPSav6-UzHJuTGW1MT;;7;NA
5404;4109;hiudEeBDTUMKo5qlkunqM;;7;UNFINISHED_HIGHER_EDU
5406;4110;kio9YJA0rAAeab1-dGdVi;;7;NA
5400;4111;xiNnIXV6T2xjZaAflI9vl;;7;HIGHER_EDU
5407;4112;#NAZWA?;;7;NA
5409;4113;co0aEG0ZQ7Z6EK1E1L1vd;;7;HIGHER_EDU
4627;4114;ulFUzUeZnDPGbY3XSBZU0;;7;HIGHER_EDU
5411;4115;sqVKkx6bwekqIhkkNRhxV;;7;NA
5410;4116;49tbIZDqscPvg5iq9HfCi;;7;NA
5414;4117;ciqAedFJmgyTbrLiq1Kdq;;2;HIGHER_EDU
5414;4117;ciqAedFJmgyTbrLiq1Kdq;;7;HIGHER_EDU
5412;4118;ZxrD3wKCWrwCGlJBTFFZw;;7;SECONDARY
5416;4119;NOHO3DFP_ZZXtEbaL6n3g;;7;NA
5418;4120;5-WCzG1eOLx19_U3kdEBI;;7;HIGHER_EDU
5420;4121;r4mJe_JXYwUUBEBNtSP5j;;7;NA
5420;4121;r4mJe_JXYwUUBEBNtSP5j;;2;NA
5424;4122;ykurJSSaMVN3tcAzf_uzq;;7;PHD
5425;4123;t1QyfGQmfbo3uoj0eak2M;;7;HIGHER_EDU
5426;4124;BrYvK8t7sGznK8YLv7HcA;;7;NA
5431;4125;VQWc3GFTLgt7W73sicNoD;;7;NA
5431;4125;VQWc3GFTLgt7W73sicNoD;;110;NA
5432;4126;_mczx_l2N-t9YDMWVYyQT;;7;HIGHER_EDU
5429;4127;WsK4BFgiYm4eofzxtp_2S;;7;NA
5429;4127;WsK4BFgiYm4eofzxtp_2S;;110;NA
5427;4128;TQqLGD5j4jVBf23C4nXDR;;7;HIGHER_EDU
5436;4129;nRTJmPAOhatfcza2u-CPS;;7;NA
5434;4130;irDAjyb2Xtj06N-5y45h1;;7;HIGHER_EDU
5440;4131;V4-ByXpEeXGJo-xw-wDdK;;3;NA
5440;4131;V4-ByXpEeXGJo-xw-wDdK;;7;NA
5440;4131;V4-ByXpEeXGJo-xw-wDdK;;107;NA
5440;4131;V4-ByXpEeXGJo-xw-wDdK;;105;NA
5441;4132;LvJ315toKRrpQOn7zTVcM;;6;NA
5445;4133;CEjbMmfkkKIat8zwehTT1;;7;NA
5443;4134;7LfwP8NNH14JM0N3h5eEr;;7;NA
5438;4135;5pOB8d0jVNZ_2hyHgJjjR;;7;HIGHER_EDU
5442;4136;KPRpxqNFl_fzLjbjwSUrr;;2;NA
5442;4136;KPRpxqNFl_fzLjbjwSUrr;;7;NA
5446;4137;R_DDpq4bqrU5ZKJQAZ6C_;;7;HIGHER_EDU
5448;4138;zoB_Hgq_MyUWy9oTbck0I;;7;NA
5448;4138;zoB_Hgq_MyUWy9oTbck0I;;2;NA
5447;4139;fgMZiIpwoHplTLUWa4YoG;;7;SECONDARY
5450;4141;4dRhaZBmLLHhEPC7A_1cM;;7;HIGHER_EDU
5457;4142;VA2iBgsRxUBFk8ET6allw;;7;HIGHER_EDU
5453;4143;Z1N0iU1hOasGvhZx9f9Ny;;7;NA
5453;4143;Z1N0iU1hOasGvhZx9f9Ny;;2;NA
5455;4144;tEJLd5YFzsvuJg1zCVelA;;7;NA
5458;4145;nnXeXvsNrgs-LAMSRf6R6;;7;NA
4422;4146;yXexn3XhhmW-qHRhkjS89;;7;HIGHER_EDU
5459;4147;8OHcp6Sfv5oNPFsboKRyj;;7;NA
5461;4148;6PDyg55QGpWLZmUXQUupH;;7;NA
5459;4149;gpbKds8HW3WG6_Q8AJt5c;;7;HIGHER_EDU
5465;4150;co3IEV6WiLjEmNS_NqbqW;;7;NA
5466;4151;#NAZWA?;;7;NA
5467;4152;FB5d3bRcJFNvEUpWomd5Y;;7;NA
5467;4152;FB5d3bRcJFNvEUpWomd5Y;;109;NA
5472;4153;0sln-iy5g0xLqpbfLh4ve;;7;NA
5472;4153;0sln-iy5g0xLqpbfLh4ve;;7;NA
5470;4154;9byqJLeMYpn-LYeVDcfWi;;7;HIGHER_EDU
5475;4155;2ziLw24Wa8uEqViyr628n;;7;NA
5477;4156;leOo4x_HniTOGrEdfgoR8;;7;NA
5479;4157;GPxl8YKrE8B3qPP8GuXql;;7;NA
5482;4158;3NcS7qifNYcaMz0uyBoT4;;7;HIGHER_EDU
5479;4159;sQ3-cB8FGiaPN4P7n1p02;;7;NA
5480;4160;hheUgMhwbCIEV2f28Ybzn;;7;NA
5484;4161;hxOaxT52759XeZB3t-cW7;;7;NA
5486;4162;YPW66mwOUzVr-vcZFEdpd;;7;HIGHER_EDU
5488;4163;pOs2t-Bj2uRrCHaLUvnZ_;;7;NA
5485;4164;0Q_utAUOe7Z7YtNuyK6wp;;7;NA
5489;4165;CmlGOjdK0LrJ2XVCMee4G;;7;UNFINISHED_HIGHER_EDU
5492;4166;sEq7KrjkMo44EqtBZuprn;;7;HIGHER_EDU
5492;4166;sEq7KrjkMo44EqtBZuprn;;2;HIGHER_EDU
5490;4167;ohulLwgm3nnzf_DpUXBc2;;117;NA
5490;4167;ohulLwgm3nnzf_DpUXBc2;;7;NA
5498;4168;5nQlG16reqbYltNacsk2Z;;7;NA
5500;4169;fb0qfZ4qTVkXqlXMw_E6l;;7;NA
5502;4170;eOS5BFeR-49nB_XOhCdBM;;7;HIGHER_EDU
5502;4170;eOS5BFeR-49nB_XOhCdBM;;2;HIGHER_EDU
5504;4171;pZQf7oZNW-CdnC6DBKlxs;;7;HIGHER_EDU
5313;4172;5SbuWYmgy14FvvyTwWPX-;;7;HIGHER_EDU
5505;4173;kWDB-NxfodNug-i1BZ-fK;;7;NA
5506;4174;yoGHEBE3vAM09uPD3S2pL;;7;HIGHER_EDU
5508;4175;0rCG9QDulQwluMDgOrvJp;;7;NA
5512;4176;ZGgBzdt8kaUpIocwyXcN_;;7;NA
5506;4177;kTpBfOYzoto1mROlHkH5u;;7;NA
5506;4177;kTpBfOYzoto1mROlHkH5u;;2;NA
5514;4178;xXZUaEY50R7pRC4ypf-U_;;7;UNFINISHED_HIGHER_EDU
5510;4179;2MFo7-BKV68aKn69fOKIX;;7;HIGHER_EDU
5516;4180;TQpSEnsUirjDiAQewAky0;;7;HIGHER_EDU
5495;4181;O4T_Z1gOgrMB6WR1f-hSr;;7;HIGHER_EDU
5519;4182;3hvumw24RT1CFlVgWFP3p;;7;NA
5517;4183;6_0pU_xQAufvvm3dM3ooB;;7;HIGHER_EDU
5519;4184;jo0GNu_GEmH3cELU6qC2I;;7;NA
5515;4186;oiPhushJKCUV4ac0CoEZj;;7;HIGHER_EDU
5521;4187;CsY5rVgepgz6xswop3FRT;;7;HIGHER_EDU
5525;4188;ITRlOQCUXNg0R7Dk1RrLB;;7;NA
5526;4189;1gx4pwpDfay-FFTGlly9D;;7;NA
5527;4190;iploJNLEED4gQvPMd0sx8;;7;NA
5529;4191;LwRcueKP7sOA43A_5hKbk;;7;NA
5523;4192;RYlkhZBUmtBcV9NJ1ngX_;;7;HIGHER_EDU
5531;4193;CD7f-1sQkIOez-v_gApcF;;7;HIGHER_EDU
5531;4193;CD7f-1sQkIOez-v_gApcF;;105;HIGHER_EDU
5533;4194;JCLcYSjMc6O5wUVXbukVV;;7;NA
5535;4195;XdVwOsVXcFFcpsZE1S_Vj;;7;HIGHER_EDU
5537;4196;ogsg1IQ4jYfrZGXyOB10V;;7;HIGHER_EDU
5537;4196;ogsg1IQ4jYfrZGXyOB10V;;110;HIGHER_EDU
5537;4196;ogsg1IQ4jYfrZGXyOB10V;;6;HIGHER_EDU
5541;4197;QwRVxs5SGS6AqG2wsjn6k;;7;NA
5545;4199;mA3rWNY9jA6_d4Vi9F-kV;;7;HIGHER_EDU
5547;4200;t6ot8q2ZUkoUrz7IAPF72;;7;NA
5550;4201;1W5IT9v4UNxX_l1ub6nfN;;7;NA
5554;4202;UpkDF16S0QHQ3hU3tliCu;;7;HIGHER_EDU
5552;4203;eRmvKvFTFYt8eUd5VY6RC;;7;HIGHER_EDU
5555;4204;uZTcsxCrOiIi0h_8Ns6dJ;;7;HIGHER_EDU
5557;4205;AJOY_7rYM0XhiQFvuhwy-;;7;HIGHER_EDU
5561;4206;vtJoAcMyikaXuAHIMDxbo;;7;NA
5559;4207;AIOvzrcYZAMMBxvNdMIBO;;7;HIGHER_EDU
5562;4208;pZv1VUFcwQQRq6zgFr9h3;;7;HIGHER_EDU
5565;4209;eL1MEZHcHiN4lYdH0-a3Q;;7;NA
5560;4210;0IE25FhEpAzorJ4INIASD;;7;NA
5566;4211;e-xmzboAqQPF5dzu0hmEc;;7;HIGHER_EDU
5567;4212;RYOo2olI7-ayYFExtMEHX;;7;HIGHER_EDU
5568;4213;UosRpp9tn82yJnLBnQg2C;;7;NA
5568;4213;UosRpp9tn82yJnLBnQg2C;;3;NA
5570;4214;ybrgJHejuKoDH676kUglY;;7;HIGHER_EDU
5571;4215;TMiC7pYq7Y7mzAASAuRxm;;7;UNFINISHED_HIGHER_EDU
5577;4216;RYrmINtP-8gygFd19cI6v;;7;HIGHER_EDU
5583;4217;by2DHzHKb53AEX8ScwfF1;;7;HIGHER_EDU
5581;4218;td5LrpcB2UhKQnFZwgib7;;7;NA
5585;4219;W3K5Gjxu15iObDLqvAgU-;;7;NA
5590;4221;4wOx6DYML-ZHUqAPXvh6W;;7;HIGHER_EDU
5592;4222;flojw1XebWJLFZVl36ZUe;;7;NA
5573;4223;VLCviDQXrxLlLc8VpmMox;;7;NA
5597;4224;_VQYN1gplh0ZQ-YHN7Fp2;;7;HIGHER_EDU
5598;4225;xXdXx2VmyuAMQTowaRTdd;;7;PHD
5595;4226;aK2JO-UjZkbwmxjt39_UB;;7;NA
5594;4227;bhJRC2LkeZVSxr7IYDk4h;;2;NA
5599;4228;SvtZhjx9SDDn5FNNKfZPZ;;6;HIGHER_EDU
5599;4228;SvtZhjx9SDDn5FNNKfZPZ;;7;HIGHER_EDU
5599;4228;SvtZhjx9SDDn5FNNKfZPZ;;109;HIGHER_EDU
5603;4229;52tljadSlH7Hx3i1QqlH8;;7;NA
5606;4230;WW9lQfbgxT1IJFL6JG7QC;;7;HIGHER_EDU
5604;4231;ST5Lv5JuTbUXU64Shetqj;;7;NA
5608;4232;GMu3uFP4xR9nWhbDKaVY0;;7;NA
5608;4232;GMu3uFP4xR9nWhbDKaVY0;;3;NA
5610;4233;#NAZWA?;;7;NA
5611;4234;0X4nqyso1FplN8iMmn9mR;;7;NA
5601;4235;V4qo3XxZ4DIzSI7RjRScW;;7;NA
5613;4236;xu5dNpPKy6ZmMvZhVdC2d;;7;NA
5615;4237;sd2sAEiwb7jgrSGj56jbX;;7;NA
5614;4238;JFe2JjCEPOMHfcVbb166E;;7;PRIMARY
5614;4238;JFe2JjCEPOMHfcVbb166E;;2;PRIMARY
5617;4239;v3UOiNRUHgpGg-iq0Wbnw;;7;NA
5620;4240;bKxsrQFqDjRQY-VNSBfqp;;7;UNFINISHED_HIGHER_EDU
5624;4241;X19JdMfotmd5PVpuqC3vB;;7;HIGHER_EDU
5626;4242;gj5RcTMldN4KMYjCx1LnY;;7;NA
5626;4242;gj5RcTMldN4KMYjCx1LnY;;113;NA
5628;4243;6EVO2HDuHmEzmhaB1CRJ_;;7;NA
5630;4244;4gDX3eoPyezyAACas6bih;;7;HIGHER_EDU
5630;4244;4gDX3eoPyezyAACas6bih;;111;HIGHER_EDU
5630;4244;4gDX3eoPyezyAACas6bih;;110;HIGHER_EDU
5630;4244;4gDX3eoPyezyAACas6bih;;2;HIGHER_EDU
5618;4245;SF4zjC9wVGO50RtqYPDc6;;7;NA
5618;4245;SF4zjC9wVGO50RtqYPDc6;;6;NA
5618;4245;SF4zjC9wVGO50RtqYPDc6;;105;NA
5631;4246;VVSE1ZdcxKIUgxywZjBNN;;7;NA
5632;4247;-2WAu6tJBKg_nt_W58ZVN;;7;HIGHER_EDU
5634;4248;t08rkL72PKTWsabmaB2Ah;;7;NA
5636;4249;dOUrW-DkgSbFimsWrmxYw;;7;HIGHER_EDU
5636;4249;dOUrW-DkgSbFimsWrmxYw;;2;HIGHER_EDU
5638;4250;d63o1AuqT0v1edXdm8v8M;;7;PHD
5639;4251;5al-JxaIx_UsgU6TRPOUF;;7;NA
5640;4252;Sx5ahgV5lE13Z9ljGHUXT;;7;HIGHER_EDU
5642;4253;c-RuI1i0Ym3l0WIJjcU94;;7;NA
5642;4254;Q5dItOpzbevRySZXTvKFu;;7;HIGHER_EDU
5643;4255;zWW2_YR83rcwjyJdzjqB-;;7;HIGHER_EDU
5643;4255;zWW2_YR83rcwjyJdzjqB-;;110;HIGHER_EDU
5644;4256;ejzpPr7CZQxEletF1KjqE;;7;NA
5645;4257;p4ddyegNaL-EfXAsVv2Cy;;7;HIGHER_EDU
5647;4258;YMskhaH0XliJeNRzY4-fz;;7;NA
5648;4259;m72gDOd7H5eTt5uxCZmHK;;2;HIGHER_EDU
5648;4259;m72gDOd7H5eTt5uxCZmHK;;7;HIGHER_EDU
5649;4260;DT8NZ-LS7rsj-j892sxy-;;7;NA
5652;4261;nJXaxZLgSlQmQjQl2WSrL;;7;NA
5653;4262;pECpLR7IxcVuK1rz6xzS1;;7;SECONDARY
5655;4263;DV_9Pe-aSYr2ehozgOEgJ;;7;HIGHER_EDU
5655;4263;DV_9Pe-aSYr2ehozgOEgJ;;2;HIGHER_EDU
5657;4264;hbCKYUM-vT1gE_eJ_EVyx;;7;SECONDARY
5659;4265;w_gz-KC14dQ6RAaebvCbl;;7;NA
5660;4266;LHNW-MpuJdWBMfEJiH-pM;;7;NA
5662;4267;eUOutCEcLUg7zbgkxbuQy;;7;HIGHER_EDU
5663;4268;wydrVjhZEoc2XdpnDslK8;;7;HIGHER_EDU
3912;4269;Z15vf65N3peQ8Tq5XMC-R;;7;NA
3912;4269;Z15vf65N3peQ8Tq5XMC-R;;2;NA
5664;4270;WD5Fdn3OA9IUggIrdNOcQ;;7;NA
5664;4270;WD5Fdn3OA9IUggIrdNOcQ;;2;NA
5666;4271;WVhgz7URzmwCnhMToEyK6;;7;HIGHER_EDU
5667;4272;OCIaS0UCpWoictUtac7CV;;7;NA
5668;4273;6kE9bBi6-8rZXAvIy0O8I;;7;NA
5669;4274;2XI1jPpFkJBRgc01GODDQ;;7;NA
5670;4275;VDyfhi9JNoxyn5XIBkHEi;;7;HIGHER_EDU
5670;4275;VDyfhi9JNoxyn5XIBkHEi;;109;HIGHER_EDU
5670;4275;VDyfhi9JNoxyn5XIBkHEi;;6;HIGHER_EDU
5670;4275;VDyfhi9JNoxyn5XIBkHEi;;7;HIGHER_EDU
5670;4275;VDyfhi9JNoxyn5XIBkHEi;;109;HIGHER_EDU
5670;4275;VDyfhi9JNoxyn5XIBkHEi;;6;HIGHER_EDU
5671;4276;tIWthzWxvn4mky7yMWrux;;7;SECONDARY
5676;4277;jJgPgHf2YYinkR1sb4SvA;;7;HIGHER_EDU
5678;4278;MW9tyMnvtUOgkmlx5IcKa;;7;NA
5678;4278;MW9tyMnvtUOgkmlx5IcKa;;3;NA
5680;4280;MmuQBQPTiUBcYgsGPlUZt;;7;NA
5682;4281;X3aSie1Zn1zY0M_dBThsP;;7;NA
5683;4282;1Z3thZi8w19iNXaWsNRxT;;7;NA
5685;4283;X4e7A3jA1ziniRWxiWHa1;;7;HIGHER_EDU
5684;4284;dJ2T1qsMOWjuq6QKNSnwc;;7;HIGHER_EDU
5688;4285;2OuR6ojPcTTL7XtrCrfjZ;;7;HIGHER_EDU
5689;4286;LVQgSRn2z2U2MJ4b4_3j-;;7;HIGHER_EDU
5469;4287;83cQgoH1fbWgJ4xxeQHc7;;7;NA
5691;4288;TqeY9u1G0gRIUNXn1GOOa;;7;HIGHER_EDU
5693;4289;q4-DueUmRrDuJmqEg0sat;;7;NA
5693;4290;KSrouJTZJ7uT8bXfAKE4p;;7;NA
5695;4291;H73m5mCoEUQL82Q7_Kihk;;7;HIGHER_EDU
5695;4291;H73m5mCoEUQL82Q7_Kihk;;2;HIGHER_EDU
5696;4292;EyLgSQP4bxfxp4oCP6s4H;;7;HIGHER_EDU
5698;4293;mpdDHAPdcWnYs6DqbIFJI;;7;HIGHER_EDU
5700;4294;3wv5SYO-PLLhi6EovvG0_;;7;SECONDARY
5701;4295;Aq_2mgKVRrXYInbzf9oza;;7;NA
5702;4296;Hugwg_r8teAPPVxg8O2Qb;;7;NA
5704;4297;ZURpRFjvfE7wK70q8PcYo;;7;HIGHER_EDU
5707;4298;gkWan9YgFD-dCMwI5YjSW;;7;HIGHER_EDU
5706;4299;H5I1koMN6TrtxXh-LmhRW;;7;HIGHER_EDU
5709;4300;EVsWAN4ZRUkARxtTOdTDK;;7;NA
5710;4301;izQozgUdamlrpwKmUEEp6;;7;NA
5711;4302;_mU-hgy185paWNa8C77S_;;7;NA
5713;4303;hp6hUZnYIOHSm1-l5c_GH;;7;HIGHER_EDU
5714;4304;_FRke-wb65ZMTlvrgc98G;;7;NA
5715;4305;JIWr7g73GzNzff8uFH7XC;;7;NA
5715;4305;JIWr7g73GzNzff8uFH7XC;;105;NA
5716;4306;OdFaehoXHjlpdfCloYvLL;;7;NA
5715;4307;#NAZWA?;;7;NA
5717;4308;9hxBt82lE9VdrNuaYnM_l;;7;NA
5717;4308;9hxBt82lE9VdrNuaYnM_l;;120;NA
5718;4309;dVwkW_2B5CMZxyc2avi0M;;7;NA
5719;4310;W7DsclAXdB-QUJtu6XQLn;;7;NA
5390;4311;P27WeqM4fB9lnuIu7LGHN;;7;HIGHER_EDU
5721;4312;qdcXUXXXgr28ZEjwLrTiK;;7;HIGHER_EDU
5723;4313;8T1LT2tC7YhurSTixv4Ns;;7;NA
5725;4314;nqjxGbyNC9lgvAtdRehch;;7;NA
5726;4315;2uwN_bYexKll2KsaGM6m3;;7;UNFINISHED_HIGHER_EDU
5728;4316;ISPVmRGGE84iHN_WReM7o;;7;NA
5729;4317;7nBacGT8d7e86oGA66guH;;7;HIGHER_EDU
5730;4318;4AWMjXbW40LsST7nnWmTS;;7;NA
5732;4319;OxrHpeE5gS3aL-mCdGMBZ;;7;NA
5731;4320;Cbet36M0OUCPn478AgvDm;;7;NA
5734;4321;t8X0utDHq_ImfbFuW_rZ-;;2;UNFINISHED_HIGHER_EDU
5734;4321;t8X0utDHq_ImfbFuW_rZ-;;109;UNFINISHED_HIGHER_EDU
5734;4321;t8X0utDHq_ImfbFuW_rZ-;;7;UNFINISHED_HIGHER_EDU
5736;4322;DL31Sn0Di9h9pGBJq2D6Q;;7;HIGHER_EDU
5736;4322;DL31Sn0Di9h9pGBJq2D6Q;;106;HIGHER_EDU
5737;4323;9Gccl_qwUcqnUOVGyTMLl;;7;NA
5744;4325;Mj6C3_V2llqC7AgAbFKRw;;7;HIGHER_EDU
5742;4326;jV5_0Uf00aa5knz5V999V;;7;NA
5739;4327;cczyYzXyRDCoxHGQQhAVX;;7;NA
5745;4328;E6dR-zSxh0BJmqOf9SdO9;;7;NA
5264;4330;v-KcrqzFW3mJrs2CU1GmZ;;7;HIGHER_EDU
5748;4331;_IUhe1DXSLP1Xqk5oPfJH;;7;HIGHER_EDU
5264;4332;YVrO5FfzuUxq-9lQ4ioBD;;7;NA
5752;4333;OW-NhEVtHkwoILlYxwEMu;;111;PHD
5752;4333;OW-NhEVtHkwoILlYxwEMu;;7;PHD
5752;4333;OW-NhEVtHkwoILlYxwEMu;;2;PHD
5752;4333;OW-NhEVtHkwoILlYxwEMu;;110;PHD
5754;4334;#NAZWA?;;7;NA
5750;4335;qsY8vv1MAEOHke4Uvxj0z;;7;SECONDARY
5750;4335;qsY8vv1MAEOHke4Uvxj0z;;2;SECONDARY
5750;4335;qsY8vv1MAEOHke4Uvxj0z;;8;SECONDARY
5750;4335;qsY8vv1MAEOHke4Uvxj0z;;186;SECONDARY
5755;4336;7V6m7xr1Kbi3uvLb2yP-S;;7;NA
5712;4337;HIlML6wZvJvgyJ3nh5zVf;;7;NA
5758;4338;x38AxYi6LF3LDvTtde8dq;;7;NA
5756;4339;m74YZ4XslBb6tyumPKReI;;7;NA
5756;4339;m74YZ4XslBb6tyumPKReI;;107;NA
5756;4339;m74YZ4XslBb6tyumPKReI;;3;NA
5756;4339;m74YZ4XslBb6tyumPKReI;;109;NA
5760;4340;SJmIQzdWexs08mCTQxOob;;7;HIGHER_EDU
5761;4341;MRU9pnNTZyYqHePF31g8i;;7;HIGHER_EDU
5764;4342;fv5LIqcwbIPpPniH2j9zk;;7;NA
5766;4343;lGUhBqCoYCiOXnZu_UETl;;7;NA
5767;4344;DIz4LMHMEUK6Pw0IxLxVy;;7;HIGHER_EDU
5769;4345;wiDdDg4aPA1sUTsVb0Ucj;;7;PHD
5770;4346;cFoMJt9sGPj31TJYLTGND;;7;NA
5772;4347;bWLe-9Bk47fnPPY6FrEno;;7;HIGHER_EDU
5773;4348;C9RyyAVCgQ1V84BUDOiow;;7;NA
5775;4349;FV9MF48dloft2R7uTzYYW;;7;NA
5779;4350;Ze9dN4-82TIrlwM6egLC4;;7;HIGHER_EDU
5778;4351;pTVKxhc8pK3q4TyZM6KRq;;3;HIGHER_EDU
5778;4351;pTVKxhc8pK3q4TyZM6KRq;;7;HIGHER_EDU
5781;4352;CUNKngrWy8unHT6XqESqj;;7;HIGHER_EDU
5782;4353;f-eRzQnTOp97kGivb0X9K;;7;HIGHER_EDU
5783;4354;I0TbAbHPw2ycx2AGtMTsv;;2;NA
5785;4355;HOIUv4GOkBUAktNfcraxX;;7;HIGHER_EDU
5788;4356;lUlyhqRwqKYjAzfNlGovP;;7;NA
5790;4357;x6WoQ1yu8vqj0kv2r7e7X;;7;NA
5786;4358;hasX9tl0PYX-bY9NC1JwC;;7;SECONDARY
5791;4359;XyHBvvXvc4FxwXU_cqWSs;;7;HIGHER_EDU
5792;4360;wsQI76frljrdOKcpMJdif;;7;NA
5796;4361;oY6k7jLQKT3TM-_JNpDKR;;7;HIGHER_EDU
5797;4362;YZWuQwyPhEah6Jo4pahwJ;;7;NA
5800;4363;74MSZWTecIuB76Ovf7cPF;;7;HIGHER_EDU
5799;4365;nl30Eten3Xx7D6OD0VFGP;;7;NA
5799;4365;nl30Eten3Xx7D6OD0VFGP;;2;NA
5802;4366;dOnsKjD8pfHNKz_q6vMCk;;6;NA
5806;4367;dfxL9vB9IylTQ7tPtJjBx;;7;NA
5807;4368;NDxYNw54ZDy3cHUpXs4Q3;;7;PHD
5808;4369;5awypckZf12z5WFadznKy;;7;NA
5811;4370;AJocN_F1AYNxfB_ggKH6S;;7;NA
5810;4371;zMnVGcWmoE3jI7SWHih3a;;7;NA
5810;4372;Edl9iemY2NPTXPbyHmPLY;;7;HIGHER_EDU
5815;4373;t6ut5liqMRWhBFk1lw2Pt;;7;HIGHER_EDU
5813;4374;6Nqr11NXGOggboMKxUcHP;;7;HIGHER_EDU
5818;4375;NDgzt3hLadia2U88CY6us;;7;HIGHER_EDU
5819;4376;yfLDUN13aEEf9rAxiHm5e;;7;HIGHER_EDU
5819;4376;yfLDUN13aEEf9rAxiHm5e;;6;HIGHER_EDU
5820;4377;tRHMWUSXso5BQgl1hRKXB;;7;UNFINISHED_HIGHER_EDU
5822;4378;LXcn3StSe7FqtcJH4Ui_v;;7;NA
5823;4379;E2d5xQy_RN4Iuwuaho6gh;;7;HIGHER_EDU
5827;4380;bafclHWXqopePnunuxXi3;;7;HIGHER_EDU
5825;4381;3xgRyxVNiU4o5mLUpRaaA;;7;HIGHER_EDU
5831;4382;UJEknPZJw1oMHtXRTe6Jk;;7;NA
5829;4383;kHy-dtro2cUAgxbnXmdSk;;7;HIGHER_EDU
5829;4383;kHy-dtro2cUAgxbnXmdSk;;2;HIGHER_EDU
5833;4384;BMqMqG6bJ-i4Ikoe75c-C;;7;HIGHER_EDU
5835;4385;AvXGKt0UnXrYkFSzjkJQl;;7;HIGHER_EDU
5837;4386;tUl6f8bHiIvFCoaWPWGKs;;7;NA
5838;4387;lkCe1_H9mKd4ccyNCr6N2;;7;HIGHER_EDU
5841;4388;A4FDszE03kWM00hU13qRD;;7;HIGHER_EDU
5842;4389;_v9LzqHp4bRaXqU-f_tRt;;7;HIGHER_EDU
5842;4389;_v9LzqHp4bRaXqU-f_tRt;;2;HIGHER_EDU
5842;4389;_v9LzqHp4bRaXqU-f_tRt;;110;HIGHER_EDU
5844;4390;MYaKs-rWFaMLatkl7efB4;;7;SECONDARY
5844;4390;MYaKs-rWFaMLatkl7efB4;;186;SECONDARY
5845;4391;2ShR2z6zbhVFl7CTMs3aX;;7;HIGHER_EDU
5846;4392;#NAZWA?;;7;UNFINISHED_HIGHER_EDU
5840;4393;be1wcDGDWcqd5ib_K-kdM;;7;HIGHER_EDU
5849;4394;xN3hNqWvx_a_5HNKkrFct;;7;NA
5851;4395;ezNbXY88cbA6vY_ow7NE-;;7;HIGHER_EDU
5852;4397;70zXw4owHOKWhNJZSEb5K;;7;SECONDARY
5856;4398;guNEYOMBN3f9I9c_ryiWn;;7;HIGHER_EDU
5856;4398;guNEYOMBN3f9I9c_ryiWn;;105;HIGHER_EDU
5856;4398;guNEYOMBN3f9I9c_ryiWn;;3;HIGHER_EDU
5858;4399;TM6I-pzaBkSNqyJ_XRDkq;;7;HIGHER_EDU
5860;4400;sZ03r52Z5rgkQF4cBsHKZ;;7;HIGHER_EDU
5863;4401;koxgEsRqycvJ6GmuLil_8;;7;UNFINISHED_HIGHER_EDU
5865;4402;g4_w7IZ37jNyfxV3GbRUU;;6;NA
5861;4403;lZhRbua9G4snMcgVDQwcg;;7;PHD
5867;4404;ZbLfvuZqteObe-LT6Xjzr;;7;NA
5870;4405;r2Vy3jcb1M2gFXHZ2SZL0;;7;HIGHER_EDU
5872;4406;YQWpp-tqDnBRhmddlR8ut;;7;NA
5873;4407;C4hG4VX4nyhSsLt94u4e1;;7;HIGHER_EDU
5873;4407;C4hG4VX4nyhSsLt94u4e1;;7;HIGHER_EDU
5875;4408;p2ieemImSKGpXnVuJ9HfI;;7;HIGHER_EDU
5877;4409;ywJZEWEl9XQzN27B9Fw44;;2;HIGHER_EDU
5877;4409;ywJZEWEl9XQzN27B9Fw44;;7;HIGHER_EDU
5879;4410;5ONxWzWYk2wragXOA8840;;7;NA
5881;4411;3SH2Y1a1HPCnhfAHOf8zr;;7;NA
5884;4412;H9add5o4iZ8-qhy1lvi_c;;7;NA
5869;4413;ZeJxAeQUh4lyGCAKWBW8A;;7;NA
5886;4414;JGTP8pKA3lDfrS9JtiRRZ;;7;NA
5886;4415;QQNpj0iZfA_yIr-Qnuq5p;;7;HIGHER_EDU
5888;4416;QjTYzFKIxzioeazG6t47k;;7;NA
240;4417;RrQWgnmhhVWB_1pOVapzw;1;7;NA
240;4417;RrQWgnmhhVWB_1pOVapzw;1;2;NA
5890;4418;KfZoTnc6HZglNMF0aEpKC;;7;NA
5890;4418;KfZoTnc6HZglNMF0aEpKC;;6;NA
5894;4419;5YGqz433OQtWE6WY89lfm;;7;HIGHER_EDU
5892;4420;BvVipuKiSM_CbSm82MCUZ;;2;NA
5896;4421;bBPEAhlaxelB_4HgfnVSW;;7;HIGHER_EDU
5898;4422;#NAZWA?;;7;NA
5898;4422;#NAZWA?;;110;NA
5898;4422;#NAZWA?;;109;NA
4270;4423;bwqOMRrenWX3ywL-egYJa;;7;HIGHER_EDU
5900;4424;KFYNH4u8_NTmj4ZTHyF4d;;7;HIGHER_EDU
5902;4425;FMrVrGOmtO0v2lFmKl3Ct;;7;HIGHER_EDU
5903;4426;k2BiUbwFM_TDKQlwQ2eYP;;7;NA
5906;4428;su1YFUWHUnPu0wG_fNVWR;;7;PHD
5906;4428;su1YFUWHUnPu0wG_fNVWR;;3;PHD
5908;4429;wwCJ4nmP1H0dHHCuO0nI8;;7;HIGHER_EDU
5910;4430;g7QNyIA4894nReFhovh3x;;7;NA
5904;4431;Eu6VW1z0rf53pY0NsvW2b;;7;HIGHER_EDU
5909;4432;VwSJXD9W0GZwPTaUx4Kwy;;7;SECONDARY
5909;4432;VwSJXD9W0GZwPTaUx4Kwy;;2;SECONDARY
5912;4433;PD1BR2RZlvsO1mTgSh885;;7;NA
5916;4434;sORvYD698b1iUqederXeo;;7;NA
5917;4435;GXEo8L9nN3f_6yFJW1Zat;;7;NA
5914;4436;1ofEAXpfxMDjBI3wFv4jW;;109;HIGHER_EDU
5914;4436;1ofEAXpfxMDjBI3wFv4jW;;110;HIGHER_EDU
5914;4436;1ofEAXpfxMDjBI3wFv4jW;;6;HIGHER_EDU
5914;4436;1ofEAXpfxMDjBI3wFv4jW;;7;HIGHER_EDU
5919;4437;86w2GrGxuawRJD4ntPkj3;;7;HIGHER_EDU
5920;4438;Rfi7rpbx55LGuQ0d9AiW5;;7;NA
5920;4438;Rfi7rpbx55LGuQ0d9AiW5;;120;NA
5924;4439;84sweMY5lYDSeJLUgUIFL;;7;NA
5926;4440;5RI_eMk23iPdN9-_zk2d3;;7;NA
5924;4441;OGErMYcF0MSyfdjirRm9C;;7;NA
5927;4442;o0v2NPsPSoS-IAZvZpZ9n;;7;NA
5927;4442;o0v2NPsPSoS-IAZvZpZ9n;;2;NA
5929;4443;47eQqf3kROlMKfQPBud8O;;7;HIGHER_EDU
5929;4443;47eQqf3kROlMKfQPBud8O;;105;HIGHER_EDU
5931;4444;YwBYvdnVmRqGRob4XWbbs;;7;NA
5933;4445;We5QeI8pH3ZydkylY11JU;;7;NA
5933;4445;We5QeI8pH3ZydkylY11JU;;2;NA
5937;4446;-2OJkI1RKVS1ZfGCmMSFO;;7;HIGHER_EDU
5935;4447;tfd6ftsRyJzG221z41tMZ;;7;NA
5941;4448;HgN5QqtiNDdVjglKmYa64;;7;HIGHER_EDU
5943;4450;3ASvvLuFlnW8FjSRE2LVC;;7;HIGHER_EDU
5945;4451;Jnf6Anx1_VNlpZZ_-kWwY;;7;HIGHER_EDU
5945;4451;Jnf6Anx1_VNlpZZ_-kWwY;;3;HIGHER_EDU
5945;4451;Jnf6Anx1_VNlpZZ_-kWwY;;7;HIGHER_EDU
5945;4451;Jnf6Anx1_VNlpZZ_-kWwY;;3;HIGHER_EDU
5945;4451;Jnf6Anx1_VNlpZZ_-kWwY;;7;HIGHER_EDU
5945;4451;Jnf6Anx1_VNlpZZ_-kWwY;;3;HIGHER_EDU
5946;4452;UJrbHiew4tln_aTJF7D-G;;7;NA
5946;4452;UJrbHiew4tln_aTJF7D-G;;2;NA
5947;4453;wejek2reKJxFNfQJmeQ_w;;7;HIGHER_EDU
5949;4454;hw0X341BA1uc_-tQKts_1;;7;SECONDARY
5949;4454;hw0X341BA1uc_-tQKts_1;;6;SECONDARY
5951;4455;I9heqc0twC_UK6rW3TdyF;;7;NA
5950;4456;cJBB1ehZzxl0vINXKp8sv;;7;NA
5952;4457;zf5b7V5imFaP7Icel-At1;;7;HIGHER_EDU
5953;4458;PrwTLu2QeBnrUQd-ovy2B;;7;HIGHER_EDU
5957;4459;bbEtwwW-9KIJLopLNz4XA;;7;NA
5955;4460;AfuMPwSi0qPjOfKHMFfo2;;7;NA
5959;4461;vOycQWtjq2ZvLIuo-y4LN;;7;NA
5963;4462;WUovJ8ure3BW8fUZOjvB2;;7;HIGHER_EDU
5961;4463;MkzlSyOLQK4WboEjxV0Qf;;7;HIGHER_EDU
5961;4464;w0BMtbGML-rIjWDsFINeO;;7;NA
5964;4465;tAt-RBIFcCT61XT4gKk3P;;2;HIGHER_EDU
5964;4465;tAt-RBIFcCT61XT4gKk3P;;7;HIGHER_EDU
5964;4465;tAt-RBIFcCT61XT4gKk3P;;109;HIGHER_EDU
5964;4465;tAt-RBIFcCT61XT4gKk3P;;109;HIGHER_EDU
5967;4466;YAYESd_YfYnagWRlqa85W;;7;NA
5965;4467;NK8HTEGe5ncYdvR9Qgdyr;;7;HIGHER_EDU
5968;4468;#NAZWA?;;7;NA
5969;4469;2NPzlPhrFAnCGXqkwXJ83;;7;NA
5969;4469;2NPzlPhrFAnCGXqkwXJ83;;8;NA
5971;4470;ytXDYrB-vvjIDv6UA1Eyt;;7;NA
5974;4471;R8yGK5Pzhe93BmispCU98;;7;HIGHER_EDU
5975;4472;_2Aun79TWAPtrMybRA2tS;;7;NA
5977;4473;ENrIP1SNLDVjzqnxV4iOR;;7;NA
5979;4474;x1OUlWrjd1jI6gjdLeOSd;;7;NA
5981;4475;RjSb9KXs2zZ9M1H_HEGwU;;7;UNFINISHED_HIGHER_EDU
5983;4476;ae56UiarJXL1ui08E0rCD;;7;NA
5983;4476;ae56UiarJXL1ui08E0rCD;;2;NA
5986;4477;mCkBtb1eEtYda3vaCTHqh;;7;NA
5986;4477;mCkBtb1eEtYda3vaCTHqh;;2;NA
5987;4478;_XRUvNOgyblqgT8Q2Y2BS;;7;UNFINISHED_HIGHER_EDU
5990;4479;5yEDlxB0N1nYfL1c9Rsly;;7;HIGHER_EDU
5989;4480;Qo0rULjKw5PVDZMrddSfU;;7;NA
5992;4481;G4an4DVDNcn5E37cnSfbi;;7;HIGHER_EDU
5993;4482;llqbTrezYUJuli1wII_xI;;7;NA
5993;4482;llqbTrezYUJuli1wII_xI;;3;NA
5994;4483;R_EwAhX6XhdmtGrrV8wYo;;7;HIGHER_EDU
5994;4483;R_EwAhX6XhdmtGrrV8wYo;;2;HIGHER_EDU
5994;4483;R_EwAhX6XhdmtGrrV8wYo;;109;HIGHER_EDU
5996;4484;r6ZAryiwxh4vSU1LXcPnr;;7;NA
5997;4485;Ch0etXn7MPgxXV6CUypa7;;7;HIGHER_EDU
6000;4486;gOiEjE7Vdmtg677DkvH-O;;7;NA
6000;4486;gOiEjE7Vdmtg677DkvH-O;;110;NA
6003;4487;YK4GnpRotubfD1bUZv6Et;;7;HIGHER_EDU
6002;4488;snSeu3fje6C3z2wnaBeuQ;;7;NA
6005;4489;6b95DGqSqhHbDrb53kzAe;;7;NA
6005;4490;mHxSMhvU04HT870D_khy-;;7;NA
6006;4491;RShlDz3Ha3KKpeIRn0IQq;;7;NA
6009;4492;DQMaVy82SRKYwAshrUK8k;;7;NA
6008;4493;ygrU0Nkbv0DsSNJZWL6Jg;;7;SECONDARY
6011;4494;YxO44gXliLangk0poPKKO;;7;NA
6015;4495;qC1UKh1oEOrQAkQC06QYr;;7;NA
6017;4496;i2NKiYiuTpvptHoG96Z4p;;7;HIGHER_EDU
6017;4496;i2NKiYiuTpvptHoG96Z4p;;8;HIGHER_EDU
6018;4497;mQMs-MyCXqLDobDAECs0K;;7;NA
6013;4498;qFBnr7IhgtGuM4bhwg3XZ;;7;NA
6019;4499;OZMV5iL38VKHc59qtIwG-;;7;NA
6019;4500;eSDO8IwSnMjjWxFupeMUC;;7;NA
6021;4501;6UdWDEJN0yxVNCgnQmtip;;7;NA
6024;4502;ArN2De6xyiPqVnLmSx9iB;;7;NA
6022;4503;iRazV40fI6n93gwDRfy8O;;7;HIGHER_EDU
6024;4504;m-Ma8DmZvlpDrjjCEGKNG;;7;NA
6024;4504;m-Ma8DmZvlpDrjjCEGKNG;;2;NA
6027;4505;_Zffg1xsiTWHQm_l_ZmdS;;7;NA
6028;4506;syM4Kw5menTQ3QVfp73or;;7;NA
6030;4507;IcGVPAV52EqTxNB2z4_kx;;7;NA
6031;4508;1S-q6WW8J9aq85oGREKuD;;7;NA
6031;4508;1S-q6WW8J9aq85oGREKuD;;110;NA
6033;4509;kWIKtwaCScCi6p_3oNJjI;;7;HIGHER_EDU
6035;4510;zYwiJU72DkwQeb8sOKbdb;;7;NA
5548;4511;1hlGho5o703SgO-qXK3ku;;7;NA
5548;4512;KL8whAxJ1o1PJcLChUKmD;;7;NA
5548;4512;KL8whAxJ1o1PJcLChUKmD;;7;NA
6037;4513;bJlYdXnry8vnnazdhgH_D;;7;HIGHER_EDU
6039;4514;UA5DOE1i-ICYpD-wlVqsn;;7;HIGHER_EDU
6039;4515;qri5jgakO6KB8456J450t;;7;NA
6040;4516;Ybn9K9Hi0SuXmM3OBUR3w;;7;HIGHER_EDU
6041;4517;AMHVh0967H8ZIV_B9p6Wc;;7;HIGHER_EDU
6041;4517;AMHVh0967H8ZIV_B9p6Wc;;3;HIGHER_EDU
6043;4518;yBFuzeXleCwSTMjP5_5bw;;7;NA
6043;4518;yBFuzeXleCwSTMjP5_5bw;;2;NA
6045;4519;2mKr7tmw6ATN6WUJod4v2;;7;HIGHER_EDU
6047;4520;vNLBH9tA1cRPO_Q2_AqwT;;7;HIGHER_EDU
5019;4521;zX9Q0phZMYP1otkHvwpyx;;7;NA
4503;4522;ZQ2fbT7AhShbL46pQAYsG;;7;HIGHER_EDU
6050;4523;P3CS8JWU-SRuRC7G4_9oI;;7;NA
6051;4524;IWtvmjorUqbYpCNXk0o3X;;7;NA
6052;4525;3vdWpgHbxvWK2hduw4rmM;;7;NA
6052;4525;3vdWpgHbxvWK2hduw4rmM;;2;NA
6053;4526;nIi8rGDGr09hyrnlbin91;;7;HIGHER_EDU
6055;4527;YLau9GIi8doajZjBnDm_5;;110;NA
6055;4528;DZY4aJVdxkRtnNMV7wLrS;;7;SECONDARY
6055;4528;DZY4aJVdxkRtnNMV7wLrS;;110;SECONDARY
6057;4529;L_HHMti_1cciku1ZP0eLv;;7;NA
6059;4530;ejWqgYkMGup_L-admy_Yr;;7;HIGHER_EDU
6060;4531;jQaJLh-dQCL8moA1iKHYP;;7;NA
6064;4532;LHzq2WnZoNe_RtBEurnFA;;7;NA
6064;4532;LHzq2WnZoNe_RtBEurnFA;;3;NA
6066;4533;PQIHFVnRfzMGCR25H35N1;;7;HIGHER_EDU
6066;4533;PQIHFVnRfzMGCR25H35N1;;120;HIGHER_EDU
6066;4534;10jPQzJVlF9y0sGS5fU38;;7;HIGHER_EDU
6066;4534;10jPQzJVlF9y0sGS5fU38;;120;HIGHER_EDU
6068;4535;LlDF0cOEamaALA8biqurp;;7;HIGHER_EDU
6069;4536;EiTndjRhUp7k2fBHTunRP;;7;NA
6071;4537;5G444FWGorpb0g3nkMBhy;;7;SECONDARY
6072;4538;KfciikBAtkCs42m3Tod7h;;7;NA
6075;4539;pxUggeO1nbxsXtcqgkA18;;7;NA
6075;4540;9lmn2fK6CSs2Yy83eTBVL;;7;NA
6077;4541;Mcmqnfn0ROU_xDPlmrLCW;;7;SECONDARY
4616;4542;20Zuy8ruQje1M--mlzhO6;;7;HIGHER_EDU
4616;4542;20Zuy8ruQje1M--mlzhO6;;2;HIGHER_EDU
6078;4543;TcWPNy_uUXLb1MyJwpSyJ;;7;NA
6950;4544;GFOMv63lVLT8EffV3TFSF;;7;NA
6081;4545;QdGjnrP9UNMHDLB8-kBqj;;7;HIGHER_EDU
6081;4545;QdGjnrP9UNMHDLB8-kBqj;;111;HIGHER_EDU
6084;4546;F0mUnH-wPmqRvDN_9mPFz;;7;NA
6084;4546;F0mUnH-wPmqRvDN_9mPFz;;115;NA
4889;4547;tISAbiFw-hMlmrWWdKXMq;;7;NA
6085;4549;QhxId4UXHxN8nYzBdbwSk;;7;HIGHER_EDU
6087;4550;ZnBbi_DyAklNr3zTD_VTs;;7;NA
5674;4551;WXz238sT-wfnoVFOM9bNt;;7;NA
6089;4552;U7A3oJiYQTlp_kiei55Kj;;7;HIGHER_EDU
6089;4552;U7A3oJiYQTlp_kiei55Kj;;105;HIGHER_EDU
6091;4553;tt1s3pih3AgNWcSvpvvka;;7;NA
6090;4554;YhXxtNApFyXSXGg9THWC5;;7;UNFINISHED_HIGHER_EDU
6090;4554;YhXxtNApFyXSXGg9THWC5;;2;UNFINISHED_HIGHER_EDU
6093;4555;IMJXp6PqZKT33uM04J-8R;;7;NA
6094;4556;qAqvtZoaHWqVByEqyUMOW;;7;HIGHER_EDU
6095;4557;oVVRLJBUt0KpDz0xc5_mU;;7;HIGHER_EDU
6098;4558;UfM4BUUyoR00x9hy_OI3u;;7;HIGHER_EDU
6097;4559;bAaO_nvCdZmpLuc35oIM-;;7;HIGHER_EDU
6101;4560;CBjKCOSeK1kty5Fgcz95E;;7;HIGHER_EDU
6102;4561;H7J2Zqq7k-MIX-0JWoKKl;;7;NA
6103;4562;_C_owAPhSVLKIcTfVHlL5;;7;NA
6104;4563;tP2_MX31DRDRiAhWZFwET;;7;NA
6106;4564;HcUFo4ziySVzHuggnKHqo;;7;NA
6107;4565;uOilBVfCJuFAKrqEEruPO;;7;HIGHER_EDU
6109;4566;uyHYZ_KFE7ZQj5RreCwZR;;7;NA
6113;4568;AxJHeoDXg7fVi2hs24QkO;;7;NA
6112;4569;3juN4BCdr53-sjoKbeSdM;;7;HIGHER_EDU
6112;4569;3juN4BCdr53-sjoKbeSdM;;3;HIGHER_EDU
6100;4570;sHxQEB4DGcsfmiKu6ynoF;;7;NA
6100;4570;sHxQEB4DGcsfmiKu6ynoF;;110;NA
6100;4571;6gSRD1-D5G1JC_8gevHhI;;7;HIGHER_EDU
6115;4572;IqTW0tWe7amOukYybVJad;;7;NA
6119;4573;3ZL8IQViK-7g21bmVSyvJ;;7;HIGHER_EDU
6118;4574;jgoqRBfPSH4qCPWvJ8uAY;;7;HIGHER_EDU
6120;4575;xQNDY3raNLZ6b0c4-dKAZ;;7;HIGHER_EDU
6121;4576;63squNaDbhe1kAZc7_Bm0;;7;NA
6122;4577;FkkYagblZBilWjQ_nwUyG;;7;HIGHER_EDU
6124;4578;o3vtaIi9soQgdVG2YPrIM;;7;HIGHER_EDU
6126;4579;Hpb7p2qLPVDer1vEiFC0Q;;7;HIGHER_EDU
6127;4580;skVETsZEqSowlAq2QVtia;;7;HIGHER_EDU
6127;4580;skVETsZEqSowlAq2QVtia;;2;HIGHER_EDU
6127;4581;wHnUHSXXqriWRqeJNd4vj;;7;NA
6127;4581;wHnUHSXXqriWRqeJNd4vj;;2;NA
6129;4582;5-R4V8SqHweGi6XBpiAqo;;7;UNFINISHED_HIGHER_EDU
6130;4583;E7VWvitCXuijIWM7H82xj;;7;HIGHER_EDU
6131;4584;E5AGLYCD9xKcWPu7W4SRX;;7;HIGHER_EDU
6132;4585;fcNO2fh7Madk8HCFDWnQK;;7;PHD
6132;4585;fcNO2fh7Madk8HCFDWnQK;;110;PHD
6134;4586;c9XTw3SH5o3amSEtVNvNT;;7;NA
6135;4587;N1764JqyEvbk7O6Ofx5VV;;7;NA
6136;4588;qrSAKjyYYzCVUCKJzwAU4;;105;NA
6136;4588;qrSAKjyYYzCVUCKJzwAU4;;7;NA
6137;4589;B5eNMwP4Aj1Iwm0m5L-XS;;7;HIGHER_EDU
6141;4591;GKJ68RBvKehL0IqPmPJ1f;;7;NA
6141;4591;GKJ68RBvKehL0IqPmPJ1f;;8;NA
6143;4593;jyxs4Sbc2KtFfTN6AoJs7;;7;NA
6144;4594;0PGf49MWK20F1wWk1kzQw;;7;HIGHER_EDU
6145;4595;Pr9qlWQ1pZQyFyAmfPii1;;7;NA
5882;4596;m1R81FQi6tR8g8sQRupIg;;7;NA
6147;4597;nqEol5odl_nTo_89x17jW;;7;HIGHER_EDU
6148;4598;qgnH9_KqWgv_c8iN5-SsI;;7;NA
6148;4598;qgnH9_KqWgv_c8iN5-SsI;;110;NA
6148;4598;qgnH9_KqWgv_c8iN5-SsI;;6;NA
6148;4598;qgnH9_KqWgv_c8iN5-SsI;;109;NA
6148;4599;cUHQ-ZEv6IJUz_eEacNJC;;7;NA
6148;4599;cUHQ-ZEv6IJUz_eEacNJC;;6;NA
6149;4600;51CrkN0K2OEUyub0iaU-Q;;7;HIGHER_EDU
6149;4600;51CrkN0K2OEUyub0iaU-Q;;129;HIGHER_EDU
6151;4601;sC-m_p09LyibjZZDp26PV;;7;HIGHER_EDU
6157;4602;uelEHHJb0hnMmiJJMJLy4;;7;NA
6157;4602;uelEHHJb0hnMmiJJMJLy4;;2;NA
7651;4603;BkfEGjanQNixe5GksW7xc;;107;UNFINISHED_HIGHER_EDU
7651;4603;BkfEGjanQNixe5GksW7xc;;7;UNFINISHED_HIGHER_EDU
7651;4603;BkfEGjanQNixe5GksW7xc;;112;UNFINISHED_HIGHER_EDU
6159;4604;XlfcR4ZSh8CF-A9tmwtbm;;7;HIGHER_EDU
6159;4604;XlfcR4ZSh8CF-A9tmwtbm;;108;HIGHER_EDU
6159;4604;XlfcR4ZSh8CF-A9tmwtbm;;6;HIGHER_EDU
6159;4604;XlfcR4ZSh8CF-A9tmwtbm;;110;HIGHER_EDU
6162;4606;ALzbxYREDLwjayxYMaC4p;;7;NA
6163;4607;WNd1YRYtVGmoAgJYckuNK;;7;NA
6165;4608;7hsm9h7C6hgY9epVMls6k;;7;HIGHER_EDU
6165;4609;4_RweY25gvNLetAxuLOib;;7;NA
6166;4610;DBR1fBi63YjrPdyrNfHmn;;7;NA
6166;4610;DBR1fBi63YjrPdyrNfHmn;;2;NA
6171;4611;IG60GjKNkxMf6zZXHp0d1;;7;NA
6171;4611;IG60GjKNkxMf6zZXHp0d1;;2;NA
6172;4612;TOGqb5Er1KhtCMwLNsD8v;;7;HIGHER_EDU
6172;4612;TOGqb5Er1KhtCMwLNsD8v;;111;HIGHER_EDU
6172;4612;TOGqb5Er1KhtCMwLNsD8v;;7;HIGHER_EDU
6172;4612;TOGqb5Er1KhtCMwLNsD8v;;111;HIGHER_EDU
6172;4612;TOGqb5Er1KhtCMwLNsD8v;;7;HIGHER_EDU
6172;4612;TOGqb5Er1KhtCMwLNsD8v;;111;HIGHER_EDU
6174;4613;4j7iMt0Myc4_DJkNWr2Y_;;7;NA
6175;4614;RrqizskUThvua9wAXHn17;;7;NA
6176;4615;dT60x2liWeoeCEajwGEk4;;7;NA
6178;4616;ItLFB4s3weASUVpp-wglp;;7;NA
6187;4619;2GkQGgQDSOSGNvIKFso2h;;7;NA
6187;4619;2GkQGgQDSOSGNvIKFso2h;;7;NA
6188;4620;#NAZWA?;;7;HIGHER_EDU
6189;4621;O4dYNez01A8zf0WSdcMhP;;7;NA
6191;4622;3LIpHw1NRFfkaGPlZH-51;;7;NA
6194;4623;W5gEM73Dhi3H_pG6Cnl9p;;7;NA
6195;4624;BKoxXc7-5dqQ5egua4oOg;;7;NA
6196;4625;CH6DwsEOIIxnGa2y7ZUeC;;7;HIGHER_EDU
6196;4625;CH6DwsEOIIxnGa2y7ZUeC;;110;HIGHER_EDU
6197;4626;89z1Wad2NtHpkyY99S6sI;;7;NA
6198;4627;OsnsB28pOMJX9xxk_sdL9;;7;HIGHER_EDU
6200;4628;5RTo8oI9qlNkLV0jsjkdn;;7;HIGHER_EDU
6200;4628;5RTo8oI9qlNkLV0jsjkdn;;2;HIGHER_EDU
6200;4628;5RTo8oI9qlNkLV0jsjkdn;;186;HIGHER_EDU
6201;4629;ovwsIqb71f6d34za5yjzU;;7;NA
5998;4630;Hxr5SUzZA3inyyJh05TmV;;7;NA
6205;4632;TX6niy17nQ-Q9bKb_KIFN;;7;NA
6206;4633;dzmAcTYCG6M-eTNHjHSzk;;7;HIGHER_EDU
6207;4634;rajG1THaNDVX2ieMOK0uc;;6;NA
6212;4635;yzZvfQ2u5b8s5KymAVNo-;;7;NA
6074;4637;yvbThhx5iIxfVhhXMThNY;;7;NA
6215;4638;zEelnK_q9SqGSVcXThgak;;7;HIGHER_EDU
6215;4638;zEelnK_q9SqGSVcXThgak;;2;HIGHER_EDU
6217;4639;lNQwyGstRZGhgI_8ABjvP;;7;NA
6216;4640;UkFOPeZMDWd55iO_jIYdf;;7;HIGHER_EDU
6218;4641;g9vgh6_LaLi7i-EyucPMc;;7;NA
6218;4641;g9vgh6_LaLi7i-EyucPMc;;117;NA
6220;4642;ORZ9VbbC9lF71uOsGCg_g;;7;NA
6222;4643;Li3uiZwMQJXdBGidu1jnx;;7;HIGHER_EDU
6223;4644;bwG2vN56V0Ssf0eeIKyv2;;7;NA
6225;4645;BPjEkY3fkXCwCwqRt7OCi;;117;HIGHER_EDU
6225;4645;BPjEkY3fkXCwCwqRt7OCi;;7;HIGHER_EDU
6225;4645;BPjEkY3fkXCwCwqRt7OCi;;3;HIGHER_EDU
6227;4646;8AgnB2Wj3pDHnE13keN9B;;7;NA
6229;4647;47bKQdM6fK1BE5O9OK7Sj;;7;SECONDARY
6230;4648;hPYTZYw5pRQ48wm5OJYqM;;7;HIGHER_EDU
6230;4648;hPYTZYw5pRQ48wm5OJYqM;;109;HIGHER_EDU
6153;4649;0DtZ0so2wpLZJ4CIF6YpK;;7;HIGHER_EDU
3033;4650;4AOt4-tZOCvxg4pHsFmch;;7;NA
6231;4651;TEU6eVkOTrcFcdVX5Bs47;;7;NA
6236;4652;REeX7PFE7qnt027_0KIQm;;7;SECONDARY
6238;4653;NtutKQKqfUxG3KBIcti3d;;7;NA
6238;4653;NtutKQKqfUxG3KBIcti3d;;2;NA
6240;4654;Fx1gODG_kpde_AQLL9Drt;;7;NA
6235;4655;apFUKo73c_uELBuakiCjc;;7;HIGHER_EDU
6241;4656;pxIQN6TqTHy8MIju99JXB;;7;HIGHER_EDU
6241;4656;pxIQN6TqTHy8MIju99JXB;;114;HIGHER_EDU
6244;4657;EPWjqJt69MIh9RFfDxJr6;;7;NA
6245;4658;DxUQtfqtt5JIgO1qQsz5y;;7;NA
6247;4659;O58KiWnsWtA-XToP6JP3m;;7;HIGHER_EDU
6247;4659;O58KiWnsWtA-XToP6JP3m;;2;HIGHER_EDU
6249;4660;a-vcF6TasWas6k6zQYL0m;;7;HIGHER_EDU
6251;4661;MU3D1ZomM7fWQ2ktVbobM;;7;NA
6253;4662;1dD3p9tYhuoYinKsOiUEt;;7;HIGHER_EDU
6253;4662;1dD3p9tYhuoYinKsOiUEt;;111;HIGHER_EDU
6253;4662;1dD3p9tYhuoYinKsOiUEt;;6;HIGHER_EDU
6255;4663;O-hj0F2B2icmZ_402DYyL;;7;NA
6257;4664;VGj9a-sysJRM8jkY7QEwn;;7;NA
6259;4666;R4bX6TNkpUNu17cmiOHoD;;7;NA
6259;4666;R4bX6TNkpUNu17cmiOHoD;;109;NA
6259;4667;Xv72OPe9cu2QZPgNq8d0K;;7;HIGHER_EDU
6259;4667;Xv72OPe9cu2QZPgNq8d0K;;109;HIGHER_EDU
6260;4668;h3v0DCTv2f4Fbl38wS4Yn;;7;HIGHER_EDU
6261;4669;SOqdmo271-mtIammnLbvn;;7;HIGHER_EDU
6262;4670;DmWGXIr5S5hZoOQDwSUhs;;7;HIGHER_EDU
6264;4671;MwMR45qAO34oJDMipnwNL;;7;UNFINISHED_HIGHER_EDU
6264;4671;MwMR45qAO34oJDMipnwNL;;2;UNFINISHED_HIGHER_EDU
6264;4671;MwMR45qAO34oJDMipnwNL;;142;UNFINISHED_HIGHER_EDU
6266;4672;NDcv_shiEbe1YBBQBs7zd;;7;HIGHER_EDU
6270;4673;M9XNHhulqngaZLbu3st9Q;;7;HIGHER_EDU
6271;4674;ZE476Vjyi-7Y1Yyc8IU5F;;7;NA
6272;4675;V_uN7v3F7A9HV1bVxsa8w;;7;NA
6274;4676;sFrZ7yjqW4CYDZRWFpxmq;;7;HIGHER_EDU
6276;4677;bzOhqn2z35CfbQDChsDHS;;7;HIGHER_EDU
6279;4679;f3QTYwhgBAuiyfySsfrAb;;7;UNFINISHED_HIGHER_EDU
6279;4679;f3QTYwhgBAuiyfySsfrAb;;2;UNFINISHED_HIGHER_EDU
3431;4680;5ps6baFBiUwPE7AgzV1xf;;112;NA
3431;4680;5ps6baFBiUwPE7AgzV1xf;;7;NA
3431;4680;5ps6baFBiUwPE7AgzV1xf;;3;NA
6283;4681;e2EQ3aZ0dfmHVqUgn-ndg;;7;HIGHER_EDU
6281;4682;8UF9bkVzBnDejOm25qjH_;;7;NA
6285;4683;TkqS8RCh9xXFUlxq48YeW;;7;NA
6286;4684;ttRFI7p1AdJIwyzYNVWKx;;7;NA
6286;4685;dGjxTX5hVlgRgsRdZdEsB;;7;NA
6287;4686;3QCgTvEb-LY50LEn7sAlB;;7;HIGHER_EDU
6287;4687;efVxkSGz5T71g_b-Qujqu;;7;NA
6288;4688;mXF2g2FNyLDEx1KKJoc-Z;;7;NA
6289;4689;LjETDWmcZ4lkqveolarHn;;109;NA
6289;4689;LjETDWmcZ4lkqveolarHn;;7;NA
6293;4690;D-hejZH5r_KBrGmdFt_TG;;7;NA
6295;4691;3vTU_GFqRI1tSFR6PeV76;;7;HIGHER_EDU
4180;4692;#NAZWA?;;7;HIGHER_EDU
6168;4693;eTwPR5plTAIAzq5kk7T4Q;;7;HIGHER_EDU
5985;4694;fk1oqMxsqc5Yf5NiTPgte;;7;NA
6243;4695;HkVOdLX_m-8uduMJfn97K;;7;HIGHER_EDU
6297;4696;ElYjaI0E9Ane-BmVIldGW;;7;NA
6268;4697;bc5_M_A6At4fHCvv7UqG9;;109;NA
6268;4697;bc5_M_A6At4fHCvv7UqG9;;7;NA
6268;4697;bc5_M_A6At4fHCvv7UqG9;;3;NA
6233;4698;fy3Zm-xl6yIneXZ7KVw2W;;2;NA
6298;4699;6mLgwo9n_uJXErlQTdStA;;7;NA
6300;4700;rlY0OCRpf4-AoRxlceTE_;;7;HIGHER_EDU
6300;4700;rlY0OCRpf4-AoRxlceTE_;;106;HIGHER_EDU
6300;4700;rlY0OCRpf4-AoRxlceTE_;;3;HIGHER_EDU
6302;4701;hfxdK-UspTl8iDeEVVZVF;;7;HIGHER_EDU
6304;4702;CQF_tF59bad_WAynjXPwR;;7;NA
6306;4703;1vOlzW3pVX0Go5OASoN2A;;7;NA
6307;4704;vzB8zBXJp5or4eDGo0VR-;;7;NA
6309;4705;PN4ve8zeUmVnM_5TMggc9;;7;HIGHER_EDU
6309;4706;jc7a2D-j8pISZh6p7NGLV;;7;NA
6310;4707;YJasRTAo6q6CGJQI3dqJw;;7;HIGHER_EDU
6310;4708;lvUf81v1-SBtzfwdJTuMX;;7;NA
6312;4709;rb7WmmgAIGughtRr9Fryr;;7;PHD
6313;4710;7SCGdwg8VXoNgBZGQQWWQ;;7;NA
6313;4710;7SCGdwg8VXoNgBZGQQWWQ;;2;NA
6316;4711;94GaRKAYg4pcmv6aU_W4Q;;7;HIGHER_EDU
6320;4712;247AOFzx7RJ_o2bNcDnyx;;7;NA
6322;4713;6DPbDlFtLLyXFDRRIjQ4p;;7;NA
6324;4714;O4F3aQ0G16ZCn4mPcGCUy;;7;HIGHER_EDU
6326;4715;982NUBPitUdXpG1KvZMEi;;7;HIGHER_EDU
6326;4715;982NUBPitUdXpG1KvZMEi;;2;HIGHER_EDU
6328;4716;mAaxxTcIK2LBelsXxOhal;;7;HIGHER_EDU
6334;4717;1bu3dEzIqBnqlkNwVS8T4;;7;NA
4668;4718;DdYXBt76j1PKZkNrQUm3j;;7;HIGHER_EDU
6335;4719;ktceHfm5L-Ey0mKK-mL0l;;7;NA
6336;4720;ScZdhrJj1_4YNospG77H6;;7;HIGHER_EDU
6337;4721;oKjw9AiMB7ZO-C-LOhZul;;7;HIGHER_EDU
6339;4722;8ESAbNiNLg87kKMrJjKXj;;7;NA
6340;4723;mJJ1I29kAtfR36eQtOWui;;7;PHD
3527;4724;Yz-Rj2Djc4F4ylmLjBW19;;7;NA
3527;4724;Yz-Rj2Djc4F4ylmLjBW19;;107;NA
6341;4725;xyKIq52dmHDAWko-avjj1;;7;NA
6342;4726;kIB5y7gpUHA3fJUyalA--;;7;HIGHER_EDU
6344;4727;Q0iTZQNI4fiX8yhIm7iPk;;7;NA
6347;4728;W3hOc72DABVNMx3jyJt0T;;7;NA
6348;4729;_0qksAw7XV_NXsDkBF7pd;;7;NA
6348;4729;_0qksAw7XV_NXsDkBF7pd;;114;NA
6348;4730;Y9oeJjAdqHR7Da4jxM3Hz;;7;NA
6348;4730;Y9oeJjAdqHR7Da4jxM3Hz;;114;NA
6350;4731;jXiKAmr1jR_HoURAUlbvX;;7;NA
6350;4731;jXiKAmr1jR_HoURAUlbvX;;111;NA
6262;4733;MVYxDfkP6XNReEuV26IE4;;7;NA
6352;4734;iNiQtE9y3hV8dMZt3bUSg;;7;NA
6354;4735;6YoJTYPEqRaVPyiMLcqQ8;;7;NA
6354;4735;6YoJTYPEqRaVPyiMLcqQ8;;2;NA
6354;4735;6YoJTYPEqRaVPyiMLcqQ8;;7;NA
6354;4735;6YoJTYPEqRaVPyiMLcqQ8;;2;NA
5387;4736;dsGvmsi4bz_WYCGNb1JL7;;7;NA
6355;4737;0UTQKjkKri97ga20raz6F;;7;HIGHER_EDU
6355;4737;0UTQKjkKri97ga20raz6F;;109;HIGHER_EDU
6356;4738;LDgPbyVCYbU2bmD9Ga2in;;7;NA
6358;4740;1eYNh8OzxluHs2zKi3kID;;7;HIGHER_EDU
6360;4741;kXqhdG_Z_v-zXN27ZpspX;;7;NA
6360;4741;kXqhdG_Z_v-zXN27ZpspX;;114;NA
6360;4741;kXqhdG_Z_v-zXN27ZpspX;;3;NA
6363;4742;xbDRkMjbWDwLroTs19z6I;;7;HIGHER_EDU
6363;4742;xbDRkMjbWDwLroTs19z6I;;2;HIGHER_EDU
6366;4743;P8P52IhBl5a0x8JTkA1rl;;7;NA
6368;4744;wYBnfeCk8aKR133LgNLag;;7;NA
6366;4745;4dF2cogA6dRbKsctK_AhX;;7;NA
6364;4746;ku83SwbQzG80jvr8I3oA-;;7;NA
6364;4747;pZPh9UDBGDqzcyOh3UN0O;;7;NA
6364;4747;pZPh9UDBGDqzcyOh3UN0O;;109;NA
6370;4748;r0_CoLHDvRV0J7QcZ5lzf;;7;NA
6372;4749;2A_WabvwMl3pMKXPMw3dI;;7;NA
6372;4749;2A_WabvwMl3pMKXPMw3dI;;3;NA
6373;4750;2aXxbBH4AEBL51u1g1BDt;;7;NA
3250;4751;HOvrFFctRSBkMm_L0w5kS;;7;HIGHER_EDU
4771;4752;ZioHk71QseunjUUI63Wqs;;7;NA
5794;4753;9CaOf_yqQcADbvFUlDUXT;;7;NA
4269;4754;8Hbpjj0Yg05d4POG1e0Sq;;7;NA
4269;4754;8Hbpjj0Yg05d4POG1e0Sq;;186;NA
6378;4755;M768fOx2QuFLh9p3YTTyY;;7;NA
6378;4755;M768fOx2QuFLh9p3YTTyY;;2;NA
6380;4756;Q07Zhcf223n9qNg152Co8;;7;HIGHER_EDU
6382;4757;cSOIEMKZC2CskYh-w0hsh;;7;NA
6382;4758;IDpq32BthVolba-wtKDyV;;7;HIGHER_EDU
6383;4759;nKaSScJSki83ASnveNVHq;;7;NA
6383;4759;nKaSScJSki83ASnveNVHq;;3;NA
6383;4760;obMRtxS342RLrEo5Jmo0C;;7;NA
6383;4760;obMRtxS342RLrEo5Jmo0C;;3;NA
6389;4761;9yKQzA9N_m_thNtS5WyVB;;7;HIGHER_EDU
6390;4762;s0hMdZS-W9V-828UHmqy-;;7;NA
6390;4762;s0hMdZS-W9V-828UHmqy-;;7;NA
6392;4763;5MXDdBc68pUO27LDmCQm-;;7;NA
6392;4764;nrplIOO3rqrsf0DPliPYm;;7;HIGHER_EDU
6393;4765;80fermvmH7qH8qBU28ilK;;7;HIGHER_EDU
6395;4766;yR7jkwxjRdJaIh17Mjh5g;;7;HIGHER_EDU
6396;4767;aZTx_nrIbGX49hJkb0fds;;7;NA
6398;4768;QjB7Xu5Ab7PmGEfCYjaJ6;;7;HIGHER_EDU
6398;4769;sDCziDMsbmabDRI0VQ6Vm;;7;NA
6400;4770;yOcBHrU0m1NMSndqZFmhp;;7;HIGHER_EDU
6402;4772;P42eJTgje5e2hUpwa1YEn;;7;HIGHER_EDU
6402;4772;P42eJTgje5e2hUpwa1YEn;;8;HIGHER_EDU
6403;4773;eY5nRop-NJgUVoPMe5Xv0;;7;PHD
6405;4774;sOyI76_j2yIksXyOcZaIF;;7;HIGHER_EDU
6406;4775;3J9OEi0VDbAYClYX1VPJR;;7;NA
6408;4776;#NAZWA?;;6;HIGHER_EDU
6408;4776;#NAZWA?;;7;HIGHER_EDU
6408;4776;#NAZWA?;;131;HIGHER_EDU
6409;4777;x9ZHVILHtOxSjxTmszYDj;;7;UNFINISHED_HIGHER_EDU
6411;4778;-2PaJXv6vGjLix8KSnIh9;;7;HIGHER_EDU
6411;4778;-2PaJXv6vGjLix8KSnIh9;;115;HIGHER_EDU
6412;4779;Pnz9XWHsQGOp309hG9xvS;;7;NA
6413;4780;mCs1Zyuoy-XyOXSn0YdvB;;7;NA
6415;4781;mM75nDKYl6_G1j1Nl1hkf;;7;NA
6415;4781;mM75nDKYl6_G1j1Nl1hkf;;2;NA
6416;4782;OEvqezVOMAMD99geKEV1j;;7;SECONDARY
6418;4783;NSoEBKcQmhizX58Sy2Glu;;7;HIGHER_EDU
6419;4784;QT99tTCEKKhHQb-MX6Y7N;;7;NA
6420;4785;oI945uVfPHkkORb7U8RtF;;7;HIGHER_EDU
6425;4787;Rpp_4IwzelGIcdnDNUHyx;;7;SECONDARY
6427;4788;DZwAyUf3MFKHBjPVsba29;;2;NA
6427;4788;DZwAyUf3MFKHBjPVsba29;;7;NA
6428;4789;I7xy25kMjuN_OVUA4OJEf;;7;NA
6429;4790;U9m3GVEyNQJh2TGgA545f;;7;HIGHER_EDU
6430;4791;umDEWhhNeVreWwwkDAy5t;;7;NA
6432;4792;wfo5OYsO5e16LoqZAca6T;;7;NA
6433;4793;3kI6TmMWZYSWg4fuIkZ-M;;7;HIGHER_EDU
6433;4793;3kI6TmMWZYSWg4fuIkZ-M;;186;HIGHER_EDU
5771;4794;jG0YjP0VzJK5xiOYnIlI9;;7;HIGHER_EDU
6434;4795;ywy_CY-YL_zmFE0aYyTB3;;7;NA
6435;4796;J3nolbZ1HK7u1Ln6ktZjn;;7;NA
6435;4796;J3nolbZ1HK7u1Ln6ktZjn;;3;NA
6436;4797;#NAZWA?;;7;NA
6436;4797;#NAZWA?;;2;NA
6438;4798;clQaF8ZpeKsPOUomCUwfW;;7;NA
6438;4798;clQaF8ZpeKsPOUomCUwfW;;2;NA
1210;4799;5La0YtBgtgfJw3VKu9H58;;7;NA
6440;4800;3KhCwWFKvz1N-VWhadogo;;7;HIGHER_EDU
6440;4800;3KhCwWFKvz1N-VWhadogo;;2;HIGHER_EDU
6442;4801;y5W0VVyScz2IrJzROk3h-;;3;NA
6442;4801;y5W0VVyScz2IrJzROk3h-;;7;NA
6444;4802;95yRWbmv30lT1IPQKYEfP;;7;HIGHER_EDU
6444;4802;95yRWbmv30lT1IPQKYEfP;;8;HIGHER_EDU
6445;4803;lDWaqAacpfvtGS6jkxd4D;;7;HIGHER_EDU
6446;4804;m_9aldydHKrgFSKkSjjZk;;7;NA
6446;4804;m_9aldydHKrgFSKkSjjZk;;2;NA
6447;4805;e8KN21DKaFOMIAqPOUn4k;;7;NA
6447;4805;e8KN21DKaFOMIAqPOUn4k;;3;NA
6449;4806;ow7pG8B19d2ck6vgKB_Uv;;7;NA
6449;4806;ow7pG8B19d2ck6vgKB_Uv;;2;NA
6449;4807;lxLTpiy_gPFzUzOrYYUIG;;7;HIGHER_EDU
6449;4807;lxLTpiy_gPFzUzOrYYUIG;;2;HIGHER_EDU
6451;4808;fBqTAgEZJukLuWILwwnVe;;7;NA
6451;4808;fBqTAgEZJukLuWILwwnVe;;2;NA
6453;4809;eLWw9oKWFoNMDl7v7BR6s;;7;NA
6454;4810;Ir1AABoxCSFE-Buaq_VsC;;7;NA
6454;4810;Ir1AABoxCSFE-Buaq_VsC;;3;NA
6456;4811;66cdE8SbvFU3pzzeHjmKf;;7;NA
6456;4811;66cdE8SbvFU3pzzeHjmKf;;3;NA
6457;4812;wRFkyeLESzDi8XLgc9-BY;;7;NA
6458;4813;jd_WFXHT5UhgcHFtsOtZn;;7;NA
6460;4814;QR1hfYYkVB-_51FBIZdvd;;7;SECONDARY
6461;4815;qMuxhTAHvVkZVG0rkjeiL;;7;NA
6464;4816;bW8aESPhS1hhWBuc8d01L;;7;HIGHER_EDU
6465;4817;mcfkRthbrHPnNPpnZuE5k;;7;HIGHER_EDU
6467;4818;BqcmX6XFHB73eBhtaWV9W;;7;HIGHER_EDU
6469;4819;s7XZ_DaJBaZMWs7qtwmJ_;;7;HIGHER_EDU
6471;4820;X19E6J-yuThtLp5lTedpu;;7;HIGHER_EDU
6472;4821;yLncoNSO4wVz9s8jkXhkI;;7;NA
6474;4822;eetUEq2RD3uoabeIqjGEu;;7;HIGHER_EDU
6476;4823;UH4Kd6jzD_ng7zqTtMEv0;;7;NA
6477;4824;gco4ZxRmyNnVnbJDcuzNm;;7;HIGHER_EDU
6478;4825;ojY5Bf2Cr-NPSL1_qmslw;;7;HIGHER_EDU
6479;4826;DXwclJo7QUnKEYOWHhkLi;;7;HIGHER_EDU
6481;4827;4ZIR77iWmaZUJ0Q6-wj9m;;7;NA
6482;4828;88vnuEEP8Z6HaD083rS-m;;7;NA
6482;4828;88vnuEEP8Z6HaD083rS-m;;2;NA
6484;4829;kE1n_UM36By4RKPo8CR8_;;7;HIGHER_EDU
6487;4830;7cpJKbPOandeWR4QZSudn;;7;NA
6487;4830;7cpJKbPOandeWR4QZSudn;;3;NA
6485;4831;K2N-R8SHgOKRSV63AgxqV;;7;HIGHER_EDU
6489;4832;HqztwEmXrvDFxlQCKh5ak;;7;NA
6491;4833;O6WL_8m2jKBmVDUKKAT_L;;7;HIGHER_EDU
6493;4834;PGCUCgbT0kvLqVjmTXTvi;;7;NA
6493;4834;PGCUCgbT0kvLqVjmTXTvi;;3;NA
6494;4835;Kmry3SRUnzR5mTEB7HWBR;;7;NA
6494;4835;Kmry3SRUnzR5mTEB7HWBR;;142;NA
6496;4836;G_xXMz1rTf1dkyUsKQOUT;;7;HIGHER_EDU
6497;4837;2GyqG7EAW_z2O0qLmjiJS;;7;NA
6499;4838;Z3cmPfMtsdRx64sdrlHtN;;7;NA
6500;4839;_tnVMB7cPYirrpnlnmNKE;;7;NA
6501;4840;PMDEIHKD6ezFojADdSj9N;;7;HIGHER_EDU
6503;4841;u70iwp8KXZalPt9M9nuBS;;7;NA
6504;4842;P_WiD6F4pIjTWsTsclcw8;;7;HIGHER_EDU
6506;4843;Q58qn_Ufmg4m8qLe6gxs6;;7;HIGHER_EDU
6507;4844;zScDHtHV1kvWgXCBL5wQF;;7;NA
6511;4845;cwFywFje_AKqUbFeUHVDk;;7;NA
6515;4846;TmPyG8HQagkSw5DrUrVBe;;7;NA
6513;4847;9cGBvNl1mxzpz8B5Z6SPq;;7;HIGHER_EDU
6513;4847;9cGBvNl1mxzpz8B5Z6SPq;;2;HIGHER_EDU
6517;4848;B1wIRiylhJLsKYp5adnhn;;7;HIGHER_EDU
6519;4849;-4Z5xLdTD7ZSpX8Og-p30;;7;NA
6521;4850;OEwrZYBKma5EVGUisdAZF;;4;SECONDARY
6521;4850;OEwrZYBKma5EVGUisdAZF;;7;SECONDARY
6521;4850;OEwrZYBKma5EVGUisdAZF;;114;SECONDARY
6521;4851;#NAZWA?;;4;NA
6521;4851;#NAZWA?;;7;NA
6521;4851;#NAZWA?;;114;NA
6522;4852;1O4zhJjENLGrPTDXYWkrC;;7;HIGHER_EDU
6524;4853;OJomKeTva3wc8Rn9wQhvv;;7;NA
6525;4854;SS5A4f_X44hjg8MeamDJb;;7;NA
6526;4855;ZIXZyI-CFJ_AYbnz2NC0w;;7;NA
6527;4856;R_XlpWohFAgyjf9kk4R5m;;7;HIGHER_EDU
6330;4857;pIDydk1UOEpkxZzNOCwjh;;7;NA
6330;4857;pIDydk1UOEpkxZzNOCwjh;;7;NA
6528;4858;nf6DdaComrFoqL5hhRKCO;;7;NA
6530;4859;XMMWsVX2Otdg6QBLyMQ1Z;;7;NA
6531;4860;7uQCqWiiX9l6KUnsQFrXi;;7;HIGHER_EDU
6531;4860;7uQCqWiiX9l6KUnsQFrXi;;8;HIGHER_EDU
6532;4861;7f2oy3VKvTDiCtsXpfxLm;;7;NA
6535;4862;GokB0VQGrjeXF5AunF0LL;;7;NA
6536;4863;musCXQSngPS6kcdL2krf2;;7;PHD
6536;4863;musCXQSngPS6kcdL2krf2;;2;PHD
6537;4864;JiUayj9TntusyOOqjHPvx;;7;NA
3448;4865;_LC1TDVAZg3AnnegX3SL1;;7;NA
3448;4865;_LC1TDVAZg3AnnegX3SL1;;110;NA
6539;4866;sWyL4kSTH9Z5_APdxjRgI;;7;NA
6541;4867;2EFodnAFJwjVTD0T_wys1;;7;HIGHER_EDU
6542;4868;KFP96Gv5JSL4Qsthb-jKh;;7;SECONDARY
6543;4869;Es198hEIyo2tVFjMZJsEO;;7;NA
6544;4870;NgJG9nfAp2HLsOrd3H1jI;;7;HIGHER_EDU
6544;4870;NgJG9nfAp2HLsOrd3H1jI;;2;HIGHER_EDU
6544;4870;NgJG9nfAp2HLsOrd3H1jI;;7;HIGHER_EDU
6544;4870;NgJG9nfAp2HLsOrd3H1jI;;2;HIGHER_EDU
6547;4871;1EqdtyuP2aIXHYF9WQe-R;;7;NA
6547;4871;1EqdtyuP2aIXHYF9WQe-R;;2;NA
6549;4872;GP4vL6xT6x80RYq3ndyXM;;7;HIGHER_EDU
6551;4873;xPfCN9thWODafdtuJxEtw;;7;HIGHER_EDU
6552;4874;Y8OQqZ2WsUq2HXd0Co26s;;7;HIGHER_EDU
6553;4875;FQMz7fbXDCGzSdw66p9lP;;7;NA
6553;4875;FQMz7fbXDCGzSdw66p9lP;;110;NA
6553;4875;FQMz7fbXDCGzSdw66p9lP;;2;NA
6553;4875;FQMz7fbXDCGzSdw66p9lP;;105;NA
6555;4876;_8aeMDdQhrsGK-74RtmZy;;7;NA
6557;4877;6j8Y3hWZ4rSam7XdflHHv;;105;NA
6557;4877;6j8Y3hWZ4rSam7XdflHHv;;7;NA
6557;4877;6j8Y3hWZ4rSam7XdflHHv;;2;NA
6557;4877;6j8Y3hWZ4rSam7XdflHHv;;185;NA
6558;4878;fe2Wzu_HMrzJzO60l0lCF;;7;NA
6558;4878;fe2Wzu_HMrzJzO60l0lCF;;110;NA
6560;4879;StOQFRX24sPBFFYJYFxDF;;7;NA
6560;4879;StOQFRX24sPBFFYJYFxDF;;131;NA
6560;4879;StOQFRX24sPBFFYJYFxDF;;2;NA
6562;4880;SEU-omAjf-9BleGegoDNC;;2;HIGHER_EDU
6563;4881;Xt0LbFefwUhy2lXzcpH3P;;7;NA
6563;4881;Xt0LbFefwUhy2lXzcpH3P;;2;NA
3493;4882;MZJaLP-FgugK4xEnyN1be;;7;NA
3493;4882;MZJaLP-FgugK4xEnyN1be;;196;NA
3493;4882;MZJaLP-FgugK4xEnyN1be;;109;NA
6565;4883;iT_C1WlAz2pNyFOB3LDMD;;7;HIGHER_EDU
6567;4884;OtOjOn-Kr7x3dHjfZgPeo;;7;HIGHER_EDU
6567;4884;OtOjOn-Kr7x3dHjfZgPeo;;112;HIGHER_EDU
6568;4885;_AqZHXOZ88If53Wev9ia0;;7;SECONDARY
6570;4886;ipj5-589AxSgB6ZtTpo8V;;7;NA
6570;4887;aOJ80i01QqQqkvABegq3l;;7;NA
6572;4888;YmdrLEYtIFjDPy2jCu7F2;;7;HIGHER_EDU
6574;4889;qghN6_pQy1vME8XYm2DAO;;7;HIGHER_EDU
6574;4889;qghN6_pQy1vME8XYm2DAO;;107;HIGHER_EDU
6575;4890;D7MJKmmP7eW8TW5veAiLN;;7;HIGHER_EDU
6577;4891;ACVIJv57GUrjbltVufckj;;7;NA
3910;4892;CxAhqzGE3yHvGhDbI7xL4;;7;NA
6578;4893;01IkXVlAt7PgsJ0le0NTK;;7;HIGHER_EDU
6578;4893;01IkXVlAt7PgsJ0le0NTK;;2;HIGHER_EDU
6579;4894;KWJ1-NchhWX7Nbw7caFwZ;;7;NA
6579;4894;KWJ1-NchhWX7Nbw7caFwZ;;3;NA
6581;4895;sDpBERAmQ076ETHWhQ2Op;;7;NA
6582;4896;TrTlN9iZNzrU4hYmynpZj;;7;HIGHER_EDU
6584;4897;V1DkxQcqA6lH5cD0gRTyO;;7;NA
6588;4898;wITHpuBonNySqIZWVYPZw;;7;NA
6590;4899;3U3j1rys2vF7EoAOodHo9;;7;HIGHER_EDU
6592;4900;oip17HnlZncrSySOFInDl;;7;HIGHER_EDU
6594;4902;YmsarDe4_CU-l-A0Et2fg;;7;NA
6586;4903;tZiiAvt-2_i6FuMcTB5OA;;7;NA
6595;4904;WFSHiALJYHj0VpzDmfx86;;7;NA
6595;4905;ncWYpylwOFGKYWLlgM0Iq;;7;NA
6598;4906;YjupP7TB91_me9yUnxXJU;;7;NA
6597;4907;o_lTmcZpkoHgisj1Qnplm;;7;HIGHER_EDU
6600;4908;7mjLAa6lmZmvYHIC5r2qm;;7;NA
6602;4909;tj0qZQVgm1l5P1TP1OrCm;;7;NA
6602;4910;GmM1VFwpVtc5XakhugpvU;;7;NA
6603;4911;lBmQxXjaHCcsEuvL0D5w0;;114;HIGHER_EDU
6603;4911;lBmQxXjaHCcsEuvL0D5w0;;7;HIGHER_EDU
6603;4911;lBmQxXjaHCcsEuvL0D5w0;;110;HIGHER_EDU
6606;4912;7IKLKn2zHro2UrFaEJaGJ;;7;HIGHER_EDU
6606;4912;7IKLKn2zHro2UrFaEJaGJ;;2;HIGHER_EDU
6607;4913;WrbLW1RQb3Ey952zMRguF;;7;SECONDARY
6609;4914;HjM0PkNspuM4i1u7l1xEF;;7;NA
6610;4915;d3I5FKmJ2z43MTsNUDjVN;;7;NA
6610;4915;d3I5FKmJ2z43MTsNUDjVN;;2;NA
1985;4916;L3p3bjQACfa7DJwkqJTmx;;7;PHD
1985;4916;L3p3bjQACfa7DJwkqJTmx;;107;PHD
6612;4917;mOeaCt3_fnkd1Npb6-nkr;;6;NA
6612;4917;mOeaCt3_fnkd1Npb6-nkr;;112;NA
6612;4917;mOeaCt3_fnkd1Npb6-nkr;;7;NA
6612;4917;mOeaCt3_fnkd1Npb6-nkr;;107;NA
6616;4918;eYo--OBw76TwDDlr7j111;;114;NA
6616;4918;eYo--OBw76TwDDlr7j111;;7;NA
6617;4919;q8zLuQzmtRE1_iPxr7l2N;;7;NA
6621;4920;K08VL2V8W4DlhmIl4pYLj;;7;HIGHER_EDU
6623;4921;RN-AgqBszy6Bt9NMqBBoA;;7;NA
6625;4922;qLgGbjiouqtIe6XUGqdq1;;7;HIGHER_EDU
6627;4923;HWkf3tcip_ACOOcWRRNLA;;7;HIGHER_EDU
6628;4924;iMdTU7fqoMhQUqosaznMX;;7;HIGHER_EDU
6628;4924;iMdTU7fqoMhQUqosaznMX;;110;HIGHER_EDU
6628;4925;dnQF2iIjpgcjOxZIPh5mf;;7;NA
6628;4925;dnQF2iIjpgcjOxZIPh5mf;;110;NA
6630;4926;PrwU1CJaXiMVoDQnR9SAv;;7;HIGHER_EDU
6630;4926;PrwU1CJaXiMVoDQnR9SAv;;2;HIGHER_EDU
4186;4927;E8Nr9IpshzHRJK-wGcgWH;;7;NA
6632;4928;lZhPnkheQ3_3vDuW-a0g4;;7;NA
6632;4928;lZhPnkheQ3_3vDuW-a0g4;;2;NA
6634;4929;R_HU8pOOc7SarWc6OE4Gc;;7;SECONDARY
6636;4930;zjCP9xJ2m4lH7msm5XaPU;;7;HIGHER_EDU
6636;4930;zjCP9xJ2m4lH7msm5XaPU;;2;HIGHER_EDU
6638;4931;hZqpzC08dpt3BZwNX9KY8;;7;UNFINISHED_HIGHER_EDU
4854;4932;f90z8UGCTUiXwIDk6LfxD;;7;HIGHER_EDU
6640;4933;A18PN1yk07hqcV2mvsbZO;;7;NA
6642;4934;i0_6gWFFNRsZqxCEA8qHZ;;7;NA
6645;4935;TRtTyVCCk45hGmOXypHPW;;3;NA
6647;4936;jA1dEvxFbWTpNkhmNvIKD;;7;NA
5984;4937;YOdx6-TWs_cxKri8MYXKg;;7;NA
6649;4938;#NAZWA?;;7;NA
6651;4939;FtoVfj1wKmRe0EsKG5kQ0;;7;HIGHER_EDU
6652;4940;R_PNS3h6KuESBfanjaKP3;;7;NA
6652;4940;R_PNS3h6KuESBfanjaKP3;;2;NA
6654;4941;Ep59I0AQiQmU4l4T-CebG;;2;NA
6655;4942;vZpljD_9jpLP9a2hepC2M;;7;UNFINISHED_HIGHER_EDU
6655;4942;vZpljD_9jpLP9a2hepC2M;;3;UNFINISHED_HIGHER_EDU
6657;4943;yhxcEkMWT9R6Sd-XxUZlR;;199;NA
6659;4944;8LUjqrnXe5WVJN3Uquaq1;;3;NA
6661;4945;pSgSmNdVUlatDjbek4zLv;;7;NA
6661;4946;_VUU2-ci6uzv8u1OAlMY2;;7;NA
6663;4947;oKaVWebKgarSsNbUm32aU;;7;NA
5972;4948;SWHl5juu-apcGlZ9f04zg;;7;NA
6665;4949;UFrG8SLy4PZBQslsxnVjq;;7;HIGHER_EDU
6666;4950;NuehcPJTOY_n5yk2oqy8w;;7;HIGHER_EDU
6668;4951;lEtepvUyNV3Gm-xUFdCSc;;7;SECONDARY
6669;4952;DAhCWI3c3Vo8am2eNHGy4;;7;HIGHER_EDU
6671;4953;NebPoztBXocJwC-Zwtltb;;7;NA
6675;4955;mKjyQ1R2EPyx0V4ywHH4u;;7;NA
6677;4956;il0Uhl7frBPNvSGjjIpBT;;7;NA
6679;4957;snI4PNBpEzeA1fe2pKPio;;7;NA
6681;4958;qID2uDQZcGXIUP8ofMfFf;;7;HIGHER_EDU
6682;4959;DiPT5cixFME_lDBy2ppaL;;7;HIGHER_EDU
6682;4959;DiPT5cixFME_lDBy2ppaL;;107;HIGHER_EDU
6684;4960;gcYqv3DYfE5DDnlIGhP9h;;7;SECONDARY
4376;4961;Nev1DtMuLSsK3u4BJeXQ0;;7;NA
4376;4961;Nev1DtMuLSsK3u4BJeXQ0;;142;NA
4376;4961;Nev1DtMuLSsK3u4BJeXQ0;;110;NA
6686;4962;14fSPiusvS2YPkoViB-Id;;7;HIGHER_EDU
6689;4963;ngtoLTpZqa8C_rt1o7sDE;;7;NA
6690;4964;TdvzGijlFXee5tnWVs8_o;;7;HIGHER_EDU
6690;4964;TdvzGijlFXee5tnWVs8_o;;2;HIGHER_EDU
6693;4965;tHL7fnC3_RV-r1SLmHJhR;;7;NA
3745;4966;kWH5A8mJy74Mezud8SLjb;;7;HIGHER_EDU
6694;4967;YT0WyHVEEQ94OUTvhwKVE;;7;NA
6696;4968;ymzLQChiVOYPBgcIGhd9e;;7;NA
6699;4969;4A2nirr7GBBZkZwSlv1m8;;7;HIGHER_EDU
6699;4969;4A2nirr7GBBZkZwSlv1m8;;2;HIGHER_EDU
6700;4970;3GMnEwvu6dzGsAz_po6sN;;7;HIGHER_EDU
6701;4971;Nb9cDvER4wZELWRTC7sho;;7;NA
6702;4972;g4JVWGnu4C6zWVsNea6za;;106;NA
6702;4972;g4JVWGnu4C6zWVsNea6za;;2;NA
6704;4973;2FaId3Mh3iJaek-rrA4Hx;;7;NA
6705;4974;GgAlTF53TuV4nyIIShruo;;7;HIGHER_EDU
6707;4975;tXoh8JiMh_5h8oenvuD5W;;7;NA
6707;4975;tXoh8JiMh_5h8oenvuD5W;;6;NA
6707;4975;tXoh8JiMh_5h8oenvuD5W;;120;NA
1463;4976;bk0TkSKw8dihYLB9Yb_YC;;7;NA
1463;4976;bk0TkSKw8dihYLB9Yb_YC;;105;NA
1463;4976;bk0TkSKw8dihYLB9Yb_YC;;6;NA
1463;4976;bk0TkSKw8dihYLB9Yb_YC;;111;NA
6709;4977;sTDB1ZA9B1NQaQjo_y8pn;;7;NA
6710;4978;dsb3QsUpv7nmMAxRFsk2e;;105;NA
6710;4978;dsb3QsUpv7nmMAxRFsk2e;;7;NA
6712;4979;95GPE8c2LE0B1R2-36eBN;;7;NA
6712;4979;95GPE8c2LE0B1R2-36eBN;;110;NA
6714;4980;9GNIQAYSKNdTDG5mUYNND;;7;NA
6717;4981;DvEKGsOg0jTxmug38bnzO;;7;NA
6717;4981;DvEKGsOg0jTxmug38bnzO;;2;NA
6718;4982;ianZZU_FBH9jdq2Z9SEgV;;7;NA
6721;4983;d1AMCPGRMQ3TSzprKpTdi;;7;NA
3598;4984;g0vGodiBWo6MGfWhErQOB;;2;HIGHER_EDU
3598;4984;g0vGodiBWo6MGfWhErQOB;;7;HIGHER_EDU
3598;4984;g0vGodiBWo6MGfWhErQOB;;158;HIGHER_EDU
6725;4985;hdZ-XSY7AcoKkNxCbtlyH;;7;NA
6725;4986;jb4-E_oulNYoTMceczSvo;;7;NA
6726;4987;w3UYXvStyrVGlqv5wT5vo;;7;NA
6728;4988;hbvj656rXfMu6DCLk3hy5;;7;HIGHER_EDU
6730;4989;Lx3XKlkyfAVi8BM_dUlFc;;7;HIGHER_EDU
6733;4990;RT5a-KqmdJq8A0kq_hR23;;2;NA
4808;4991;oZxbW6364Dkos7CAN_gwk;;7;NA
4808;4991;oZxbW6364Dkos7CAN_gwk;;2;NA
6735;4992;RJI5uyQKG0-ApENYSO4Cu;;7;HIGHER_EDU
6737;4993;j4MpgcpjOnPtAFkYog92d;;7;HIGHER_EDU
6737;4993;j4MpgcpjOnPtAFkYog92d;;106;HIGHER_EDU
6737;4993;j4MpgcpjOnPtAFkYog92d;;6;HIGHER_EDU
6737;4993;j4MpgcpjOnPtAFkYog92d;;7;HIGHER_EDU
6737;4993;j4MpgcpjOnPtAFkYog92d;;106;HIGHER_EDU
6737;4993;j4MpgcpjOnPtAFkYog92d;;6;HIGHER_EDU
6739;4994;RHOFMt0einA8cel6keanv;;7;HIGHER_EDU
6742;4996;r0qkqdW39kQLp6Ifb1-Zr;;7;NA
6744;4997;ipClLLFwCjmmzgH4UOQTZ;;7;NA
6746;4998;ZcwU0W_oX7ryxntsBvOTw;;7;HIGHER_EDU
6747;4999;Xoe8lFn2LtxmFlV53fySP;;7;NA
6749;5000;YTI8OVVbYjAIp92cl0HRC;;7;NA
6750;5001;FvVEY8dMusrU4cDY_BPab;;7;HIGHER_EDU
6752;5002;Nd_DbMvFTlkbE5rtr3yq5;;7;NA
6752;5002;Nd_DbMvFTlkbE5rtr3yq5;;2;NA
6757;5003;CeTzWD933tU7PPTJ-mMiR;;7;NA
6757;5003;CeTzWD933tU7PPTJ-mMiR;;111;NA
6759;5004;L9K-BkRoEjioDzai1utvX;;7;NA
6762;5005;hnKEk-g35q14wuNKJTclk;;7;UNFINISHED_HIGHER_EDU
6764;5006;WEaJOB7LbH-XFlkD1wFrw;;7;NA
6765;5007;GrqtLXEvn5i2n8uOuCxec;;7;NA
6767;5008;tLpWh_3JcNSohePgOT5MN;;7;HIGHER_EDU
6768;5009;tMNcvvy3P47kn0HE68dWh;;7;NA
6770;5010;wFq2AjOwkr-0uO1hCQXXT;;7;NA
6770;5010;wFq2AjOwkr-0uO1hCQXXT;;3;NA
6772;5011;QoQHkedKOeLjWE8JPoT-T;;7;NA
6774;5012;afLNsivuU2gqS9MD1-O8i;;7;NA
6776;5013;tsSydsarcdr-RrmCRtxwX;;7;NA
6778;5014;ZzGyxIa0C5tgJzNTLPoOM;;3;NA
6779;5015;gYPoy3coEdODiFq64ZN5u;;7;NA
6781;5016;mGiYpz_K29Pe6SagV2t4W;;7;NA
6782;5017;NEjwsqu1l5HxDS4pmXZJo;;7;NA
6784;5018;eYZy-oxisJVrmvN-BX7wa;;7;NA
6787;5019;zl9iiOP5Eq1OQGP3Yn7qr;;7;NA
6787;5020;Snl0ij_Y7JSODIAwF94Ec;;7;NA
6788;5021;9ISfPiTxzsLWtVdy9AMxb;;7;NA
6791;5022;B7YElF53PjrT__Dkphqk1;;7;HIGHER_EDU
6792;5023;ddjIUlMixsYblH3Cwz2Qw;;7;HIGHER_EDU
6796;5024;NpUcpl8UyUGRp16L3oxkQ;;7;NA
6798;5025;d1KioibsQTulFSf7fq4x_;;7;UNFINISHED_HIGHER_EDU
6801;5026;yZDSRumJaIhWhDwzkbuFF;;7;NA
6803;5027;7H-y1b_6_iWm5dEpMMd-Y;;7;NA
6806;5028;ijhuEhoo4njOymq7UIx5O;;7;HIGHER_EDU
6807;5029;4baw32CVBpm-j-uXPzn1c;;7;NA
6808;5030;LhcyY52BH_Gj_9uljtXIo;;7;NA
6812;5031;3RjAlh1fVvbeg1aEkcqtX;;7;NA
6812;5031;3RjAlh1fVvbeg1aEkcqtX;;2;NA
6814;5032;2-yJW4XpViGSsGwbkx8vL;;7;UNFINISHED_HIGHER_EDU
6816;5033;CbeBviAiaYJrVyCQmuEG9;;7;HIGHER_EDU
6817;5034;yO9D2C2LBwfUjX7Qxkbnx;;7;NA
6817;5034;yO9D2C2LBwfUjX7Qxkbnx;;142;NA
6817;5034;yO9D2C2LBwfUjX7Qxkbnx;;2;NA
6818;5035;tCdIXxO0Rn8WRCTu7U1bi;;7;NA
6820;5036;WLLmFfcvUKFgyVKlAhFH_;;7;NA
6822;5037;as0O2St89uYbGtiKOmTtq;;7;NA
6823;5038;R7XHSBWfo3YL85lJ3UDyM;;7;NA
6824;5039;U1AX9-EJkOJj1iueZz7m9;;7;NA
6826;5040;i3exLgW-jVr8fH6Ce3wur;;7;NA
6826;5040;i3exLgW-jVr8fH6Ce3wur;;109;NA
6828;5041;03id7noVIdfHwicCurhVJ;;7;NA
6829;5042;lQRkKWHcUzl0uBNrG8Clv;;7;NA
6829;5042;lQRkKWHcUzl0uBNrG8Clv;;2;NA
6831;5043;N4bVwwYBG9h21MFdp-KKU;;7;NA
6831;5043;N4bVwwYBG9h21MFdp-KKU;;6;NA
6831;5043;N4bVwwYBG9h21MFdp-KKU;;142;NA
6833;5044;3xZU13gkLePh8x_h04kJl;;7;HIGHER_EDU
6837;5045;XuHbNNX8ZTXSLCoFThjAn;;7;NA
6840;5047;sy-k0_6U3GTElX4Pisryy;;7;SECONDARY
6841;5048;V9bsiBGJbC5F7Ff6pBUYy;;7;NA
6844;5049;CjVuYd2bALJD6DK1IKsF1;;7;TECHNICAL
6845;5050;YKMFdV5CvAlMSt85dKItZ;;7;NA
6846;5051;IHGcJ5jLZILzGyOB0lBW7;;7;NA
6848;5052;pch4Zg0GVXP_oDPQnVcLj;;7;NA
6850;5053;9KHwLsBETr2sA5oklbzFH;;7;HIGHER_EDU
6852;5054;bGgoZf_X4C3AWafIWRGNG;;7;SECONDARY
6854;5055;pNYfIGIBdwyA1bBqBRxNy;;7;NA
6856;5056;BkHCdd2Jqrgh5zQ_pul8Y;;7;HIGHER_EDU
6856;5056;BkHCdd2Jqrgh5zQ_pul8Y;;2;HIGHER_EDU
6858;5057;ED3HSG61wzwgU69jq2f1h;;7;HIGHER_EDU
6859;5058;enehkaf0_FlkUWskAFz0a;;7;NA
6860;5059;HM0vKxThYNHZ54pN_hauQ;;7;NA
6864;5060;3GyI2s378bAo_Wu5D7qMA;;7;HIGHER_EDU
6865;5061;plLV4L0FBeY4h5HGcbPZb;;7;PRIMARY
6867;5062;e62ChuNyIwwXabeMdrF19;;7;NA
6869;5063;EMLlNJQ9w0h4DdQ90XNrs;;7;NA
6870;5064;fvfXLkvcGwjZLFotFTpf7;;7;PRIMARY
6872;5065;r_oJjLA8uZBTlhje62Z-9;;7;PRIMARY
6872;5065;r_oJjLA8uZBTlhje62Z-9;;3;PRIMARY
6872;5065;r_oJjLA8uZBTlhje62Z-9;;125;PRIMARY
6875;5067;phi9L6iDwG0nPQ8XQ-80e;;7;NA
6877;5068;jE5G14ib-6kEb9HkZ30KK;;7;NA
6878;5069;nrZFADJzGKh1RxxXRB5ry;;7;NA
6879;5070;EsHxVeDe5l089vCVWs_h_;;7;NA
6880;5071;MxGN2Ekdiy4XzZX7BmsVz;;7;NA
6882;5072;flHuH4t13m7Kt19KsnWE0;;7;HIGHER_EDU
6884;5073;QHOWtdAzN_4Wqz7w5om9d;;7;NA
6885;5074;ZAj20EZA3nZ3eYomHzbx3;;7;NA
6885;5075;dnmR5xlPw9b5e52Ad6pUX;;7;NA
6885;5075;dnmR5xlPw9b5e52Ad6pUX;;6;NA
6887;5076;ru2RbPvr2TmL33GBY2Nv3;;7;NA
6857;5077;W5Cxsc3sQC0yqRRsm6FbV;;7;SECONDARY
6888;5078;DKiJQ3Ln7591IoIyz2fIP;;7;HIGHER_EDU
6891;5080;u8RDj8LFmA7mvmWzBkSus;;7;NA
6895;5082;LA-gN2fEucRZXAvTi50xB;;7;NA
6895;5082;LA-gN2fEucRZXAvTi50xB;;125;NA
6895;5082;LA-gN2fEucRZXAvTi50xB;;8;NA
6897;5083;AQ0lzn30Sx3bkjoV1Tbsj;;7;NA
6898;5084;XXFzH5FAkY8xw7svtaMAz;;7;NA
6899;5085;l91eVJHFNoYiuU4hB0pO7;;7;NA
6901;5086;pYwWCZxKJov3KyNdmbr_l;;7;HIGHER_EDU
6903;5087;iP-TkAaPk7zWkzx2ymcDv;;7;SECONDARY
6905;5088;0v-oZ8oBPIbMJySFpllP_;;7;NA
6907;5089;J0r9uibhjUMUvKfR2Mcx8;;7;NA
6909;5090;kpTticZyJ5Qg3CfWE3Cma;;7;HIGHER_EDU
6910;5091;rKMvY3fK6ITROZ4sldEaN;;7;SECONDARY
6912;5092;XYRU3Tu4Zx_oSyUpGQqbb;;7;NA
6914;5093;MIWYFOq1tAINvvLli-1OY;;7;NA
6914;5093;MIWYFOq1tAINvvLli-1OY;;116;NA
6914;5093;MIWYFOq1tAINvvLli-1OY;;6;NA
6916;5094;27MqHvA_t6y9rt43HRHDl;;7;NA
6918;5095;tJsCAcFdlGxG9jf_nVBU5;;7;NA
6918;5095;tJsCAcFdlGxG9jf_nVBU5;;110;NA
6918;5095;tJsCAcFdlGxG9jf_nVBU5;;3;NA
6920;5096;oaqmFEuxpOWP9bGQZh--D;;7;NA
6922;5097;G3gDTih3DJFszkAYnNDZ7;;7;HIGHER_EDU
6924;5098;JXb9yWgVkiTFmkz2gPzvX;;7;NA
6925;5099;odEuGoxVW60_WNJpZjsOR;;7;PHD
6928;5100;#NAZWA?;;7;SECONDARY
6930;5101;YcE7PDaInQObNO-acOhzl;;7;NA
6932;5102;WVWd0kPMot3Ij7uopDmZY;;7;NA
6932;5103;iOOcKIUhsHT7nVbhWOEWC;;7;NA
6933;5104;vWG0fFS6vWOjcyFgAGI_T;;7;HIGHER_EDU
6935;5105;LQt67o7HTcPsinoONwCQJ;;7;NA
6937;5106;1k8kpemiudwZrP4mtL-Ff;;7;NA
6938;5107;KYzVw-GCXBcZIYBzkCuPF;;7;HIGHER_EDU
6941;5108;W1CXUENZ5S073fk_hcOg-;;7;NA
6943;5109;vy2V4pyUh3Mx526iiz_sO;;7;NA
6943;5109;vy2V4pyUh3Mx526iiz_sO;;107;NA
5690;5110;oLnWZolNF_Nj3fXDgJI6N;;7;HIGHER_EDU
5690;5110;oLnWZolNF_Nj3fXDgJI6N;;171;HIGHER_EDU
5690;5110;oLnWZolNF_Nj3fXDgJI6N;;8;HIGHER_EDU
6946;5111;1eG8P1x_pVlSUUGOaxG5b;;7;NA
6948;5112;0xZ8jB6kHQuA_ckZcCsig;;7;NA
6948;5112;0xZ8jB6kHQuA_ckZcCsig;;2;NA
6953;5113;lvDpmDjWM-H2Hk_csfwVA;;7;HIGHER_EDU
6955;5114;rr0ApBei6Kv1lo4-axSjH;;7;HIGHER_EDU
6962;5116;OdEuh9wNdV9bsZXdUWuTR;;110;NA
6962;5116;OdEuh9wNdV9bsZXdUWuTR;;7;NA
6962;5116;OdEuh9wNdV9bsZXdUWuTR;;2;NA
6964;5117;j-gIOnFEvp0JFfjygz0oj;;7;SECONDARY
6964;5117;j-gIOnFEvp0JFfjygz0oj;;3;SECONDARY
6965;5118;XGR6BGO1N77OnaN9Wn4Ki;;7;PHD
6967;5119;TlzF53Z0SsMoanicxOHSJ;;7;NA
6969;5120;IEO9JmFZzNw2anufk62Yk;;7;NA
6971;5121;76EuUhSFBSi7dvC4Jm8hg;;7;NA
6973;5122;aGR59NTqZ1gDgkyRHZFG7;;7;NA
6975;5123;B9EjkfyefWBAvzo9-beTf;;7;NA
6978;5124;uYqpUsNWDFxZxQ114jSqq;;7;HIGHER_EDU
6980;5125;QLhV57AmdHgnIMrAymwvp;;7;NA
6982;5126;YEHERcjYWA7exMoRrwCsG;;7;NA
6987;5127;CcWF5E1okbKKL-SEKS1PC;;7;NA
6989;5128;Flc2ykJyGFBmO2XeVaEjg;;7;NA
6991;5129;3gQIn3rIYxokUiFoNEgdI;;7;NA
6993;5131;uZbK-52QPHu-jEcCeFaVF;;7;NA
6995;5132;pxgCBjpubursyRBc6LahI;;7;NA
6997;5133;nNPFCJdiKigA4T2olMvmA;;7;NA
6999;5135;CVv7frCr8teaTNiFiZ2pu;;7;HIGHER_EDU
7001;5136;ooq-O09Lcu_A_BPN8Jex0;;7;NA
7002;5137;S5iOUUevluzja5ZLya0ix;;7;NA
7004;5138;wZD-HghTnG3_OMzbXSKUg;;7;NA
7008;5140;KwK1ggyl2EeIycZO7EExi;;7;HIGHER_EDU
7012;5141;fc8pe5miBnMVyY7wrIFhv;;7;NA
7012;5141;fc8pe5miBnMVyY7wrIFhv;;113;NA
7012;5141;fc8pe5miBnMVyY7wrIFhv;;3;NA
7014;5142;zhkbMZdJ1aPGo1heesuN0;;7;HIGHER_EDU
7014;5142;zhkbMZdJ1aPGo1heesuN0;;2;HIGHER_EDU
7015;5143;Q87da78k_BGmB1WS1bajl;;7;NA
7015;5143;Q87da78k_BGmB1WS1bajl;;2;NA
7016;5144;FwPVels7ouQkmzLIk0TrR;;7;NA
7016;5144;FwPVels7ouQkmzLIk0TrR;;2;NA
6520;5145;9OEq--1AbhORvrk1OpXwo;;7;NA
7019;5146;2iJoCDi0WUsVIQNLwIR2x;;7;HIGHER_EDU
7022;5147;jc3tXnFnpVSilWCmp5kPB;;7;HIGHER_EDU
7023;5148;bnhCO1rKxDmWAoMdpKEkq;;7;HIGHER_EDU
7023;5148;bnhCO1rKxDmWAoMdpKEkq;;2;HIGHER_EDU
7024;5149;URR_Q1kyAixjhBdsJAC3T;;7;SECONDARY
7024;5149;URR_Q1kyAixjhBdsJAC3T;;140;SECONDARY
7024;5149;URR_Q1kyAixjhBdsJAC3T;;6;SECONDARY
7026;5150;VgWqbbKwEN2Q80TJw7-pi;;7;NA
7021;5151;WpK8rWnp-9dbXrouaRZ01;;7;NA
7029;5152;Dmg78FILylUUUNyxxE_AC;;7;NA
7031;5153;mt2xdH00itTJ4-9yo_Ym2;;7;NA
7033;5154;P2WSJNAXnioO7umNXhCEn;;120;HIGHER_EDU
7033;5154;P2WSJNAXnioO7umNXhCEn;;7;HIGHER_EDU
7033;5154;P2WSJNAXnioO7umNXhCEn;;3;HIGHER_EDU
7037;5155;LKTRI9aoPjMK0hTLO0VZP;;7;NA
7035;5156;Vr-RSgGmyXqVsST2vPIqQ;;7;NA
7039;5157;WAg-Rd2-Nk7kKC11sjFzw;;7;NA
7040;5158;#NAZWA?;;7;NA
7041;5159;nuqC3lioQMDXEXGFWpSzz;;7;NA
7042;5160;cEagWp6w5fpfCheXJKElG;;7;HIGHER_EDU
7043;5161;azTlHKfbJS7orLLQUomQk;;7;NA
7043;5161;azTlHKfbJS7orLLQUomQk;;122;NA
7043;5161;azTlHKfbJS7orLLQUomQk;;2;NA
7044;5162;9SgNi7o2SsPJcqCrP6jdk;;7;HIGHER_EDU
7045;5163;n0oQ7ccMLPHuZ1uRsOLIn;;7;NA
7047;5164;tRV4Q8Qvb2_p_8zRBaLTk;;7;NA
7047;5164;tRV4Q8Qvb2_p_8zRBaLTk;;144;NA
7049;5165;BlXHL4HC9YDQ67bcg7rOV;;7;NA
7051;5166;J5-kNnadvgvN2QnEZMaGx;;7;NA
7052;5167;a-D5AlM8kGRmABttUinlE;;7;HIGHER_EDU
7054;5168;u4spx0VXGNq-jvolJtFgM;;7;NA
7056;5169;pAwUYmAxzxLzGJB6F7_uI;;7;NA
7056;5170;6U8MLOlYoDSx-nnPzP4hK;;7;NA
6732;5171;dP4pgo4S_vumHfu_wK1Gg;;7;HIGHER_EDU
7057;5172;cOYxHYf9i-VIw8QnHJlQH;;3;NA
7062;5174;N4uE7ZCyXe4_bapO9RuXc;;7;NA
7065;5175;yasKkThx5kMm2ydpn2M3m;;7;UNFINISHED_HIGHER_EDU
7066;5176;jPpdMCt3ZR64pf2HLRpzh;;131;NA
7066;5176;jPpdMCt3ZR64pf2HLRpzh;;4;NA
2499;5177;OFOnj9UXoZ0G8erw9ea5b;;7;NA
7068;5178;91BXFQ5fUjTj4XrhXHWlm;;7;NA
7068;5178;91BXFQ5fUjTj4XrhXHWlm;;2;NA
7071;5179;z-DRlsxF0vjwga7KzoeVj;;7;HIGHER_EDU
7072;5180;CBBeJfsxsAGvaxdJ_qDgk;;7;NA
7074;5181;m0W8D4vhbi7EiTMUxgaZP;;7;NA
6278;5182;FUS6_yQKgLP7CxaVNj6d8;;7;NA
7077;5183;9vWw0Tw6Y44JOMnenAyei;;7;NA
7079;5184;Lmts3Mc_AHX2TvwmCqhWd;;7;NA
7081;5185;SK_2-rHG2XOxqhTO5vcXN;;7;NA
7083;5187;6CxooOTS5MqeEFq_PcJcI;;7;NA
7083;5188;mtw-ug37VPxVSw3X4uqp7;;7;NA
7084;5189;6S72o_ZAR2tb9Dv1XpYZM;;7;NA
7084;5189;6S72o_ZAR2tb9Dv1XpYZM;;2;NA
6760;5190;5Z90n0_qcWt-aJ4mTI2r7;;7;NA
6760;5190;5Z90n0_qcWt-aJ4mTI2r7;;2;NA
7088;5191;ZFoSomlbpFJuaCjRS3eEh;;7;HIGHER_EDU
7091;5192;jPjXsfLImEf8ZiymMcFC8;;7;NA
7097;5193;v8rsEsq1eZk_fsnz4PY6f;;7;NA
7099;5194;pkBnGuHlmqr7iaKh-Zi7O;;7;HIGHER_EDU
7100;5195;R_pXEwGqssRNX2v2Kp1Mk;;7;NA
384;5196;PHn_HjmcdzmupCvT2mUyP;;7;NA
7102;5197;LWnO-c1t2FNP03Kb1r0Be;;7;NA
7103;5198;0Oq3jS783x9JRdvH3gPXw;;7;HIGHER_EDU
7103;5198;0Oq3jS783x9JRdvH3gPXw;;6;HIGHER_EDU
6720;5199;W0weA1AJOo85J9fC5HjSn;;7;NA
6720;5200;WpjgLwFLZsLsAyUgGTlIR;;7;NA
7105;5201;PtKoFfwTFJJDFVxhmqRQZ;;7;NA
7106;5202;TdI_AjoufiqAI09Bz3ZyU;;127;NA
7106;5202;TdI_AjoufiqAI09Bz3ZyU;;3;NA
7110;5203;thtpj5-8MNp3QibAbc6Fg;;7;NA
7110;5203;thtpj5-8MNp3QibAbc6Fg;;2;NA
7113;5204;WquoM_DXV-3_LMNNZ072V;;7;NA
7114;5205;rhteRHbEoQrnq-bei4DbA;;7;NA
7117;5206;BbSZR7dvUuXaiaz0xot3e;;7;NA
7118;5207;GW8jqAyzIDBNZuLhIn9YV;;7;HIGHER_EDU
7122;5208;IXkBVQdshPSRPFah9aRzg;;7;UNFINISHED_HIGHER_EDU
7123;5209;yZRAc8Mtr-D84S-f0vJFR;;7;SECONDARY
7123;5210;M7o_IualZ_i12EcTtKCGL;;7;NA
6626;5211;PaVh0VS1g8IuzsPxf5tF4;;110;NA
6626;5211;PaVh0VS1g8IuzsPxf5tF4;;7;NA
6626;5211;PaVh0VS1g8IuzsPxf5tF4;;6;NA
7126;5212;blMubJCF-pRQZIPzWXTF-;;7;NA
7127;5213;ChNC9h_hABWVBgHT7UKCb;;129;NA
7128;5214;kuqPQfM1hC8IrnbZo7gGK;;7;NA
7128;5214;kuqPQfM1hC8IrnbZo7gGK;;3;NA
7129;5215;hy8-3Dwq4rnPEopm6P_AK;;7;NA
7129;5215;hy8-3Dwq4rnPEopm6P_AK;;2;NA
7131;5216;Ad8hrsOXkAwkr7efLBBgC;;7;NA
7131;5216;Ad8hrsOXkAwkr7efLBBgC;;2;NA
7133;5217;CkjazoQ75tvi0aXJk39iB;;7;NA
7133;5217;CkjazoQ75tvi0aXJk39iB;;3;NA
7135;5218;2j12qQ-NN02-_SNRshZFj;;7;UNFINISHED_HIGHER_EDU
7135;5218;2j12qQ-NN02-_SNRshZFj;;129;UNFINISHED_HIGHER_EDU
7137;5219;d9kL7-n4Dy64kMQC3LNdp;;7;NA
7137;5219;d9kL7-n4Dy64kMQC3LNdp;;114;NA
7139;5220;TTIO_3YzYf3klgBnNCk4b;;111;HIGHER_EDU
7139;5220;TTIO_3YzYf3klgBnNCk4b;;7;HIGHER_EDU
7140;5221;SX4ZbN555sZKNK4VNUrcl;;7;NA
7140;5221;SX4ZbN555sZKNK4VNUrcl;;2;NA
7142;5222;ICUCsupaejUs9LhsGF6FN;;7;NA
7148;5223;6-BoZ6B5C6Q0A3AbEgEjA;;7;NA
7148;5223;6-BoZ6B5C6Q0A3AbEgEjA;;2;NA
7149;5224;HAW3YsrdtE6uJZ2YQllWt;;7;NA
7149;5224;HAW3YsrdtE6uJZ2YQllWt;;129;NA
7151;5225;SNNUhQipjb9HnUUUsmpM8;;116;HIGHER_EDU
7151;5225;SNNUhQipjb9HnUUUsmpM8;;7;HIGHER_EDU
7151;5225;SNNUhQipjb9HnUUUsmpM8;;2;HIGHER_EDU
7153;5226;dREcyodTMaW4F4Fa55zRl;;7;NA
7153;5226;dREcyodTMaW4F4Fa55zRl;;110;NA
7153;5226;dREcyodTMaW4F4Fa55zRl;;6;NA
7153;5226;dREcyodTMaW4F4Fa55zRl;;136;NA
7154;5227;A9zciPsD7x2GOeivyNLvJ;;7;SECONDARY
7157;5228;URtgjnOJeVvC18y72W6gh;;7;NA
7157;5228;URtgjnOJeVvC18y72W6gh;;2;NA
7159;5229;dBFa73z4l3bvAPPlqcSqV;;7;NA
7159;5229;dBFa73z4l3bvAPPlqcSqV;;108;NA
7161;5230;gMupFx214dIMdD3Q--tTk;;2;HIGHER_EDU
7161;5230;gMupFx214dIMdD3Q--tTk;;7;HIGHER_EDU
7162;5231;B9hZy7HUwPMcz3-FqNPaF;;7;NA
7162;5231;B9hZy7HUwPMcz3-FqNPaF;;2;NA
7162;5231;B9hZy7HUwPMcz3-FqNPaF;;8;NA
7164;5232;Gp0wGB6eGykPVPeEKrCJS;;112;NA
7164;5232;Gp0wGB6eGykPVPeEKrCJS;;7;NA
7165;5233;PSJB3tT80kkx21tuQtTmh;;7;NA
7167;5234;BI5g0TAd-7L3jS0VhVr6l;;7;NA
7169;5235;hzS7xTnlkfy-_LyFjU52a;;7;HIGHER_EDU
7170;5236;NK0fcx3xtl46eNOx_VlLl;;7;NA
7170;5236;NK0fcx3xtl46eNOx_VlLl;;105;NA
7170;5236;NK0fcx3xtl46eNOx_VlLl;;3;NA
7172;5237;9qmoM6SlDRLJTN0SK6Jjs;;7;NA
7173;5238;aknrwa7sp7t7mP-NCLS2i;;7;NA
7173;5238;aknrwa7sp7t7mP-NCLS2i;;111;NA
7173;5238;aknrwa7sp7t7mP-NCLS2i;;2;NA
7174;5239;jeK69XrBz9YqlPtCMTg20;;7;NA
7176;5240;ciMjExASWe7XGyEmFpBkk;;7;HIGHER_EDU
7176;5240;ciMjExASWe7XGyEmFpBkk;;8;HIGHER_EDU
7178;5241;q49WohbsGZUKn0K98gLqj;;7;NA
7178;5241;q49WohbsGZUKn0K98gLqj;;6;NA
7178;5241;q49WohbsGZUKn0K98gLqj;;105;NA
7181;5242;yoaje8MqvGAfjEI1OvAyc;;7;HIGHER_EDU
7181;5242;yoaje8MqvGAfjEI1OvAyc;;109;HIGHER_EDU
7181;5242;yoaje8MqvGAfjEI1OvAyc;;110;HIGHER_EDU
7184;5243;kvpddGgzMcjObqWS4V91c;;7;HIGHER_EDU
7184;5243;kvpddGgzMcjObqWS4V91c;;144;HIGHER_EDU
7184;5243;kvpddGgzMcjObqWS4V91c;;110;HIGHER_EDU
7186;5244;f31KDaHT-DJ9xxDWps1OB;;7;HIGHER_EDU
7186;5244;f31KDaHT-DJ9xxDWps1OB;;195;HIGHER_EDU
7188;5245;4mB6sLfgCzHV8FOENgbO4;;7;NA
7188;5245;4mB6sLfgCzHV8FOENgbO4;;2;NA
7190;5246;U9Z5MFjwwiYza5Qhh46Cv;;7;NA
7190;5246;U9Z5MFjwwiYza5Qhh46Cv;;2;NA
7192;5247;GPm0BSZh_EPHGRa62ByRp;;7;NA
7194;5248;BWsaGc7Osn7LflRhmFXdC;;7;NA
7196;5249;#NAZWA?;;7;NA
7200;5250;mq2zu66HuVhuSqcT0t12J;;7;NA
7198;5251;xJZxjV5fjcN-5nPWGWDO7;;7;HIGHER_EDU
7202;5252;BQz633swm3S3wqhuMnHdk;;7;SECONDARY
7202;5252;BQz633swm3S3wqhuMnHdk;;2;SECONDARY
7204;5253;XrFc75AN9tbJbn_3o2fGf;;7;NA
7206;5254;7VxexjBzqs32Ebte1hLRN;;7;NA
7207;5255;Cs9k05oLxaRQv3q8sVXpa;;7;NA
7209;5256;o6MeAlSdfnrUcwCkMFkDN;;7;HIGHER_EDU
7212;5257;qc4I2sCmKZvzpT_vP6KS7;;7;NA
7212;5257;qc4I2sCmKZvzpT_vP6KS7;;2;NA
7213;5258;3ANCMJORJkKvzSZVjasHa;;7;HIGHER_EDU
7214;5259;C4uIjKI10T4VkHvWtLY8z;;7;NA
7214;5259;C4uIjKI10T4VkHvWtLY8z;;2;NA
7216;5260;jFFCTkgFSGuN8BQMmdQMI;;7;NA
7219;5261;hnMCbETxifH03uF_YYuGF;;7;NA
7220;5262;hSd95oBdJDls-ni47GsxU;;7;NA
4420;5263;6jPh_T2_chiM9dHSRuQiI;;7;NA
7222;5264;lrBXpE752-3FGpzP5vW3s;;7;HIGHER_EDU
7224;5265;6VSgoCklynEy1zmYB36pB;;7;HIGHER_EDU
7225;5266;8Y3tIsLlurkjDz7K4L0iE;;7;NA
7227;5267;b70SpgI5EJv40R0LOfLgu;;7;NA
7228;5268;y8G4ReOyHJXJ46_wtQBEQ;;7;NA
7228;5268;y8G4ReOyHJXJ46_wtQBEQ;;2;NA
7230;5269;4RXfwMpknLd97P3jdkOQJ;;7;NA
7232;5270;T6UmP2Aj_nCsOcGElgHtD;;7;NA
7235;5271;0warlIvJbnBPqM1pLXUxx;;7;HIGHER_EDU
7237;5272;drDZDjBGdBeDvN0NYsugi;;7;HIGHER_EDU
7241;5273;SOiL8OEzh5x708i4_WBCN;;7;HIGHER_EDU
7243;5274;5QzOZcsavMUztqlCcJFq6;;7;NA
7243;5275;T63p8t9DwMtyRWAQI-b1m;;7;NA
2731;5276;lS6Y25pPYs_UbhKJAZifw;;193;NA
2731;5276;lS6Y25pPYs_UbhKJAZifw;;7;NA
2731;5276;lS6Y25pPYs_UbhKJAZifw;;111;NA
2731;5276;lS6Y25pPYs_UbhKJAZifw;;6;NA
7247;5277;cHCsVj0s21QaSh7zWVARC;;7;UNFINISHED_HIGHER_EDU
7249;5278;57aV07DEnRWbwjLlJUZd0;;7;NA
7250;5279;AWM3JBzWwT-W39PPs4iJ_;;7;NA
7251;5280;g5-LJKac90MnLl5Jgbn_h;;7;PHD
7252;5281;cGtVkyu7fTG3XRhos18Ld;;7;HIGHER_EDU
7253;5282;vfgkuRvCqDr-ZVYBJeOQR;;7;NA
7255;5283;bohPj_-UphPvQS6Q2GVK7;;7;NA
7256;5284;bXdZjYblAL9QcNJeF50AE;;7;NA
7259;5285;or4LXGCsNF70nFutTnEcO;;7;HIGHER_EDU
7260;5286;1k77wlQ24latRCETqeZhz;;7;SECONDARY
7263;5287;NJa2BIXDEawJRZP2mMcjq;;7;NA
7265;5288;eV8uOlakyWaHvafYamIjo;;7;NA
7265;5288;eV8uOlakyWaHvafYamIjo;;8;NA
7268;5289;J_TBbMKfjOJZoOPJLJep4;;7;NA
7266;5290;4GBP_tOtt2b-mK9AcxE9m;;7;HIGHER_EDU
7270;5291;Hg0LcevZwJ95wQef9gktM;;7;NA
7271;5292;YJrAbKJx0anXgVnPEv4yb;;7;HIGHER_EDU
7271;5292;YJrAbKJx0anXgVnPEv4yb;;110;HIGHER_EDU
7273;5293;1bCnxQ4EoIF98zaNBLl_c;;7;HIGHER_EDU
7274;5294;nyupJSrD8hoVmoJTm8_pT;;7;PHD
7275;5295;yhIth7vMyq9Hw18nMRcBH;;7;NA
7276;5296;mneFVX3zmOTcwZHqsT_Su;;2;NA
7276;5296;mneFVX3zmOTcwZHqsT_Su;;7;NA
7278;5297;bIkCEAWnqYfMC6cM7vVbe;;7;NA
7278;5297;bIkCEAWnqYfMC6cM7vVbe;;2;NA
7279;5298;qgo98UtRxW3tW0deNaK9w;;7;HIGHER_EDU
7280;5299;qtp9x1GcVQPnRgqfGRcW2;;8;NA
7282;5300;VythqA6OLMResOSHhki2N;;108;NA
7282;5300;VythqA6OLMResOSHhki2N;;6;NA
7283;5301;qWKSrz6sBT6TFRT89sHld;;7;NA
7287;5302;Jo5WU0Wlj8Kgh5UMiu05n;;7;NA
7287;5302;Jo5WU0Wlj8Kgh5UMiu05n;;2;NA
2541;5303;5MYwjxouhlaGxfKQQQ7XH;;7;NA
2541;5303;5MYwjxouhlaGxfKQQQ7XH;;129;NA
7288;5304;6GQ6254lqy2fHit1xktAU;;2;NA
7288;5304;6GQ6254lqy2fHit1xktAU;;123;NA
502;5305;lj64QIZ4ZZAlkTAyvjyHn;;7;NA
502;5305;lj64QIZ4ZZAlkTAyvjyHn;;106;NA
502;5305;lj64QIZ4ZZAlkTAyvjyHn;;6;NA
7293;5307;gK6fo-eacZ6CL3Q9Xb9oj;;7;HIGHER_EDU
7297;5308;X1mjSM_OmSyk-XrI1Xt-Q;;7;NA
7298;5309;4IVwM1ERKD0VjwYMUF6La;;7;NA
7301;5310;oqgHWomhpnLsF56K6gmHJ;;7;HIGHER_EDU
7301;5310;oqgHWomhpnLsF56K6gmHJ;;6;HIGHER_EDU
7301;5310;oqgHWomhpnLsF56K6gmHJ;;199;HIGHER_EDU
7303;5311;2EiH5l18pW39cTlRlhhZE;;7;NA
7304;5312;jhfhVq4rd1oJ1fjFQvon6;;2;NA
7304;5312;jhfhVq4rd1oJ1fjFQvon6;;111;NA
7306;5313;AXYPCtZug8LDnRWogk8gY;;7;HIGHER_EDU
7308;5314;YScHVE3cxjdcgMV7VZIQR;;7;HIGHER_EDU
7309;5315;aci0M2F1-BD7F0uVT0lip;;7;NA
7310;5316;PwV2GE4sQ5nRNgZV6uhks;;7;HIGHER_EDU
7312;5317;ieq0kubb1zAwBNz8hDe3E;;7;HIGHER_EDU
7314;5318;FXklf3Bhtz1UZF6PcF2rX;;3;NA
7314;5318;FXklf3Bhtz1UZF6PcF2rX;;7;NA
7319;5319;5vMu50i_MQ6uRYZGjlEKM;;7;HIGHER_EDU
7321;5320;zopgzj1ovXlEt5eVAdtYA;;7;NA
7322;5321;qFjKFmOAD10yTWf0c4qya;;7;PHD
7324;5322;T1d87lCmshixKGWOId73r;;7;NA
7326;5324;ZWvo6Dgm79kgD3XhG3XeN;;7;NA
7326;5324;ZWvo6Dgm79kgD3XhG3XeN;;108;NA
7326;5324;ZWvo6Dgm79kgD3XhG3XeN;;8;NA
7326;5324;ZWvo6Dgm79kgD3XhG3XeN;;3;NA
7327;5325;hD6gVw1M3p_xJ24FGKXqE;;110;NA
7327;5325;hD6gVw1M3p_xJ24FGKXqE;;7;NA
7329;5326;V22s_zjG-7rqBng8ORqTE;;7;NA
7330;5327;6u60ADHN_a3mFvLhOVSvj;;7;HIGHER_EDU
7331;5328;jxLd05xig7H42R-6Tk9VI;;7;NA
7333;5329;biIz8QrPIKTbSaE4K_TqR;;7;UNFINISHED_HIGHER_EDU
7335;5330;4a0dWZULfPmVyQN3CN1op;;7;NA
7335;5330;4a0dWZULfPmVyQN3CN1op;;2;NA
7331;5331;xv6NjS_sZcJZkcecBLCaf;;7;NA
7337;5332;bAKjeDdfBDKnJfig6JE8G;;7;NA
7095;5333;8KBDY5kC0I7YYlBRv4Y5j;;7;NA
7095;5333;8KBDY5kC0I7YYlBRv4Y5j;;2;NA
7340;5334;K6X9tsjflO9Mm8yFAF0U7;;7;NA
7342;5335;CFM6fC0URC8xWTjJGnATp;;7;NA
7343;5336;GEUSF-0JI7aMX4NaS_E6v;;7;NA
7345;5337;Kaa8SNrOHbYtwJGag3MtD;;7;NA
7345;5337;Kaa8SNrOHbYtwJGag3MtD;;2;NA
7346;5338;DAgbh0ki-h9qlkUVvnpu3;;7;NA
7347;5339;3I0y9FX1fTKBRa7zQOAgG;;7;NA
7347;5340;yNBic59bftbmI4rr-8h81;;7;NA
7351;5341;jNfniY-tcjkzdp2TPthRP;;7;NA
7353;5342;Lmx0UB3t4wSXVwaIPwaUC;;7;UNFINISHED_HIGHER_EDU
7355;5343;O7JwUQ8duuoZ-HJKbjWco;;7;NA
7338;5344;w5LqVj2MF-wazeLLwMRc0;;7;NA
7358;5345;bhQnAJdcCs0rS-jTxihgT;;7;NA
7360;5346;TufptiElM0i88Ujdaxp-v;;7;NA
7362;5347;gDGqwz-TG2uCKQhs7ZJgz;;7;HIGHER_EDU
7362;5347;gDGqwz-TG2uCKQhs7ZJgz;;8;HIGHER_EDU
7364;5348;cbse_5nwe0AMc_h5cLPNB;;7;NA
7366;5350;RfC-0r7vLjw48tQ-ecyln;1;8;NA
7368;5351;F_FNPnEWwkGjP3HPdlVVg;1;7;NA
7368;5351;F_FNPnEWwkGjP3HPdlVVg;1;8;NA
7375;5352;DzOA91f8KvBEqShMQGJDt;1;8;NA
7375;5352;DzOA91f8KvBEqShMQGJDt;1;7;NA
7370;5353;cpY9He0CSfwvOoiB-Q3bh;;7;NA
7370;5353;cpY9He0CSfwvOoiB-Q3bh;;131;NA
7370;5353;cpY9He0CSfwvOoiB-Q3bh;;8;NA
7372;5354;DRphCUF5xCy_0Cw2XYTtg;;8;NA
7375;5355;Ut3-x3ox5Gf-WOTRMe45h;1;8;NA
7375;5355;Ut3-x3ox5Gf-WOTRMe45h;1;7;NA
7376;5356;QSV2sOYZzPgM-l2aGLX5K;1;8;NA
7376;5356;QSV2sOYZzPgM-l2aGLX5K;1;7;NA
7377;5357;h7FPJ3aGozbXK0LOu3wvu;1;8;NA
7377;5357;h7FPJ3aGozbXK0LOu3wvu;1;2;NA
7378;5358;e-dBoKnmYj-khY3MNH5qu;;7;NA
7378;5358;e-dBoKnmYj-khY3MNH5qu;;2;NA
7382;5359;dvk7ZRP0u5LMBt7yXI1aC;;7;UNFINISHED_HIGHER_EDU
7383;5360;ID6BgP6xHfZFnaa4ex2p3;1;127;NA
7383;5360;ID6BgP6xHfZFnaa4ex2p3;1;3;NA
7385;5361;mu9QX58oxNvgkY_wfAWOq;;7;SECONDARY
7385;5361;mu9QX58oxNvgkY_wfAWOq;;8;SECONDARY
7385;5361;mu9QX58oxNvgkY_wfAWOq;;2;SECONDARY
7388;5362;TEveUFasQoodw4mm_Lqey;1;7;NA
7388;5362;TEveUFasQoodw4mm_Lqey;1;2;NA
7388;5362;TEveUFasQoodw4mm_Lqey;1;109;NA
7389;5363;axUwfpx6NTEqW_-Oi6XhU;1;7;NA
7389;5363;axUwfpx6NTEqW_-Oi6XhU;1;2;NA
7390;5364;Ae_8iEcFrLZEzbhkgyx_R;1;7;NA
7390;5364;Ae_8iEcFrLZEzbhkgyx_R;1;8;NA
7391;5365;T7WmEEhZkffFQsWvWyXut;1;7;NA
7393;5366;QvSwtuhTXNo4KHCp7MRbB;;7;NA
7393;5366;QvSwtuhTXNo4KHCp7MRbB;;8;NA
7395;5367;RSKCj239_DmYFKvXA4DZU;1;7;NA
7395;5367;RSKCj239_DmYFKvXA4DZU;1;8;NA
7396;5368;pIXjyl9_3mMuXllMMWnrW;1;7;NA
7396;5368;pIXjyl9_3mMuXllMMWnrW;1;8;NA
7397;5369;KZRmMl4FA7TaMjKv-NZ0H;1;7;NA
7397;5369;KZRmMl4FA7TaMjKv-NZ0H;1;2;NA
7398;5370;Ukyv5o8Y38WWPRFLqXRGc;1;7;NA
7398;5370;Ukyv5o8Y38WWPRFLqXRGc;1;2;NA
7076;5371;b2VHo7IjhRoWl5sH4Q6Va;;7;HIGHER_EDU
7399;5372;jM20_8EkFDS13Vj1VOehe;1;7;NA
7399;5372;jM20_8EkFDS13Vj1VOehe;1;2;NA
7402;5373;6fMuKW8hxOcTTQat4ZuQt;;7;NA
7402;5373;6fMuKW8hxOcTTQat4ZuQt;;110;NA
7404;5374;GgqcJW5wi8LE1hOm_rL8Q;;7;HIGHER_EDU
7408;5375;XrLMvbQeeAWPDtol5b4Pu;;7;NA
7412;5376;D32Fcrfb_VgCYfpJCaZ3k;;7;NA
7412;5376;D32Fcrfb_VgCYfpJCaZ3k;;110;NA
7292;5377;g06I6n3F1snm8Tfic-Whw;;7;HIGHER_EDU
7292;5377;g06I6n3F1snm8Tfic-Whw;;2;HIGHER_EDU
7414;5378;r1A433DlCIg04LeoqSwEl;;7;NA
5048;5379;yyqAHv6iDp97q_5OTJt7B;;7;NA
7415;5380;MgLdTAQQdfRy7cCtewiXO;;7;HIGHER_EDU
7416;5381;0ijNgXirSQiKQ5ea1bwoU;;7;NA
7416;5381;0ijNgXirSQiKQ5ea1bwoU;;3;NA
7416;5382;Q674QNWgavPIWqjg7yG7i;;7;PHD
7416;5382;Q674QNWgavPIWqjg7yG7i;;3;PHD
7418;5383;L49B5jgZzjaInbzDjwXBF;;2;NA
7420;5384;6n2AavPH9gTadyjvVazTm;;7;SECONDARY
7421;5385;5I609bCEusrlv7P_t9i-i;;7;NA
7421;5385;5I609bCEusrlv7P_t9i-i;;8;NA
1999;5386;UXO2hfh2ALz4i5sES4F3r;;183;NA
1999;5386;UXO2hfh2ALz4i5sES4F3r;;3;NA
7425;5387;DmIKrvaLuDXa6T4UfDWmj;;7;NA
7426;5388;nQjDDYh0g8CGby4XY3MZW;;7;NA
7426;5388;nQjDDYh0g8CGby4XY3MZW;;2;NA
7428;5389;3ytC7_yZnxz80taTEZdfv;;7;NA
7428;5389;3ytC7_yZnxz80taTEZdfv;;3;NA
7430;5390;BRIJIBXiNBXOV9jiwoCeP;;114;HIGHER_EDU
7430;5390;BRIJIBXiNBXOV9jiwoCeP;;7;HIGHER_EDU
7430;5390;BRIJIBXiNBXOV9jiwoCeP;;2;HIGHER_EDU
7431;5391;V-T5-oYuxnxLIxsW0ba69;;7;NA
7433;5392;QC-3YHPRmGUSyH5OlHlP3;;3;NA
7435;5393;#NAZWA?;;7;NA
7435;5393;#NAZWA?;;2;NA
7436;5394;JqDdhakAn2CILqcQ0fstZ;;7;NA
7436;5394;JqDdhakAn2CILqcQ0fstZ;;3;NA
7437;5395;spruEidu8n-BX8DWT9_rw;;110;HIGHER_EDU
7437;5395;spruEidu8n-BX8DWT9_rw;;7;HIGHER_EDU
7438;5396;l8g63Yx7MRT2AAfQNuOYO;;7;NA
7440;5397;qakRhefEC_WAK76v-p86V;;7;NA
7441;5398;clr-oq4s_BR2KG_Q76-CR;;7;NA
7444;5399;5_7pqXwq6iuW2GsTh3PSP;;7;NA
7444;5399;5_7pqXwq6iuW2GsTh3PSP;;3;NA
7446;5400;brujmtV9r1_4rPH2AOkNo;;7;NA
7447;5401;gXAAR2HUgqNtICknV8YoR;;7;NA
7448;5402;DfXxyiMsxn50QjTNu9vOt;;7;NA
7450;5403;G2KcCyCnB518NNnyGQuCj;;7;NA
7451;5404;ugWwLVs6WoODEQNfLSmBa;;7;NA
7453;5405;BPMZjxY7_CLrn2wfAngKh;;7;NA
7455;5406;wSbJTaFx4QnA0bSA2cFmo;;7;NA
7457;5407;#NAZWA?;;7;HIGHER_EDU
7459;5408;KqjiENRVJBbd_tlFTYwJP;;7;NA
7460;5409;oSWhFbvzy9qOEA25axyCn;;7;NA
7462;5410;48E9qrMeC3VwYXThj1gN8;;7;HIGHER_EDU
7464;5411;nMcoC4GfFP0Tg4sJx44Tj;;7;NA
7466;5412;IVZaYSyFddrd0bmV1hR9m;;7;SECONDARY
7468;5413;ZPiZxDN9AtWfnbHZGgVgr;;7;NA
7470;5414;gi5lyJDQJGKuz6oCW8qBR;;7;HIGHER_EDU
7471;5415;zJ6fQxCAvueUioVWm36df;;7;NA
7473;5416;SAIQ5oSle2iL1w68zgnS1;;7;HIGHER_EDU
7473;5416;SAIQ5oSle2iL1w68zgnS1;;8;HIGHER_EDU
7473;5416;SAIQ5oSle2iL1w68zgnS1;;2;HIGHER_EDU
7475;5417;dlRYLdCXPy0w0tpJzyrI5;;7;NA
7476;5418;CW7RxdBeXwh1NWXTyJJYA;;7;UNFINISHED_HIGHER_EDU
7478;5419;cW2UHM0HoqssuMjVLQAZP;;7;NA
7479;5420;Tok79k4rs_QW90sTNK2ZW;;7;NA
7480;5421;jGvg8bPuqFPASw5xYS5e8;;7;HIGHER_EDU
7481;5422;4gcOT8mV57_wwoYESeNCx;;7;NA
7482;5423;Lu2yvXIffIomWiIUk_r5J;;7;HIGHER_EDU
7483;5424;QrXngZYGbTDZXlXd0atb3;;7;NA
7485;5425;ejhWXtNDfeoQ3qQNwbbyg;;7;NA
4109;5426;fwK9XszxptI-VSQK_qb7r;;7;SECONDARY
7486;5427;jYbpRIhWtrVHb2pQYMOK4;;7;NA
7488;5428;YfDe7QnVjZ4ywUWel0kwj;;7;HIGHER_EDU
7490;5429;g-CDLViLrvk2AKDoWgX7t;;7;HIGHER_EDU
7491;5430;F1Lhyh7NGrwru8YURqnUR;;7;NA
7491;5430;F1Lhyh7NGrwru8YURqnUR;;6;NA
7493;5431;F5gmTK8pRnFfmvHkZZhSW;;7;HIGHER_EDU
7494;5432;cJyXIrVH7y-b7_n-_5XoQ;;7;NA
7495;5433;qPe7Nf-gb6ABWyY2MizV8;;7;HIGHER_EDU
7497;5434;2M2eQw1T0AE_rsUAD9xin;;6;NA
7497;5434;2M2eQw1T0AE_rsUAD9xin;;2;NA
7499;5435;ey-uGqiPD-H3IBcGDcBRa;;7;NA
7500;5436;JiwmyjI8JKesfz6MFXZF_;;7;NA
7501;5437;ODNBE0QLZCUW0E1O1JTfa;;7;HIGHER_EDU
7503;5438;vBRwKl4-5HV7T4O7nc_Ty;;7;HIGHER_EDU
7505;5439;igO0z_xgvl4NSFM-UVm4Q;;7;NA
7507;5440;57wghWpBZinlp6uPrXEKc;;7;NA
7508;5441;NnFoV01ONF0cCH9M6UT1T;;7;UNFINISHED_HIGHER_EDU
7508;5441;NnFoV01ONF0cCH9M6UT1T;;8;UNFINISHED_HIGHER_EDU
7511;5442;5w_uTdBTAgiBhWooLOLFu;;105;HIGHER_EDU
7511;5442;5w_uTdBTAgiBhWooLOLFu;;7;HIGHER_EDU
7511;5442;5w_uTdBTAgiBhWooLOLFu;;185;HIGHER_EDU
7514;5444;l3cgmtJzt1kqc4JAnwX1m;;7;NA
7515;5445;KcExC6CQfgllAPKjd2sr_;;7;NA
7515;5445;KcExC6CQfgllAPKjd2sr_;;114;NA
7516;5446;Etbcn_8gXzpwaJnp-XwNg;;7;SECONDARY
7516;5446;Etbcn_8gXzpwaJnp-XwNg;;8;SECONDARY
7516;5446;Etbcn_8gXzpwaJnp-XwNg;;2;SECONDARY
7517;5447;MFPPh6wTjBJIysbYpAY4n;;7;NA
7285;5448;p-au40mc_xnzwAnKoESda;1;7;NA
7518;5449;M9iViA1BUHw-8ZLkXJ1hR;;3;NA
7520;5450;lY-g_RGEQdS1qwtfjyOQ1;;7;HIGHER_EDU
7522;5451;9oJN-rdbkMW3ekZM3mY1m;;7;NA
7524;5452;lrdj7kehQevcmImaIZulX;;7;HIGHER_EDU
7524;5452;lrdj7kehQevcmImaIZulX;;2;HIGHER_EDU
7525;5453;mS2AeGIMwh7FdO3lDsiQH;;7;HIGHER_EDU
7526;5454;A4CVJE8qCuYScCNc6qQXM;;7;NA
7526;5454;A4CVJE8qCuYScCNc6qQXM;;2;NA
6502;5455;M6Qu7XMfOlg0YTe5y--ob;;2;NA
6502;5455;M6Qu7XMfOlg0YTe5y--ob;;109;NA
6502;5455;M6Qu7XMfOlg0YTe5y--ob;;7;NA
7527;5456;Es22GdoaqV0BmNb9_LMFg;;7;NA
7528;5457;FNN7oXtBlRGGZi5qyFZQx;;7;NA
7530;5458;NYJSbIJttt_ueRpL-NrcZ;;7;NA
6180;5459;9kQwLXHaOILpc5ECZlOoX;;7;NA
6180;5459;9kQwLXHaOILpc5ECZlOoX;;2;NA
7531;5460;9mZorPwRKa3iSZ3IXBwCZ;;7;SECONDARY
7532;5461;-W8p0IksfrPFhJxjX4BM9;;127;NA
7536;5462;8QSmyqpnvy66CZ3eJ8-49;;7;NA
7538;5463;5yy1VqLcQEa9fyocSiZCY;1;2;NA
7539;5464;z2u_XoPMq34Wn6uRZLHFK;;7;HIGHER_EDU
7541;5465;L3izFtU5rrOO1a1rWhmH_;;7;NA
7543;5466;vSp7rBZ2yxFzboWvbi-l0;;7;SECONDARY
7544;5467;LIbWa1Uwb1OO8gQ-WhBGf;;7;NA
7546;5468;ZM76R8_Zkn5wQy_UPsEXy;;7;NA
7547;5469;i0CQ66DVOiTqnOqN28Fx5;;7;NA
7548;5470;jeM73xTr4lVCBZ2YtRoTV;;7;NA
7548;5470;jeM73xTr4lVCBZ2YtRoTV;;3;NA
7550;5471;Ncf4U3HZt37A2gnxGFj6o;1;7;NA
7550;5471;Ncf4U3HZt37A2gnxGFj6o;1;2;NA
7552;5472;#NAZWA?;;7;NA
7555;5474;UdNphexWPsFOms2r_L7qk;;7;HIGHER_EDU
7555;5474;UdNphexWPsFOms2r_L7qk;;114;HIGHER_EDU
7556;5475;nx7Z6FoHeEOg5vaO4iv3m;;7;NA
7556;5475;nx7Z6FoHeEOg5vaO4iv3m;;8;NA
7557;5476;hXzid4XBjvNN-YOCYNI_9;;3;NA
331;5477;QtVKcQoStFygaRORs9Lqb;;7;NA
331;5477;QtVKcQoStFygaRORs9Lqb;;8;NA
331;5477;QtVKcQoStFygaRORs9Lqb;;192;NA
7558;5478;dJzjmo31SNIAl5lM_bboj;;7;NA
7558;5478;dJzjmo31SNIAl5lM_bboj;;3;NA
7517;5479;Z_vyBwpL_cyOeO1UifdNb;;7;NA
7559;5480;Wbo7niC5BRTzht5k5KpsA;;3;NA
7561;5481;7kVRC5ExytnNfWblHGji0;;7;NA
7563;5482;9nx5Ul5Zo6ssdaMXeZhJp;;7;NA
7565;5483;8ASp4Q6W2_9P0rZ4-w6Mr;;7;NA
7565;5483;8ASp4Q6W2_9P0rZ4-w6Mr;;2;NA
7567;5484;mle-8os7mBaTmBrYLMJAD;;107;NA
7567;5484;mle-8os7mBaTmBrYLMJAD;;122;NA
7569;5485;lU1jEGe1sA8-0v7sQ7KyU;;7;NA
7570;5486;gJ4Ql85ANeUGihbMKQJ9c;;7;NA
7570;5486;gJ4Ql85ANeUGihbMKQJ9c;;6;NA
7571;5487;SKIbWvYuDEh23eXqAxwgU;;7;NA
7575;5488;Y4XQ9Cj15XSFCz5yE4zNK;;7;NA
7575;5488;Y4XQ9Cj15XSFCz5yE4zNK;;3;NA
7577;5489;qlv6-1IYIwbnnDpLUkDSX;;7;NA
7579;5490;_CH-sj_XiTlB70ly0WxGZ;;7;NA
7581;5491;kgLcFBkNIvMYY9hrkiAfx;;7;NA
7582;5492;pJP7vL9AZMMF9Ih7yvgC7;;7;NA
7583;5493;mmKin_FOnlZjeLMCv_VO9;;7;HIGHER_EDU
7584;5494;Jd1MuouleVQOcCVme-UPe;;7;HIGHER_EDU
7584;5494;Jd1MuouleVQOcCVme-UPe;;120;HIGHER_EDU
7584;5494;Jd1MuouleVQOcCVme-UPe;;3;HIGHER_EDU
7585;5495;K9eoRJ3uhn_FAeNWPl5L5;;7;PRIMARY
7585;5495;K9eoRJ3uhn_FAeNWPl5L5;;2;PRIMARY
7585;5495;K9eoRJ3uhn_FAeNWPl5L5;;108;PRIMARY
7587;5496;rqfAlNALS-3ZR9hAhO7Kk;;7;HIGHER_EDU
7587;5496;rqfAlNALS-3ZR9hAhO7Kk;;8;HIGHER_EDU
7589;5497;aO19e5na9nP1JrYz8h7HC;;7;HIGHER_EDU
7589;5497;aO19e5na9nP1JrYz8h7HC;;110;HIGHER_EDU
7591;5498;0hX0PGldsi6OXXErAjOby;;7;NA
7593;5499;IapyaL2ATqv6pg_fYtk-J;;7;NA
7594;5500;nwboFrVyUZlGf_3AmrNpH;;7;NA
7595;5501;9lv7tlu8cWnfrBhSCDk5-;;105;HIGHER_EDU
7595;5501;9lv7tlu8cWnfrBhSCDk5-;;7;HIGHER_EDU
7595;5501;9lv7tlu8cWnfrBhSCDk5-;;2;HIGHER_EDU
7598;5502;UoPn8TF31XAdQCa3wkT6L;;7;NA
7599;5503;u4Yz7PBrVTSEEoO9vSGHM;;120;UNFINISHED_HIGHER_EDU
7599;5503;u4Yz7PBrVTSEEoO9vSGHM;;6;UNFINISHED_HIGHER_EDU
7599;5503;u4Yz7PBrVTSEEoO9vSGHM;;7;UNFINISHED_HIGHER_EDU
7601;5504;3LPtArXcUUxJrVyV65mPn;;2;HIGHER_EDU
7602;5505;N_1nRYbLxUWn0_B4Y1bEW;;7;NA
7604;5506;digROfcKq2aR6AO8MYsIL;;7;HIGHER_EDU
7607;5507;aBc2NEt5Ddag1dqBqebQL;;7;HIGHER_EDU
7609;5508;c91hOsh--PT6RZcOKQABP;;7;NA
7611;5509;0rPAIZRXMn3d9xdiWdGRw;;7;NA
7611;5509;0rPAIZRXMn3d9xdiWdGRw;;8;NA
7615;5510;fZoV2IDgvj1XTS6J0qyDf;;7;HIGHER_EDU
7616;5511;x7IrtbNCCdBT890kslyfa;;7;HIGHER_EDU
7618;5512;#NAZWA?;;7;NA
7619;5513;sEBlKJskD-emZQZ94Q9Sd;;7;HIGHER_EDU
7613;5514;KTiH7PHNYNbWuXNPHfIBA;;7;HIGHER_EDU
7624;5516;Mfmn7zqWW5nkXSin46RTR;;7;SECONDARY
7628;5517;a5uVc2VtnHtseYU3POHIz;;7;NA
7628;5517;a5uVc2VtnHtseYU3POHIz;;2;NA
7629;5518;Yg2dqz7agXyRD-xIXzjsq;;3;NA
7630;5519;du7nTMkWYXH1mjjodEo50;;7;NA
7634;5520;6vEf_3HDzGxaV0VqEzX6K;;7;NA
7635;5521;LE5pin-PTp__7gk3ovsWV;;7;NA
7637;5522;pew5f5joeH6Wfz6BLSOEo;;7;NA
7638;5523;NhGS4sxx1lJHfgMvY3Y67;;7;NA
2283;5524;Qdc9u8UzoplVOMHfJUnKc;;114;NA
2283;5524;Qdc9u8UzoplVOMHfJUnKc;;7;NA
7640;5525;8ncKYGVbbYvZMr7p6lDfH;;7;NA
7640;5525;8ncKYGVbbYvZMr7p6lDfH;;2;NA
7640;5526;ycfZN4nRBwi24KMKq1zxF;;7;NA
7640;5526;ycfZN4nRBwi24KMKq1zxF;;2;NA
7641;5527;zkVPvKglqsJc1ME2rpd0q;;7;SECONDARY
7641;5527;zkVPvKglqsJc1ME2rpd0q;;3;SECONDARY
7643;5528;oqqU3HN_xI6Kvktmw-u_V;;7;NA
7644;5529;zulELA9FbQ7ghV4TgBuKp;;7;NA
7647;5530;4q1E7VVESaCpOXlbuFVpk;;7;NA
7647;5530;4q1E7VVESaCpOXlbuFVpk;;2;NA
7649;5531;FI9NOto6a33S86cRh80GU;;3;HIGHER_EDU
7652;5532;nU6tx76sH5bd6vURonWH2;1;7;NA
7652;5532;nU6tx76sH5bd6vURonWH2;1;2;NA
7653;5533;HwbjvFXfPMXtHfeJKI9Pf;;3;NA
7654;5534;XlIi-QdNHzSyDZqgI95_Z;;7;HIGHER_EDU
7656;5535;zeL3bv8FBkeVQ21k_pAZL;;3;NA
7657;5536;l2MU7TI7T_UyFznoGS8UN;;7;HIGHER_EDU
1285;5537;7P3XdivSzrp84KK9Gv9lQ;;7;NA
7663;5538;AZ943rxWlKyVYEvd3gbnL;;105;NA
7663;5538;AZ943rxWlKyVYEvd3gbnL;;2;NA
7664;5539;aXI3Dva4acFCm9C3-eiuD;;7;HIGHER_EDU
7664;5539;aXI3Dva4acFCm9C3-eiuD;;3;HIGHER_EDU
7665;5540;tnbY-hlILMiYBQXHE9xLO;;8;HIGHER_EDU
7665;5540;tnbY-hlILMiYBQXHE9xLO;;7;HIGHER_EDU
7668;5541;bZUkmKgqFTQ4w9_kJ7AbR;;7;UNFINISHED_HIGHER_EDU
7668;5541;bZUkmKgqFTQ4w9_kJ7AbR;;8;UNFINISHED_HIGHER_EDU
7671;5542;Wsyxohe6oYaun0fE3qlah;;7;NA
7674;5543;kcf7alGyvIB6rZj5hUKpX;;7;NA
4908;5544;TIny5CE5hSSIdIVcR5YuK;;7;NA
7677;5545;x3ClCaHdYjzdZ6P7OTBkk;;7;NA
7679;5546;a0mUc40cUghMwhZaQy3Rv;;7;HIGHER_EDU
7679;5546;a0mUc40cUghMwhZaQy3Rv;;3;HIGHER_EDU
7680;5547;_iZ8QmdLntm-ImcGqiF90;;7;NA
7680;5547;_iZ8QmdLntm-ImcGqiF90;;2;NA
7682;5548;i5KIBSw1VqAMg3YXSMyLo;;7;NA
7682;5548;i5KIBSw1VqAMg3YXSMyLo;;2;NA
7684;5549;18frDCHCvooy0jJ2kSyc9;;7;NA
7686;5550;9lWjSZQ0FbS_ht-QVAiP6;;7;HIGHER_EDU
7688;5551;7_EG_NcmbsshMtGGQc_dZ;;7;NA
7688;5551;7_EG_NcmbsshMtGGQc_dZ;;8;NA
7690;5552;0_y7d6lO79WQVWApU2m_F;;3;NA
7694;5553;tjBNWCaUZdzFMDAUhBAO0;;2;NA
7694;5553;tjBNWCaUZdzFMDAUhBAO0;;105;NA
7695;5554;n6nLR-jRSuZkd-XhiNhHQ;;7;NA
7698;5555;GKeGgJZBAkjwoeoyO7ySC;;7;HIGHER_EDU
7698;5555;GKeGgJZBAkjwoeoyO7ySC;;8;HIGHER_EDU
7699;5556;_I_-xzH4-UIDhxdV6gg3v;;7;NA
7699;5556;_I_-xzH4-UIDhxdV6gg3v;;2;NA
7701;5557;y6Fjl6ra_fHNeIE1HX494;;7;NA
7703;5558;IWw8kRxyaVIojiZzeBVlG;;7;NA
7704;5559;Wf8Cs6HERKQNNbeIthAwQ;;7;SECONDARY
7706;5560;DpR8DIwwqNsIZ87KaUvLo;;7;HIGHER_EDU
7708;5561;QwK5Y0emikFoevg-Pd8uN;;7;NA
7711;5563;fo-9zf5iitKkF0Y6sisrs;;7;HIGHER_EDU
7713;5564;MZbBPxiFChbwAmGvTiUpy;;7;NA
7714;5565;x6i3F9c7hVwb-cjTMgOnu;;7;NA
7714;5565;x6i3F9c7hVwb-cjTMgOnu;;8;NA
7718;5566;deDVgFA2nzsuE1YKidh1A;;7;SECONDARY
7720;5567;rAj6WHm7zVQ2V0FwHIFKe;;7;NA
7721;5568;91z9yCTBwLstTAuMkKFva;;7;NA
7721;5568;91z9yCTBwLstTAuMkKFva;;3;NA
7723;5569;RvxYDBClWz92xLwY_Wwn1;;7;NA
7725;5570;k8BjfqHAaWLYFrlMkx4Dd;;8;HIGHER_EDU
7726;5571;Ly3VrIAvYIfsbzTdwn7Mr;;3;NA
7730;5572;GPcamBpUTDqvgbgesSauG;;7;NA
7730;5572;GPcamBpUTDqvgbgesSauG;;2;NA
7728;5573;8rqi2ZgYz03FSc9yEwjn6;;7;NA
7728;5573;8rqi2ZgYz03FSc9yEwjn6;;7;NA
7728;5573;8rqi2ZgYz03FSc9yEwjn6;;7;NA
7733;5575;I8FUGjBRytf80H7A6gEPs;;7;SECONDARY
7733;5575;I8FUGjBRytf80H7A6gEPs;;2;SECONDARY
7735;5576;8V4KEG2E_vqXSoWKovbEF;;129;NA
7735;5576;8V4KEG2E_vqXSoWKovbEF;;111;NA
7737;5577;m6KL4TFC_DZz5328eOuC7;;3;SECONDARY
7737;5577;m6KL4TFC_DZz5328eOuC7;;6;SECONDARY
7738;5578;NyY3KhtcDvaLiawd58ARw;;108;NA
7738;5578;NyY3KhtcDvaLiawd58ARw;;6;NA
7739;5579;6iT2m7J_ZYMerTmQA034s;;7;NA
7741;5580;foZzbW86_8pP8DsPqZBYJ;;7;HIGHER_EDU
7743;5581;VrK9t1u-dr1ftLuGys1Ws;;107;NA
7743;5581;VrK9t1u-dr1ftLuGys1Ws;;7;NA
7745;5582;KLHSmg2EELWRhOPZYAQvL;;7;HIGHER_EDU
7747;5583;YKgXVMFqO0_4iu4lAtYpJ;;7;UNFINISHED_HIGHER_EDU
7747;5583;YKgXVMFqO0_4iu4lAtYpJ;;107;UNFINISHED_HIGHER_EDU
7747;5583;YKgXVMFqO0_4iu4lAtYpJ;;203;UNFINISHED_HIGHER_EDU
7751;5584;lrExvQnskW32A0PXe9qNt;;7;NA
7751;5584;lrExvQnskW32A0PXe9qNt;;106;NA
7751;5584;lrExvQnskW32A0PXe9qNt;;3;NA
7752;5585;rot7vHMbKCuIej7-lSnSL;;7;NA
7752;5585;rot7vHMbKCuIej7-lSnSL;;112;NA
7754;5586;HI8yJU_tTkSURZkDq3oRZ;;7;NA
7755;5587;V0oYnAUN6447tFl5K4Ut6;;7;NA
7757;5588;NaQuLkT6GI6qE_ebDzqjf;;7;NA
7757;5589;SQKTkJ0SB8whUcZC-s7d9;;7;NA
7759;5590;SfgxJUvMTZHAf47qN1rfy;;7;NA
7760;5591;X3w407k0dYpHfi7XSHrT9;;7;NA
7760;5591;X3w407k0dYpHfi7XSHrT9;;6;NA
7761;5592;N_l84tNsXMb7uDi05lbLV;;7;NA
7763;5593;p9_2cOOrXTLlq2Po4h6lZ;;7;HIGHER_EDU
7763;5593;p9_2cOOrXTLlq2Po4h6lZ;;2;HIGHER_EDU
7763;5593;p9_2cOOrXTLlq2Po4h6lZ;;105;HIGHER_EDU
7765;5594;MMLHRrtlRurk1i9hzXhQ3;;7;NA
7765;5594;MMLHRrtlRurk1i9hzXhQ3;;3;NA
7767;5595;Me-tWY4WOXg4WRAKOtsZt;;7;HIGHER_EDU
7767;5595;Me-tWY4WOXg4WRAKOtsZt;;110;HIGHER_EDU
7769;5596;EpM3xOb5ECVt1Vr5OtE6h;;7;NA
7770;5597;XstxKtSR7Jb_--YGwxg-O;;7;NA
7772;5598;JYuH7bBqzhcCuoXBWpYVK;;7;NA
7774;5599;1OhKPa2xSC4SQAyEmWrRw;;7;NA
7780;5600;Rw0T9lLucP0Lny8f9bwAs;;7;NA
7776;5601;2n5_IyiRXNyCU3sAC0JAy;;108;NA
7776;5601;2n5_IyiRXNyCU3sAC0JAy;;3;NA
7782;5602;ijPfNoQd0qFSyi-ieFI6T;;2;NA
7782;5602;ijPfNoQd0qFSyi-ieFI6T;;7;NA
7783;5603;lh21DDxNyGS5l7ENIqG76;;183;NA
7783;5603;lh21DDxNyGS5l7ENIqG76;;2;NA
7784;5604;Pku57XSCifeUQIGoX6ldO;;7;NA
7784;5604;Pku57XSCifeUQIGoX6ldO;;8;NA
7785;5605;MrbHDT09j77SBSOrxfBQD;;7;HIGHER_EDU
7790;5606;ysX2pHVotsButydt43AOO;;7;PHD
7792;5607;npd_pMvSPgUiSAJPuxn2P;;7;NA
7792;5607;npd_pMvSPgUiSAJPuxn2P;;109;NA
7792;5607;npd_pMvSPgUiSAJPuxn2P;;6;NA
7792;5607;npd_pMvSPgUiSAJPuxn2P;;195;NA
7794;5608;1pDOalsKMURpM-TGe__h-;;7;HIGHER_EDU
7796;5609;zQfvmtIHAEC3VZXR0QoQ5;;7;NA
7804;5612;EY8IY8kzwN6UwO9STwJKP;;7;NA
7806;5613;nR05T1hhcdBUjlZRta6o7;;7;NA
7806;5613;nR05T1hhcdBUjlZRta6o7;;2;NA
7808;5614;xXOeR1jdtnZKDZaSKkn7S;;7;NA
7810;5615;aeRixcXmSLdzdSl7cp0-3;;7;NA
7812;5616;LVfhyBKfqGQsKYFQkE8-M;;7;NA
7814;5617;A6PheAx0RtfiRavhSeJnJ;;7;PHD
7815;5618;Bn_X9JgqE6rT5jwU-Ny64;;116;NA
7815;5618;Bn_X9JgqE6rT5jwU-Ny64;;7;NA
7815;5618;Bn_X9JgqE6rT5jwU-Ny64;;110;NA
7816;5619;3pCTueoysDyCWYkyIPIn2;;2;NA
7816;5619;3pCTueoysDyCWYkyIPIn2;;7;NA
7816;5619;3pCTueoysDyCWYkyIPIn2;;106;NA
7817;5620;RYulCW09PyKAHRTAoNnIg;;7;NA
7819;5621;TT4nRSkgOTa7DkcIUrRh7;;7;NA
7819;5622;3BGVbXQjcqcUOLwu7chws;;7;NA
7820;5623;HnBCXOUMnWorBr9bnC057;;7;SECONDARY
7822;5624;imCOgyywFf-A0LkhRVAOF;;108;NA
7822;5624;imCOgyywFf-A0LkhRVAOF;;2;NA
7823;5625;bl1COIeYVWrrdHsF_IRCe;;7;HIGHER_EDU
7823;5625;bl1COIeYVWrrdHsF_IRCe;;3;HIGHER_EDU
7824;5626;aOyN6t5kUgpmAGlpKS7WD;;7;NA
7824;5626;aOyN6t5kUgpmAGlpKS7WD;;3;NA
7826;5627;h3pjiNOo5nmkLKNfvOqKV;;7;NA
7827;5628;2CZ3bfbOIudvg6jXRwAJk;;7;HIGHER_EDU
7828;5629;RcTHPCFkoKIy1c00XR3Wg;;7;NA
7828;5629;RcTHPCFkoKIy1c00XR3Wg;;112;NA
7828;5629;RcTHPCFkoKIy1c00XR3Wg;;107;NA
7829;5630;c2W6LtnbMadta5fk6goQa;;7;NA
7831;5631;3fIiykPGgboYVEYr1_gme;;6;NA
7831;5631;3fIiykPGgboYVEYr1_gme;;130;NA
7831;5631;3fIiykPGgboYVEYr1_gme;;139;NA
7832;5632;e3yhTNKIMLOvCiRkmIbpP;;7;NA
7832;5632;e3yhTNKIMLOvCiRkmIbpP;;2;NA
7832;5632;e3yhTNKIMLOvCiRkmIbpP;;3;NA
7834;5633;mwy7SXJgfy7_iwtlsGYfp;;6;NA
7835;5634;XoGdH5ZS-x4df3jlelf6v;;3;HIGHER_EDU
7837;5635;7KoKh5kT-UuVVUNK8PP_X;;107;HIGHER_EDU
7837;5635;7KoKh5kT-UuVVUNK8PP_X;;7;HIGHER_EDU
7837;5635;7KoKh5kT-UuVVUNK8PP_X;;3;HIGHER_EDU
7841;5638;DTGqrh0kNKwj8TuKiZ14L;1;7;NA
7841;5638;DTGqrh0kNKwj8TuKiZ14L;1;2;NA
7842;5639;CKGCNzTtjAf7xBv9xF7js;;7;HIGHER_EDU
956;5640;F3JBwySt6vK71MfzROs-_;;7;HIGHER_EDU
956;5640;F3JBwySt6vK71MfzROs-_;;107;HIGHER_EDU
7844;5641;dL8ksY-BIRjjwoqs6LWVE;;7;HIGHER_EDU
7845;5642;htAogp09UA_03YDxnUhC7;;108;NA
7845;5642;htAogp09UA_03YDxnUhC7;;6;NA
7847;5643;j-bCrUwZKEFc2ycroDwCo;;7;NA
7847;5643;j-bCrUwZKEFc2ycroDwCo;;2;NA
7848;5644;ch8YfVbRjIF-zrNxJB4HD;;7;HIGHER_EDU
7849;5645;QvTXoffICjELeROhMEI6A;;7;HIGHER_EDU
7851;5646;RhdU8kTSWO-k6uGvdA5tv;;7;NA
7852;5647;cxg9BV5uB_swqlhHJpz_M;;105;NA
7852;5647;cxg9BV5uB_swqlhHJpz_M;;3;NA
7854;5648;GwOmdLM81wCeyWeBJ8YSd;;7;NA
7855;5649;KyMuvbkZ0-8Ghea_dkQkE;;7;NA
7857;5650;xOTqQ56Pqx9k6Bz8PzhHU;;3;NA
7857;5650;xOTqQ56Pqx9k6Bz8PzhHU;;105;NA
7858;5651;jzBJGNEjxJXGhWkP3xHkZ;;7;UNFINISHED_HIGHER_EDU
7858;5652;C_fHrG4zMpci0fGCcFhNN;;7;NA
7938;5653;qxGTo6y6UV05jhbmE1eX1;1;7;NA
7938;5653;qxGTo6y6UV05jhbmE1eX1;1;2;NA
7861;5654;sD8XOHUnb9UR5EILfKztr;;7;HIGHER_EDU
7861;5655;9ONEPOewRrEiZrAHth7r4;;7;NA
7861;5655;9ONEPOewRrEiZrAHth7r4;;8;NA
7863;5656;agZAeHAIkhz-pFFhj1Jjn;;7;HIGHER_EDU
7863;5656;agZAeHAIkhz-pFFhj1Jjn;;115;HIGHER_EDU
7864;5657;bp0_OCcjsi0KrFnp8C3Ml;;7;NA
7866;5658;ENuyhHfSWgZfXB9a-M8JM;;7;HIGHER_EDU
7866;5658;ENuyhHfSWgZfXB9a-M8JM;;2;HIGHER_EDU
7867;5659;cCu6nT-W44rRyKAjw1C6V;;7;NA
7868;5660;BoPU5sHtTkDXf9OVHjcQA;;7;NA
7872;5662;c9xD7ODXmeDpsX9CJQuWv;;7;HIGHER_EDU
7872;5662;c9xD7ODXmeDpsX9CJQuWv;;2;HIGHER_EDU
7873;5663;taQwE3fln__hMeCIR8Tq9;;7;NA
7875;5664;U0d3qKgghqJXjBhXtIGpy;;7;NA
7877;5666;lT2Fcg9XV2ts184zcIz2F;;7;NA
7879;5667;DJaQAqVzJRM7IsS3djekA;;7;HIGHER_EDU
7880;5668;xXe1nO0zhqVPvKLBh002Z;;7;HIGHER_EDU
7882;5669;wZ-HC9DZQNwVgWfXaoioQ;1;7;NA
7882;5669;wZ-HC9DZQNwVgWfXaoioQ;1;2;NA
7883;5670;wC-rYF5G0sCDeKDhycpVo;;7;HIGHER_EDU
7885;5671;uPpQ7LpgNqfadDUhfgT-Q;;8;NA
7885;5671;uPpQ7LpgNqfadDUhfgT-Q;;7;NA
7887;5673;S_DHRdqQ4qTUxQ2Ir8di8;;7;NA
7888;5674;2Xs5TWADQ-RqrfUcnQELR;;7;NA
7890;5675;JjOKzcgCngmneXmsvWQzq;;7;NA
7892;5676;qSivk2Zcg6K8r_e3oZ7_Q;;7;NA
7892;5676;qSivk2Zcg6K8r_e3oZ7_Q;;7;NA
7892;5676;qSivk2Zcg6K8r_e3oZ7_Q;;7;NA
7883;5677;PQc3CsG3iR2nSCp-Ox6bA;;7;NA
7894;5678;t5CRdCOmwTm5y0WVDodDc;;7;NA
7895;5679;#NAZWA?;;7;NA
7897;5680;LoIYi-PAanK-cU74LeAQw;;7;SECONDARY
7897;5680;LoIYi-PAanK-cU74LeAQw;;2;SECONDARY
7899;5681;LhXn9X3PQ_hcBAvuq1moO;;7;NA
3376;5682;Mp9KrXaeX_3LCQsaAVm6j;;7;NA
7901;5683;cdilR_awpIk-n-at9IfIM;;7;NA
7901;5683;cdilR_awpIk-n-at9IfIM;;110;NA
7905;5684;zKoQU6V6XoydpaJKkOXAd;;7;NA
7905;5685;H1gytzvtVYDoj24xP4CEb;;7;NA
7906;5686;VFB7rTfMwn_fyHJQDOuty;1;7;NA
7906;5687;oWx1R4iWLO1FC0jJ9AoiD;1;7;NA
7907;5688;zb7wOTUw5htc38LRxmuhd;1;7;NA
7907;5688;zb7wOTUw5htc38LRxmuhd;1;2;NA
7907;5688;zb7wOTUw5htc38LRxmuhd;1;122;NA
7907;5688;zb7wOTUw5htc38LRxmuhd;1;3;NA
7907;5688;zb7wOTUw5htc38LRxmuhd;1;105;NA
7907;5688;zb7wOTUw5htc38LRxmuhd;1;108;NA
7907;5688;zb7wOTUw5htc38LRxmuhd;1;8;NA
7907;5688;zb7wOTUw5htc38LRxmuhd;1;108;NA
7909;5689;z1ht3UYRCUpglt-SOlKfU;;7;NA
7907;5690;WUerGXthTwV8QqIIt37iN;1;7;NA
7910;5691;6EQ9bw-LOUdziJFTV1AtB;;7;NA
7910;5691;6EQ9bw-LOUdziJFTV1AtB;;2;NA
7912;5692;uIoETBU5Vujdk7haHNOsi;;7;NA
7914;5693;M1aAB7yBDJXC_ed0aU3ta;;7;NA
7916;5694;FeO_8LqCRlS8T4J3-96Mc;;7;NA
7918;5695;izTzjSlDCkqc9CiBMMQI5;;111;HIGHER_EDU
7918;5695;izTzjSlDCkqc9CiBMMQI5;;6;HIGHER_EDU
7920;5696;G2wGXF4Jh053VfxeRQKBy;;110;NA
7920;5696;G2wGXF4Jh053VfxeRQKBy;;5;NA
7922;5697;tkNR-0V8knh141aJrLgac;;7;NA
7922;5697;tkNR-0V8knh141aJrLgac;;2;NA
7924;5698;FtK3RztpS3m2KSU145cWC;;7;NA
7925;5699;IMNLsqFs984SiMtLjEHrd;1;7;NA
7925;5699;IMNLsqFs984SiMtLjEHrd;1;109;NA
7915;5700;VLuq0NUlL77CHW8tQVDOC;;2;NA
7915;5700;VLuq0NUlL77CHW8tQVDOC;;7;NA
7927;5701;IgOwgLc29bUcrPQOchonp;1;7;NA
7927;5701;IgOwgLc29bUcrPQOchonp;1;2;NA
7929;5702;0RCHuGyM9seSYdhPEYeIL;;7;HIGHER_EDU
7926;5703;7_2dyJ0-JYDtAop14F00o;1;7;NA
7926;5703;7_2dyJ0-JYDtAop14F00o;1;183;NA
2039;5704;H3XlZV8bODpLBPdidKCc0;;2;NA
2039;5704;H3XlZV8bODpLBPdidKCc0;;7;NA
1224;5705;wBCmNXA1EJeQngTiFL1yY;;7;NA
7930;5706;q_16vxIfCC6Y-ThQA6syU;;7;NA
7930;5706;q_16vxIfCC6Y-ThQA6syU;;2;NA
7931;5707;KsF6i6fgPmlaBtgKeTF0k;;7;SECONDARY
7931;5707;KsF6i6fgPmlaBtgKeTF0k;;2;SECONDARY
7935;5708;ufoM-aKhZ5uiUWyDxsBnm;1;7;NA
7937;5709;OdsNpiiSOiwv9mz1Bizrh;;7;NA
1781;5710;mWSIpeHzX9ErZtkqf5zME;;7;NA
1781;5710;mWSIpeHzX9ErZtkqf5zME;;7;NA
1781;5710;mWSIpeHzX9ErZtkqf5zME;;7;NA
7942;5711;lPP8etCpyMvfrILGo2C1p;;7;NA
7943;5712;zrl-1paQf7Mr4rCATH9yY;;7;HIGHER_EDU
3854;5713;Dpt-geyISsVsqnn2JZXpy;;7;NA
443;5714;F72xj8fKDXTIFNxXQh--A;;7;NA
443;5714;F72xj8fKDXTIFNxXQh--A;;8;NA
7948;5715;055lADDyeIVlygcDWKYWJ;;7;NA
7948;5715;055lADDyeIVlygcDWKYWJ;;8;NA
7948;5715;055lADDyeIVlygcDWKYWJ;;2;NA
7949;5716;ortoT3IeTJKJbjGHaK-1-;;7;NA
7949;5716;ortoT3IeTJKJbjGHaK-1-;;107;NA
7949;5716;ortoT3IeTJKJbjGHaK-1-;;6;NA
7950;5717;lKwWfZunVzr9NTjsle7ae;;7;NA
7952;5718;ttH1i1lqYD4PZ-fk3AsMJ;;8;HIGHER_EDU
7954;5719;DEPpwj2oxypjSxlzUGqco;;7;HIGHER_EDU
7954;5719;DEPpwj2oxypjSxlzUGqco;;6;HIGHER_EDU
7954;5719;DEPpwj2oxypjSxlzUGqco;;114;HIGHER_EDU
7956;5720;HGhFUMR_TdPfyW7lEKzv-;;7;UNFINISHED_HIGHER_EDU
7956;5720;HGhFUMR_TdPfyW7lEKzv-;;113;UNFINISHED_HIGHER_EDU
7956;5720;HGhFUMR_TdPfyW7lEKzv-;;2;UNFINISHED_HIGHER_EDU
7958;5721;V9p2PG3jKqxns6lx1jsm7;;7;UNFINISHED_HIGHER_EDU
7958;5721;V9p2PG3jKqxns6lx1jsm7;;109;UNFINISHED_HIGHER_EDU
7958;5721;V9p2PG3jKqxns6lx1jsm7;;6;UNFINISHED_HIGHER_EDU
7960;5722;PFHdnWH-uRNByIagDXTVD;;7;NA
7962;5723;p64-v4Af_f5iqo6R9XAtY;;7;NA
7964;5724;Mn6eqwD7DnLrLKhZcbU3P;;2;NA
7965;5725;sk5DKW2fhMoy3isKsFssH;;7;NA
7966;5726;nJjG7XIDpw2SAJY2DR5xv;;7;NA
7966;5726;nJjG7XIDpw2SAJY2DR5xv;;8;NA
7968;5727;7OwJXgG_bLq9PYb7Q42rK;;7;NA
7968;5727;7OwJXgG_bLq9PYb7Q42rK;;8;NA
7969;5728;aXOdHJJ_YOzco1qLngQZz;;7;NA
7969;5728;aXOdHJJ_YOzco1qLngQZz;;3;NA
7973;5729;MyPO76wZ2ivCTHYWodFIr;;7;NA
7973;5729;MyPO76wZ2ivCTHYWodFIr;;2;NA
7974;5730;ElgWcMUAWm3jnGBWSEYX7;;7;HIGHER_EDU
5290;5731;2LvXk0Y4fldzMd9iWAlya;;7;NA
7983;5732;EMSYYkg02EeoAnlUwNQ-9;;7;HIGHER_EDU
7983;5732;EMSYYkg02EeoAnlUwNQ-9;;6;HIGHER_EDU
7983;5732;EMSYYkg02EeoAnlUwNQ-9;;110;HIGHER_EDU
7985;5733;4ojVP8LLqHT0WY4uMsln7;;2;NA
7985;5733;4ojVP8LLqHT0WY4uMsln7;;3;NA
7985;5733;4ojVP8LLqHT0WY4uMsln7;;131;NA
7987;5734;JH-xNbqg11h9HyC2cVD4w;;7;NA
7988;5735;H55opccgmxyF8mr2czBn9;;7;NA
7989;5736;veY5Bj6en452rHfWGpot-;;7;NA
7991;5737;nvqu0uJIoM2Jq_d8DinlL;;7;HIGHER_EDU
7991;5737;nvqu0uJIoM2Jq_d8DinlL;;8;HIGHER_EDU
7992;5738;5Ovl_reowK-JghhhQMMM1;;7;HIGHER_EDU
7992;5738;5Ovl_reowK-JghhhQMMM1;;8;HIGHER_EDU
7994;5739;3i6Eo4Ed81PkvC3uY9iSJ;;7;NA
7997;5740;t85jDyKDISuy6GUsb9UBS;;7;NA
7998;5741;_M2ZFr_YeG4-0UFyLsxr0;;7;NA
8000;5742;#NAZWA?;;7;HIGHER_EDU
8000;5742;#NAZWA?;;3;HIGHER_EDU
8000;5743;ep4mTlcta6bl8tlTriTGL;;7;NA
8000;5743;ep4mTlcta6bl8tlTriTGL;;3;NA
8002;5744;lSSUQb3onbILe6LlX4Jhs;;7;NA
1117;5746;VFBFsSNTuz18ZbDQi8cWP;;7;NA
1117;5746;VFBFsSNTuz18ZbDQi8cWP;;2;NA
8008;5747;GDqpSBNZ7yzllzzssMPET;;7;NA
8008;5747;GDqpSBNZ7yzllzzssMPET;;105;NA
4740;5748;1Ywnj0lq0jyv_x9vlD6Df;;7;NA
8009;5749;e3BBQg_e9cpXt95RWms3j;;7;NA
8009;5749;e3BBQg_e9cpXt95RWms3j;;2;NA
8013;5750;HErlTu1iucgjVrRGBC47r;;7;UNFINISHED_HIGHER_EDU
8013;5750;HErlTu1iucgjVrRGBC47r;;8;UNFINISHED_HIGHER_EDU
8015;5751;IQlbNq_hrAWca-vXxz6O2;;7;NA
8016;5752;haVAbCu_D8pPDbOQhSKpe;;7;HIGHER_EDU
8016;5752;haVAbCu_D8pPDbOQhSKpe;;106;HIGHER_EDU
8016;5752;haVAbCu_D8pPDbOQhSKpe;;6;HIGHER_EDU
8020;5753;4sZJgn4LRR32SeW6XYS35;;7;NA
8020;5753;4sZJgn4LRR32SeW6XYS35;;105;NA
8020;5753;4sZJgn4LRR32SeW6XYS35;;2;NA
8021;5754;Gaovvjo2-bgtaM0x5thuq;;7;NA
8022;5755;5HdF32vWdvwI_vnj0aZnq;;112;HIGHER_EDU
8022;5755;5HdF32vWdvwI_vnj0aZnq;;7;HIGHER_EDU
8025;5757;RaArHg2QPtcHFS2SRSHd8;;7;TECHNICAL
8025;5757;RaArHg2QPtcHFS2SRSHd8;;182;TECHNICAL
8025;5757;RaArHg2QPtcHFS2SRSHd8;;3;TECHNICAL
8027;5758;NAcilkek0UCqRZAuhmPWK;1;7;NA
8028;5759;OmMc8SfYuyBojG0siypfb;;7;HIGHER_EDU
8031;5761;2XhsdWE-ABAATZ-lE4X3N;;182;HIGHER_EDU
8031;5761;2XhsdWE-ABAATZ-lE4X3N;;6;HIGHER_EDU
8031;5761;2XhsdWE-ABAATZ-lE4X3N;;7;HIGHER_EDU
8032;5762;vMDtWzl_Sui4c6uy-ACeB;;7;NA
8034;5763;ZvWmpRNZTzt6FpyQliIwp;;7;SECONDARY
8038;5764;tYv2UvU0ebM_Q16WoikeI;;7;NA
8038;5764;tYv2UvU0ebM_Q16WoikeI;;2;NA
8038;5765;LQcNm_70976KAVBDRH4Nv;;7;NA
8038;5765;LQcNm_70976KAVBDRH4Nv;;2;NA
8040;5766;2mF9aeXU0ybfyUigCQ7Il;;112;NA
8040;5766;2mF9aeXU0ybfyUigCQ7Il;;3;NA
8040;5766;2mF9aeXU0ybfyUigCQ7Il;;7;NA
8042;5767;c_3iTdSIj5TTKxagA4pEW;;7;NA
8042;5767;c_3iTdSIj5TTKxagA4pEW;;6;NA
8044;5768;#NAZWA?;;7;HIGHER_EDU
8046;5769;1K1L6x1e08xZAblbCMP9i;;3;NA
8047;5770;A__e8a9JnrieslEVw6WB9;;7;NA
8048;5771;2hB6Q7dCORaVttCj1NFJB;;8;NA
8048;5771;2hB6Q7dCORaVttCj1NFJB;;6;NA
8049;5772;8B1UHleVZ1Fjc9ivLwKJg;;8;PHD
8049;5772;8B1UHleVZ1Fjc9ivLwKJg;;3;PHD
8052;5774;f1F1-2aaGPA8oX_PZ8HDH;;7;HIGHER_EDU
8052;5774;f1F1-2aaGPA8oX_PZ8HDH;;105;HIGHER_EDU
8053;5775;T661H0dH0uN5MR2J5UfB7;;7;NA
8053;5775;T661H0dH0uN5MR2J5UfB7;;2;NA
8057;5776;Gc4XyMOD62eLuaHQvpLYu;;7;NA
8059;5777;yBtedzmdudZ_qvU4dZ_vb;;7;NA
8060;5778;YsifRP6QPBuXa0KHpEbSb;;7;NA
8060;5778;YsifRP6QPBuXa0KHpEbSb;;2;NA
8062;5779;uAiGOxklONVSM7XCNRb3W;;7;NA
8062;5779;uAiGOxklONVSM7XCNRb3W;;2;NA
8065;5780;0iFxEPYUUo64tCoVcZcz_;;7;NA
8067;5781;W-9LJrrxHdxdFRhjkaGHC;;7;NA
8067;5781;W-9LJrrxHdxdFRhjkaGHC;;112;NA
8069;5782;fOrs-sBDmkkR1GOjoXeOX;;3;NA
8071;5783;hzM3tOPx9PRsOkCifbtaJ;;139;NA
8071;5783;hzM3tOPx9PRsOkCifbtaJ;;2;NA
8073;5784;far3Rddh3ywsWD_9uTdSr;;2;NA
8073;5784;far3Rddh3ywsWD_9uTdSr;;7;NA
8073;5784;far3Rddh3ywsWD_9uTdSr;;106;NA
8073;5785;XT-mbaiBpwYXuDWOALJlB;;2;NA
8073;5785;XT-mbaiBpwYXuDWOALJlB;;7;NA
8073;5785;XT-mbaiBpwYXuDWOALJlB;;106;NA
8074;5786;cWVwLWsV_o4-2Y_BImOae;;8;NA
7871;5787;Cx_iiua14OqTA6-Gvhxgi;;7;NA
7871;5788;Kz3G-LlpXRWnnR_z44teX;;7;NA
8076;5789;T4bg9JNffpOf345Ac9-MI;;3;NA
8077;5790;99DcDRfiokkozWqW6PJ8R;1;8;NA
1421;5792;9akuaaxaRF96rbrxyAoiw;;7;NA
1421;5792;9akuaaxaRF96rbrxyAoiw;;8;NA
8079;5793;6vCDtqecSLT0Rx2n4fYVe;;7;HIGHER_EDU
8082;5794;9UZ1UARknv7M_LByPDMfE;;7;SECONDARY
8082;5794;9UZ1UARknv7M_LByPDMfE;;2;SECONDARY
8084;5795;gM7C5JSP2h3Hq2ZR1FEDC;;7;NA
8084;5795;gM7C5JSP2h3Hq2ZR1FEDC;;2;NA
8085;5796;yH7bhFP_5eZcl4dWxgqXK;;7;HIGHER_EDU
8085;5796;yH7bhFP_5eZcl4dWxgqXK;;2;HIGHER_EDU
8087;5797;XHgtPUMFtxLIRwb0oUgPb;;7;HIGHER_EDU
8089;5798;MCr_7Cl8Z_DLc-ynagdHz;;7;NA
8091;5799;u09PfqbKa2m-41UsnMkYs;;7;HIGHER_EDU
8094;5800;fbANrtOnpODNX7gz8S-eG;;7;NA
8095;5801;qj92lW5xwJM2oOZR5ZAXw;;7;NA
8098;5802;6hpmjdFyV-EsWWJpMQOdQ;;7;NA
8097;5803;ZgScdWc7LlqnNNtsXxwXN;;7;HIGHER_EDU
8100;5804;OMtSojCvudRxIZga5CRx1;;2;NA
8100;5804;OMtSojCvudRxIZga5CRx1;;7;NA
8102;5805;ufkeBq2-LUI5muZtdBjij;;7;HIGHER_EDU
8103;5806;kgOcPOoamfa2AOW9nWDW-;;7;NA
8103;5806;kgOcPOoamfa2AOW9nWDW-;;2;NA
8105;5807;W6vA39Ni7A6pljRKzLCWR;;7;NA
8105;5807;W6vA39Ni7A6pljRKzLCWR;;2;NA
8106;5808;Hjl-mwiUnwHRo_ey0bUqv;;7;HIGHER_EDU
8107;5809;svWr_3judDM7U4Edw525t;;7;HIGHER_EDU
8109;5810;VQ42sZAPNoEm0Nrg3cCJb;;7;NA
8110;5811;aYfBRzEwQKbw69sYyCFqg;;7;NA
8112;5812;347c7fluALFgbqcxE2Wh-;;7;NA
8112;5812;347c7fluALFgbqcxE2Wh-;;2;NA
8111;5813;Gjh4JiuWSYJFHTvZkczp8;;7;PHD
8111;5813;Gjh4JiuWSYJFHTvZkczp8;;120;PHD
8114;5814;CKCsUR25RCyqZNH281uyM;;7;HIGHER_EDU
8115;5815;tn5bOLWTtsi_7DvdPWgIM;;144;NA
8115;5815;tn5bOLWTtsi_7DvdPWgIM;;8;NA
8116;5816;n7H7zzusXCCqrMbVBVEvS;;7;NA
8116;5816;n7H7zzusXCCqrMbVBVEvS;;117;NA
8116;5817;FLzz9V2-pqiw6-MJ9T5lv;;7;SECONDARY
8116;5817;FLzz9V2-pqiw6-MJ9T5lv;;117;SECONDARY
1945;5818;kqWSwjOaZ_yqhX0iR1Icw;;7;NA
1945;5818;kqWSwjOaZ_yqhX0iR1Icw;;8;NA
8118;5819;7CjR8lv4YVG17XYwqg4PI;;7;NA
8120;5820;LFB6a8AR1_P7GkgV3RN1F;;7;HIGHER_EDU
8120;5820;LFB6a8AR1_P7GkgV3RN1F;;3;HIGHER_EDU
8120;5820;LFB6a8AR1_P7GkgV3RN1F;;2;HIGHER_EDU
8122;5821;9jxYO7KcCien5M-SzeUy3;;7;HIGHER_EDU
8122;5821;9jxYO7KcCien5M-SzeUy3;;8;HIGHER_EDU
8123;5822;cvaxPTr9dTqlhU5euAcVk;;7;NA
8123;5822;cvaxPTr9dTqlhU5euAcVk;;107;NA
8123;5822;cvaxPTr9dTqlhU5euAcVk;;8;NA
8123;5822;cvaxPTr9dTqlhU5euAcVk;;6;NA
8125;5823;AZkCgK7xtvEh3_zloZjPi;;7;HIGHER_EDU
8125;5823;AZkCgK7xtvEh3_zloZjPi;;110;HIGHER_EDU
2765;5824;gS9VEXFqtCng3SkxO8kwQ;;7;NA
2765;5824;gS9VEXFqtCng3SkxO8kwQ;;3;NA
8126;5825;DB91IxzJFhh61rfDB8e93;;7;NA
8128;5826;cRzAABhFizW9rq4xQhUQx;;7;NA
8128;5827;GvbN7vI-t01T2b3kRs9ds;;7;NA
8129;5828;Ibm51W6X88g-5-V2Dmm-8;;7;NA
8131;5829;JgzC2x7v4gDS7N_BHmADp;;7;HIGHER_EDU
8133;5830;hhyqtsjDeubq3ena9GNEk;;7;NA
8135;5831;2Tmle8UkrkPK0hp8kh7vJ;;7;NA
8137;5832;EqoNEShbjBRTPJS6PjLKq;;7;NA
8138;5833;Lv-ySTZ0plPup2Sbrxtyb;;7;NA
8139;5834;M0R1tfG5TkWsLzyKRNRY3;;7;NA
8139;5834;M0R1tfG5TkWsLzyKRNRY3;;2;NA
8142;5836;lEWhbTEydL3RFsMwA44yD;;7;NA
8143;5837;Fx2iSAoeE2lXEo1rvHGJg;;4;NA
8145;5838;phRepnqLUpZJGDS9tLaMn;;7;NA
8146;5839;mRxGr5bsyjdv9vXOmb7Pm;;7;NA
8148;5840;hME-ouyDnMUoBm55h8xoM;;7;NA
8148;5840;hME-ouyDnMUoBm55h8xoM;;105;NA
8149;5841;5XBE3LV9tFmFltexFeMF4;;7;NA
2205;5842;A340kY7SlPaedlmA0hbzv;;7;NA
8151;5843;iOI3N_KoyZu61ikc9h_Sk;;3;NA
8153;5844;jp8x35sIetw8kGI1sPqdk;;4;NA
8154;5845;mxG4zik_nI0xHd_FElyO7;;7;NA
8154;5845;mxG4zik_nI0xHd_FElyO7;;2;NA
1881;5846;vo7CP4vxggf92R8-5ZDEl;;7;NA
1881;5846;vo7CP4vxggf92R8-5ZDEl;;2;NA
8156;5847;ULWcezthBZ6Wck1ugTkhf;;7;NA
8156;5847;ULWcezthBZ6Wck1ugTkhf;;3;NA
8158;5848;hO9lgGaXSyaPcA_H_c3Pt;;7;NA
8159;5849;wuFW69Rc9h1oDBWEmPRvL;;7;NA
8159;5850;H786LdxHH5EByj-Z8-__D;;7;NA
8161;5851;LIRR8zPcw3y2fdXqIlSvW;;7;NA
8163;5852;v81RZAzNTnQmikcy6l_R0;;7;NA
8164;5853;dPuLxlnQBov9_NOp3-ZuB;;7;NA
8165;5854;8M0YHt_y25B0WsA7xpJ1R;;7;NA
8165;5854;8M0YHt_y25B0WsA7xpJ1R;;2;NA
8165;5855;e9thWTnobbNIQQ4wAZAve;;7;NA
8165;5855;e9thWTnobbNIQQ4wAZAve;;2;NA
8167;5856;6RKe3RLWoVYC1zsyskJUD;;7;NA
8169;5857;Zmmjzv9_Tybl0SUKTKEom;;7;NA
8171;5858;1hjuJCNXw4O0QxdE0JUm4;;3;NA
8171;5858;1hjuJCNXw4O0QxdE0JUm4;;6;NA
6415;5859;ZBe6pUamijNRIxJ5cAoiF;;7;NA
8173;5860;13HF1B7FvISv6jgmWExtl;;7;NA
8173;5860;13HF1B7FvISv6jgmWExtl;;2;NA
8174;5861;CUfsNqJLiBAB_2EJ_mEtL;;7;NA
8174;5861;CUfsNqJLiBAB_2EJ_mEtL;;8;NA
8175;5862;nxWpteEXcrA7ONci2uyba;;7;NA
8176;5863;-4WskIrCWGK4ubAIjYAs9;;7;NA
8176;5863;-4WskIrCWGK4ubAIjYAs9;;8;NA
8180;5864;M-2VWQH2PZG8lv9vI2OeF;;3;NA
8181;5865;HVptnMFdUoLN63FHLL-zv;;7;NA
8183;5866;upZuU_MxQDpJwKxeWwqSQ;;2;NA
8183;5866;upZuU_MxQDpJwKxeWwqSQ;;8;NA
8183;5866;upZuU_MxQDpJwKxeWwqSQ;;190;NA
8185;5867;wwIlpLX3ZP8TQRM1Zvibu;;8;NA
8185;5867;wwIlpLX3ZP8TQRM1Zvibu;;113;NA
8185;5867;wwIlpLX3ZP8TQRM1Zvibu;;6;NA
8187;5868;3plCo2MNBRsy3_1wJmOWU;;6;NA
8191;5869;JLwKmos0u31pZ8lRXX4bu;;7;NA
8193;5870;JN_8sbtRdlgxCqz42UnXM;;8;NA
8195;5871;IZYTBcGlTb5kCkIgn_hTx;;8;NA
8198;5872;YHFDhYWb739X87CBmMtAm;;8;NA
8199;5873;Ohji6vhV78NcsChkyWuWC;;8;NA
8202;5874;3AuTSZow2CiG6LOKf6LPz;;110;NA
8202;5874;3AuTSZow2CiG6LOKf6LPz;;8;NA
8204;5875;ofo18YGw5sVSsTM1Viola;;8;NA
8206;5876;6Nocd6z1ToVd8Br9nsARZ;;8;NA
8208;5877;cOmVXNiw09qkp9GWzSSsq;;8;NA
8208;5877;cOmVXNiw09qkp9GWzSSsq;;3;NA
8210;5878;aDgA0r8UfXh_g4hwChSer;;8;NA
8212;5879;PLhGVck5CZqMiknnc7O0W;;8;NA
8213;5880;pVfHDKJDZ0ZIeTqtpM6cC;;8;NA
8214;5881;oGpfDpxnVmoVmBY-_w-x3;;8;NA
8217;5882;Fv9bgQEFiRrvbUdao9yQG;;8;NA
8215;5883;Kivcy4p944iSfJvur9XpY;;8;NA
8215;5883;Kivcy4p944iSfJvur9XpY;;130;NA
8215;5883;Kivcy4p944iSfJvur9XpY;;2;NA
8218;5884;cIedl6-2gihm4HwQHBf9t;;8;NA
8219;5885;M6YyyNMI3ViIUtvVEA9_6;;197;NA
8219;5885;M6YyyNMI3ViIUtvVEA9_6;;8;NA
8219;5885;M6YyyNMI3ViIUtvVEA9_6;;6;NA
8221;5886;zzb67ZDd1UG8b-5b3qS7I;;8;HIGHER_EDU
8223;5887;fRuAwBhIu83MbifsUMTn2;;8;NA
8225;5888;IHvROxlFTujMt4qMK80Kc;;8;NA
8225;5888;IHvROxlFTujMt4qMK80Kc;;107;NA
8228;5889;mlAb5n6yZ5bTzht-6Fl2t;;8;NA
8229;5890;AqDAcVz4DXojzEo1rxwcB;;8;NA
8231;5891;kw8wstq7aadzlYPjcFY7S;;8;NA
8233;5892;jOHFL3lfAAhq-ZOXwcrZc;;8;NA
8233;5892;jOHFL3lfAAhq-ZOXwcrZc;;2;NA
8237;5893;gEMlKlYVuGMTGiU1PukOF;;120;NA
8237;5893;gEMlKlYVuGMTGiU1PukOF;;142;NA
8237;5893;gEMlKlYVuGMTGiU1PukOF;;8;NA
8200;5894;#NAZWA?;;7;NA
8200;5894;#NAZWA?;;110;NA
8200;5894;#NAZWA?;;6;NA
8238;5895;60Yx7CvStTaFOFthxEuja;;8;NA
8238;5895;60Yx7CvStTaFOFthxEuja;;2;NA
8240;5896;evFqMihAOhwBt3U6DLTN8;;8;NA
8241;5897;ub9hOgzT75xdPGBK6Cuzj;;8;NA
8241;5897;ub9hOgzT75xdPGBK6Cuzj;;2;NA
4960;5898;6OPwB55KJc8ExCDQVgyHl;;7;NA
8243;5899;NlqZ4R3QCf_gHLN78Tdps;;2;PHD
8244;5900;Ql8Evs06ExWep9GszKTE7;;6;NA
8245;5901;SXmBLhEa9raeUXb4K5Uxz;;8;NA
8247;5902;AKGVEycbpoL8n3lv1EPDg;;8;NA
8248;5903;nc5eIi-wJFDpwVnvfC8VH;;3;NA
8250;5904;YS4sPXnMrjdxXmhX3pqVt;;8;NA
8252;5905;BMqm1p4XoDcE9tOtHIdoI;;8;NA
8253;5906;3lh8xfhEs2RfGk0toCnp8;;8;NA
8254;5907;JOaPPRfkQ0jRc1LGJYmpa;;8;HIGHER_EDU
8256;5908;FooMJVzbHACbod3PCXgAc;;2;NA
8257;5909;00zRw054UDhU_yAx8hjgt;;2;NA
8258;5910;YDgCrhaBFUqZToizq8Hrv;;6;NA
8262;5911;EZEhwOX3M_5FJrp4s_LqU;;140;HIGHER_EDU
8262;5911;EZEhwOX3M_5FJrp4s_LqU;;8;HIGHER_EDU
8264;5912;23zjVkqUwHccRav4UT8A7;;8;NA
8266;5913;AwcLCXQoYoF19cnTLVa4t;;8;NA
8268;5914;XUyqwZcnRUc2KdxosSWfL;;8;NA
8270;5915;6FqV9CZ0bDnKmbZS-Ex9j;;8;NA
8272;5916;rPwAE86ABt5O23hsZCrcH;;8;NA
8274;5917;ImaOCgzEZ_qFW1aJfb5QQ;;8;NA
8275;5918;e6AeWjn-zX6tCPlVuRIAt;;7;NA
8275;5918;e6AeWjn-zX6tCPlVuRIAt;;8;NA
8277;5919;do3Kio_Nu1I5r0-7csxox;;8;NA
8278;5920;BDrldu5m8brBa2uL8kjpy;;7;NA
8278;5920;BDrldu5m8brBa2uL8kjpy;;8;NA
8278;5920;BDrldu5m8brBa2uL8kjpy;;7;NA
8278;5920;BDrldu5m8brBa2uL8kjpy;;8;NA
8278;5920;BDrldu5m8brBa2uL8kjpy;;7;NA
8278;5920;BDrldu5m8brBa2uL8kjpy;;8;NA
8283;5921;mLFzGVXQRyWyN7W1fFlve;;8;NA
8284;5922;BFH-PmeEzUJ7B9PoNcI3E;;8;HIGHER_EDU
8285;5923;lnSrR2UkcPRte_D4xeFxm;;2;HIGHER_EDU
8287;5924;JkRDdmd3uj3FmVGK6FdcY;;8;NA
8289;5925;Z4WJUPq8fK4ylM1i_Aajz;;8;NA
8290;5926;KiT8Iu5I-FhLROkMauf9n;;7;NA
8291;5927;TXko17-PbfqWeOAzdMT9b;;8;NA
8293;5928;s-DyTut-cFhdy_-hmUAf1;;8;NA
8293;5928;s-DyTut-cFhdy_-hmUAf1;;129;NA
8294;5929;OVaPeDbQWWRqPGlozDdaI;;8;NA
8294;5929;OVaPeDbQWWRqPGlozDdaI;;2;NA
8296;5930;PDKu6UxKADZKfRfPu7lvS;;8;NA
8298;5931;MAv5v8X6Q2garZsyk2fVK;;8;HIGHER_EDU
8299;5932;wDiFL3VcyLvrd9j7lKFIr;;107;NA
8299;5932;wDiFL3VcyLvrd9j7lKFIr;;8;NA
8302;5933;0ogvd95MBqoao1yqWBZdw;;8;NA
8300;5934;gugtZ7Z6mJuKjoU0PGK7l;;2;NA
8303;5935;Y6ZNT6lSAta3JwWEED4tD;;8;NA
8305;5936;Y54NHtK7p7hGl_HXXIYVf;;8;NA
8308;5937;Mvm78_4Y1pVDtqI2rB0An;;8;NA
8307;5938;RQgzEYjYGy7VhuGCpouvD;;8;NA
8310;5939;5CyC4VuIhTfYOt2mdjaAZ;;8;NA
8312;5940;2wFM7Jz4MdOzGt-o-FtzB;;8;NA
8314;5941;KO_TznejXp5QU3P1UO6Ws;;8;NA
8319;5942;i_AwsloAQnW-GKg72Cnz-;;8;NA
8317;5943;7QQdvTZmWUpUQIB4tnp2c;;8;NA
8321;5944;WTXsvcanoMSTqkFB5eujw;;8;NA
8322;5945;QTx8bK79SDUwsNW8qEWdm;;8;NA
8323;5946;wd7Ok0OpFrSqFcS9x351e;;8;NA
8324;5947;xo8Cqaz0ms12wlpxYcIoi;;8;NA
8325;5948;sEd-akN9hDMa12cZLNHVs;;8;NA
8326;5949;kTC7EAbPImMXxcbYOpQT7;;8;HIGHER_EDU
8326;5949;kTC7EAbPImMXxcbYOpQT7;;107;HIGHER_EDU
8328;5950;5Ckq-Ecm2h3SXii_DTeog;;8;NA
8330;5951;AhjumR7DoM6tSADG-VbJv;;8;NA
8332;5952;KiO-tMgcU7i9rlNaJ3gKQ;;8;NA
8335;5953;rducOJWtcO4EXu53miDqt;;8;NA
8337;5954;N9LWMn4F_1fwgGukVMXIG;;8;NA
8341;5955;ThT73EoO1juxL6knqGm-U;;8;NA
8339;5956;#NAZWA?;;8;NA
8343;5957;TI1ra25viFpUqfoMWVvY1;;8;NA
8349;5958;AqjNbOHlqIdqWXRRcMRtj;;8;NA
8349;5958;AqjNbOHlqIdqWXRRcMRtj;;105;NA
8347;5959;ftfC6-hRaUV_qTIXYI06c;;8;NA
8347;5959;ftfC6-hRaUV_qTIXYI06c;;110;NA
8351;5960;SLTn2SYOTRvJ2-jVV2jNs;;129;NA
8352;5961;bb9w-O2ypnoeGS6qaiox3;;8;NA
8352;5961;bb9w-O2ypnoeGS6qaiox3;;105;NA
8352;5961;bb9w-O2ypnoeGS6qaiox3;;2;NA
8354;5962;PBUSlxsMh_-6P3uQ2PIoj;;8;NA
8355;5963;kULaZXS9mRfXY1c8pBZ59;;8;NA
8357;5964;2ytrOvZcFatP5zS3xus8m;;8;NA
8358;5965;hDhDfW0ZYKBWtZAuD2KJU;;8;NA
8359;5966;DQvT57IIuzQ5QI-JmZ-Sf;;8;NA
8361;5967;9P0lkRZnUV_6ZwnXVBufd;;8;NA
8363;5968;JA-UDgecZil2jHuinskzT;;8;NA
8363;5968;JA-UDgecZil2jHuinskzT;;109;NA
8363;5968;JA-UDgecZil2jHuinskzT;;2;NA
8367;5969;_lNpR29lO-REih4T6fFNn;;8;NA
8368;5970;RYDj7C6Kirzvfi3ohYDu4;;139;NA
8370;5971;9C1F4wRRg3h3Y64c1Rlld;;8;NA
8371;5972;wy70pKmwWitVDoc4R5sxp;;8;NA
8373;5973;DR7O1n_6I75RvqQ38D45W;;8;NA
8375;5974;AhewWjc8WroETEbVbAT6c;;8;NA
8377;5975;AexuXoISJzWZW1NrQaymX;;8;NA
8378;5976;QVxLOLW49iM42iLohqGpM;;8;NA
8378;5977;JL4sSaemm4AYhTouqPCpz;;8;NA
8380;5978;8uDMhSgLIQMnFJR96IE1s;;8;NA
8380;5978;8uDMhSgLIQMnFJR96IE1s;;107;NA
8382;5979;egLLvovUC831jvH0jaHtn;;140;PHD
8382;5979;egLLvovUC831jvH0jaHtn;;113;PHD
8382;5979;egLLvovUC831jvH0jaHtn;;8;PHD
8382;5979;egLLvovUC831jvH0jaHtn;;2;PHD
8384;5980;IuZRdE4DEcxxQaUVENXax;;108;NA
8385;5981;9vVGfUtNe5InDppujjLbL;;8;NA
8386;5982;SEo3JEpAN-UhhcNBCCQFG;;8;NA
8387;5983;JT3oiSvvSrAEPr6U08--L;;8;NA
8389;5984;TSPopSvc_5uDjcgduGb1E;;8;NA
8390;5985;GEoYPyaFfgrdkAqQCqmqf;;8;NA
8392;5986;L4xn8A8XDZP65ykcH8SzD;;8;NA
8392;5986;L4xn8A8XDZP65ykcH8SzD;;2;NA
8394;5987;fvAeuAPJ_ALi83Sqxt3au;;8;NA
8396;5988;hZ5Pn1Kk5HKyTboxEqLub;;7;NA
8396;5988;hZ5Pn1Kk5HKyTboxEqLub;;8;NA
8397;5989;VzEV3z2RGtATOYp4mWLSN;;7;SECONDARY
8398;5990;vzzqKwMLlmm4UFYZs7Kod;;8;NA
8399;5991;DchZLbKlE1sNyznlDo9Dk;;8;NA
8401;5992;Y15MVLj4kAa33aaRGgDT5;;8;NA
8402;5993;bSV10VONsTTal_klJN3Xd;;8;NA
8404;5994;7MkWxkOa1vQRa4Vnc2wJn;;8;NA
8404;5994;7MkWxkOa1vQRa4Vnc2wJn;;114;NA
8407;5995;3DxZyjW91Y4-vU3vbcNUQ;;8;NA
8407;5995;3DxZyjW91Y4-vU3vbcNUQ;;114;NA
8365;5996;Le7CsdGVVY1ixYZhCAO7M;;8;NA
8365;5996;Le7CsdGVVY1ixYZhCAO7M;;105;NA
8409;5997;Rvfv7nYrZ6rn72n-hT4SF;;8;NA
8410;5998;kzxSS06NcUJxPz1s7ZMWR;;8;NA
8412;5999;cV6TjyGQfV35pIN6vMkK0;;8;NA
8414;6000;hnJxj81eNSOgZBUZ0Wgdp;;8;NA
8414;6000;hnJxj81eNSOgZBUZ0Wgdp;;107;NA
8415;6001;UuoxJOIX-7LOzCWlMNiyp;;8;NA
8415;6001;UuoxJOIX-7LOzCWlMNiyp;;109;NA
8416;6002;m6rlb36MacygDRYBWfoQN;;8;NA
8418;6003;ZQm6EaqeZF6fzhnlYAaWy;;8;NA
8420;6004;LgKQytpmdrJo_MKuLiLpr;;8;NA
8421;6005;Vh4RW2GdRCnDKhkLx-6dV;;8;NA
8423;6006;upWhJeNVhEeLr3_QjJ9k7;;2;NA
7798;6007;MuYTM_4bcxjpwB3Hra-JX;;7;NA
8425;6008;lIZKdsnMRPzzlwLfxlpN0;;8;NA
8427;6009;NpzquLUiLDxUTurMHy1dF;;8;NA
8431;6010;G3hM1AaQG2uoCMkf0eMUt;;8;NA
8433;6011;mpY4AwOzVS2d7TQrWnmlf;;8;NA
8433;6011;mpY4AwOzVS2d7TQrWnmlf;;2;NA
8435;6012;5STvbelIcfW6zDA--dJPZ;;8;NA
8439;6013;mZHdE4QAbJ5oCyjC3f50G;;8;NA
8441;6014;P9KUzIt-aA_YXrpNF_K3E;;127;NA
8443;6015;ZO2NuTC1jOp9Hp0XdRrat;;8;NA
8445;6016;9VbTw3CVku9r0FaYA_tkC;;8;NA
8445;6016;9VbTw3CVku9r0FaYA_tkC;;144;NA
8447;6017;zknX8QeAatppoQB5gddZF;;8;NA
8429;6018;EhoKUBPAhp_XUxjqdQih3;;2;NA
8449;6019;2Ep-bPYAfUmLkEKDqdr5F;;2;NA
8451;6020;HunO_Y6fE_KvNwap2gu66;;8;NA
8453;6021;lrn4G2Dg97P8ubevhIbiB;;8;NA
8454;6022;4ArZKHQPDmcGR5NG3Qa2d;;8;NA
8454;6022;4ArZKHQPDmcGR5NG3Qa2d;;108;NA
8454;6022;4ArZKHQPDmcGR5NG3Qa2d;;144;NA
8454;6022;4ArZKHQPDmcGR5NG3Qa2d;;3;NA
8456;6023;qCluZASc1JA7lwD1bWHjr;;8;NA
8456;6023;qCluZASc1JA7lwD1bWHjr;;6;NA
8456;6023;qCluZASc1JA7lwD1bWHjr;;107;NA
8457;6024;eCrIA4gsQscytZu9sk7hd;;8;NA
8459;6025;bQ1QMRUf5hY7OHJjBHSBs;;105;NA
8459;6025;bQ1QMRUf5hY7OHJjBHSBs;;8;NA
8460;6026;Y2NLJcgLBY1Fimi_gd63N;;8;NA
8462;6027;WCTHYAKIpf7JLfF5XLRbl;;8;NA
8464;6028;7GxyVB6uLK6Hb43tbEgFj;;8;NA
8464;6028;7GxyVB6uLK6Hb43tbEgFj;;110;NA
8468;6029;71MecvlJ20yj7Gl0g5mim;;8;NA
8470;6030;0buNEFLz2fFD4JfGNANYU;;8;HIGHER_EDU
8470;6030;0buNEFLz2fFD4JfGNANYU;;124;HIGHER_EDU
8470;6030;0buNEFLz2fFD4JfGNANYU;;6;HIGHER_EDU
8472;6031;EhA7K8u6BIBh1LeRDHzla;;111;HIGHER_EDU
8473;6032;8CQfCeBpC_gWw4KXcPwcU;;8;NA
8473;6032;8CQfCeBpC_gWw4KXcPwcU;;7;NA
8475;6033;ekdGhbODr1CdhB6x8vskX;;111;NA
8475;6033;ekdGhbODr1CdhB6x8vskX;;8;NA
8477;6034;GKAjo-5XxjgZpZeInJTfQ;;2;NA
8479;6035;hKgNDVzk3CmjEd2o8rWbr;;8;NA
8479;6035;hKgNDVzk3CmjEd2o8rWbr;;129;NA
8481;6036;pCNTG8DKD6hz2KQ2tbRGR;;8;NA
8483;6037;7I1OlLBkCErXqC6LqvaKM;;2;NA
8485;6038;Px0gUSaaQGjuMdVI1MViQ;;8;NA
8487;6039;Vt3EtGUa2pH0x3uf25Lzz;;8;NA
8489;6040;GbvAR7VmkP_TUDukwYu2w;;8;TECHNICAL
8490;6041;VPUY8Akb4AhaTeSqmVKFc;;139;NA
8491;6042;WMv26s1pK0pVIt-KqdQoF;;8;NA
8491;6042;WMv26s1pK0pVIt-KqdQoF;;111;NA
8492;6043;LUoA9DtfEMNDq4Wc6KEed;;8;NA
8493;6044;igjYg4kh9M6n6Mh9Th4FC;;8;NA
8495;6045;nnQrf3mL3tdOTPClLbhcm;;8;NA
8497;6046;mjeZC6yvA-BZqTnPBoFVD;;8;NA
8499;6047;6j4I9DeTswvVi25Vo9naQ;;8;NA
8499;6047;6j4I9DeTswvVi25Vo9naQ;;110;NA
8315;6048;EL0bidYwuwWsX0m_WPK8u;;8;NA
8502;6049;uW2XFptf_gM_w_th-kaew;;8;NA
8502;6049;uW2XFptf_gM_w_th-kaew;;2;NA
8504;6050;Fjjkdp9pulGnI6r6RVn0n;;7;NA
8505;6051;8bz1TcWGlJIlANOOQ63MW;;110;NA
8506;6052;BXPmpBAlsbkox7wDfP42V;;7;NA
8510;6053;xtP6D7sa5mmuge7XEyItz;;8;HIGHER_EDU
6690;6054;QamKlNrrDsSs9eKDLZ5vC;;7;NA
6690;6054;QamKlNrrDsSs9eKDLZ5vC;;2;NA
8511;6055;29Ml0zq6lOsUcqeiFqTS9;;129;NA
8511;6055;29Ml0zq6lOsUcqeiFqTS9;;8;NA
8513;6056;EM4-NxxuzmqPfqqGQOmhe;;8;NA
8513;6056;EM4-NxxuzmqPfqqGQOmhe;;3;NA
8515;6057;lkY_t7TfoB3vTAm6nnDyC;;8;NA
8517;6058;tuVQN6P656Kp5xUnVfP2m;;8;NA
8518;6059;bsEozomjNv3v8_5kPstFs;;7;NA
8518;6059;bsEozomjNv3v8_5kPstFs;;111;NA
8518;6059;bsEozomjNv3v8_5kPstFs;;2;NA
8520;6060;jgAKUB8k5AsHXhxyiNIGm;;7;NA
8522;6061;mDBbdcOtV8wrze_W9p7IX;;8;NA
8524;6062;10Aj_91v3sWKt8W3r_DKk;;7;NA
8525;6063;FFjOWLNgueivyqS39FdiE;;8;NA
8526;6064;kL6nnP-ys3nWq4kaMEyA1;;8;NA
8526;6064;kL6nnP-ys3nWq4kaMEyA1;;7;NA
8527;6065;Vm1uTMUd4f4g0Zy3hIfA7;;8;NA
8529;6066;R5CHZKy4PvZb2QLcEuzaK;;8;NA
8530;6067;GvChWRYIFSvcYo5hYaMrs;;8;NA
8531;6068;4bgOQqP8pdHJTFGCNHprr;;8;NA
8532;6069;LrP6anICLX8o9ntIsfDJ3;;3;NA
8534;6070;svEjTEpx2qJPpYvPEmsEN;;2;NA
8536;6071;RybWJQ7rqL0RNZqSlIm8T;;8;NA
8537;6072;vorduzUq6vISAVuVYuNUB;;8;NA
8539;6073;CLOk74ckkJN16cVKuOaSl;;8;NA
8539;6073;CLOk74ckkJN16cVKuOaSl;;2;NA
8541;6074;k7RCQcw-oprrIf94i1mHr;;8;NA
8548;6075;DDOBorkqyAip8fmtUSm6v;;8;NA
8551;6076;X5MrWYjXwwriRIzscZzIR;;8;NA
8550;6077;meLB5T0cyi9UMKGBnlqDV;;2;NA
8546;6078;Tdwsmgkwt1W_E2FjYBAUu;;2;NA
8556;6079;QkQ_QWI9KShC084WZ2aor;;8;NA
8554;6080;TK060_A5W52u6x_ma7JNs;;8;NA
8558;6081;f9Ur3QjoX2z4DEnKwcCIi;;8;NA
8560;6082;2_TMlO8HWfUeHJRt4zGg7;;8;NA
8561;6083;3YV3E9VbgwtZnMB2yamUG;;8;NA
8563;6084;9eRaj6fFd6nXUQfoifF9C;;8;HIGHER_EDU
8565;6085;Pq1n3Lnyaa46cLu5ksHyS;;8;NA
8565;6085;Pq1n3Lnyaa46cLu5ksHyS;;8;NA
8567;6086;aHiMj0EH5qXt-UXvm2CPp;;8;NA
8567;6086;aHiMj0EH5qXt-UXvm2CPp;;2;NA
8569;6087;YH5a-To1Xb-yvHZSTavsN;;2;NA
8543;6088;84xxNRW7a_c2HYMfq6wGc;;2;NA
8573;6089;0i8pmtZxvXbgKwpSkt7gl;;6;NA
8571;6090;65nLfvdCGoBOQHlnDgX4R;;2;NA
8575;6091;KZQthNVHuN0m7BJzba9cP;;8;NA
8576;6092;cS2o5IrNIekM0tlns7G_W;;2;NA
8577;6093;GNdPx7nVqvtdM0ZYH6O35;;8;NA
8578;6094;Iizus31k6xjPk70UjH66l;;8;HIGHER_EDU
8580;6095;b9_SZpKwH0VmgfB02NrsI;;193;NA
8580;6095;b9_SZpKwH0VmgfB02NrsI;;8;NA
8582;6096;WV2ofECUIWWvHStKAjiGS;;8;NA
8584;6097;r3jCnJtKsk_gC-fJx5gk2;;8;NA
8585;6098;UvX0TlcjkKiO5vEEX5o_L;;8;NA
8587;6099;OzEOvoEE5W4vPbXzrwf1y;;7;NA
8587;6099;OzEOvoEE5W4vPbXzrwf1y;;8;NA
8589;6100;0davCiJI_lBjOaxFL59gP;;7;NA
8590;6101;ZMMkyCkR---Ij-ENVM39E;;8;NA
8592;6102;iHufKfFgmP3byyUhOPCwt;;8;NA
8593;6103;mGg7bicxK_sYS8CEDq6_7;;3;HIGHER_EDU
8593;6103;mGg7bicxK_sYS8CEDq6_7;;8;HIGHER_EDU
8593;6103;mGg7bicxK_sYS8CEDq6_7;;129;HIGHER_EDU
8593;6103;mGg7bicxK_sYS8CEDq6_7;;111;HIGHER_EDU
8595;6104;JXPBIY8OsDggQ7RhEG6rH;;8;NA
8597;6105;B80hprVa9d6N8wOBwACS5;;8;NA
8598;6106;O7AG_XPVp0xh4xBhtme11;;114;NA
8598;6106;O7AG_XPVp0xh4xBhtme11;;8;NA
8600;6107;oeNKijTmlQdNU9TIVY3LG;;8;NA
8602;6108;y2EW5OjyWtDhwqEEInf2U;;2;NA
8604;6109;88evNrLGr6HCn2Kxe_rwr;;4;NA
8604;6109;88evNrLGr6HCn2Kxe_rwr;;109;NA
8605;6110;hXRYLzZ0fWcAIIFmB3zC0;;8;NA
8609;6111;rrY1sjBrzx0ptHN2A4fx8;;8;NA
8609;6111;rrY1sjBrzx0ptHN2A4fx8;;144;NA
8607;6112;HfmHWc_sULoiiRA05w76X;;2;NA
8607;6112;HfmHWc_sULoiiRA05w76X;;7;NA
8610;6113;rA7lvEQDiJxlCbqYYMt8x;;8;NA
8611;6114;9zx_3jfQSo8GxncQ__Srn;;8;HIGHER_EDU
8612;6115;7cb-oQFBOPJ8c9j2jplM0;;6;NA
8612;6115;7cb-oQFBOPJ8c9j2jplM0;;8;NA
8612;6115;7cb-oQFBOPJ8c9j2jplM0;;132;NA
8614;6116;SJH2KjJd35eXz7Sa_QgEs;;8;NA
8614;6116;SJH2KjJd35eXz7Sa_QgEs;;106;NA
8614;6116;SJH2KjJd35eXz7Sa_QgEs;;2;NA
8616;6117;J90xBZpXCDJigP9mgaMCW;;2;NA
3431;6118;TPbHTXZGLIXooOt8dnfQO;;7;NA
3431;6118;TPbHTXZGLIXooOt8dnfQO;;112;NA
3431;6118;TPbHTXZGLIXooOt8dnfQO;;2;NA
8617;6119;I9x0FGsxKBbWB198RaPEf;;8;NA
8619;6120;wcOGNa4_QvSyYRdEz0wbv;;7;NA
8621;6121;J-CAzHKZK09xvHu4DQe9E;;8;NA
8621;6121;J-CAzHKZK09xvHu4DQe9E;;110;NA
8623;6122;Jn6LPwTYN-13MnwQ1zAH3;;2;NA
8625;6123;a7T0GtN26GFk7JMwg3XF_;;8;NA
8626;6124;4ak9KwXAzKIFFZteUYWqe;;3;NA
8627;6125;odBRAEGI-ZPOuV9jF-o49;;7;NA
8628;6126;VfLzrCQDDLkHs7T1rf-xD;;7;NA
8628;6126;VfLzrCQDDLkHs7T1rf-xD;;2;NA
8611;6127;nNopMklgtMLd4de_xiIDZ;;8;NA
8630;6128;uTfctom-OJMF90YSTgQ3R;;7;NA
8630;6128;uTfctom-OJMF90YSTgQ3R;;2;NA
8633;6129;N9PiAypjp3wLuWL1cE9OQ;;7;HIGHER_EDU
8635;6130;IdZ64YrYAVyW4WoM1h1_E;;8;NA
8635;6130;IdZ64YrYAVyW4WoM1h1_E;;116;NA
8637;6131;LuuQcqv4KFJjEz-Bly7s4;;110;NA
8637;6131;LuuQcqv4KFJjEz-Bly7s4;;8;NA
8638;6132;rarhsz6fYYTj2tu6TBtdS;;8;HIGHER_EDU
8639;6133;r5JTe3vgXUBCfVvsZ-d06;;106;NA
8641;6134;DMV-yrngC3V2oOMstTHnD;;118;NA
8641;6134;DMV-yrngC3V2oOMstTHnD;;8;NA
8641;6134;DMV-yrngC3V2oOMstTHnD;;142;NA
8641;6134;DMV-yrngC3V2oOMstTHnD;;2;NA
8641;6134;DMV-yrngC3V2oOMstTHnD;;118;NA
8641;6134;DMV-yrngC3V2oOMstTHnD;;8;NA
8641;6134;DMV-yrngC3V2oOMstTHnD;;142;NA
8641;6134;DMV-yrngC3V2oOMstTHnD;;2;NA
8641;6134;DMV-yrngC3V2oOMstTHnD;;118;NA
8641;6134;DMV-yrngC3V2oOMstTHnD;;8;NA
8641;6134;DMV-yrngC3V2oOMstTHnD;;142;NA
8641;6134;DMV-yrngC3V2oOMstTHnD;;2;NA
8642;6135;aVep4qPrYH_ZFjwfU4NRu;;130;NA
8642;6135;aVep4qPrYH_ZFjwfU4NRu;;8;NA
8643;6136;x8nL3O4Yx67He19Bel9yq;;8;NA
8645;6137;WfuIhasFte-KWwPlNIiT0;;8;NA
8647;6138;P-OX1l5_A4A28MUdRDxa9;;3;NA
8649;6139;miJwGlpHYYeBx7lOGF8QE;;8;NA
8649;6139;miJwGlpHYYeBx7lOGF8QE;;119;NA
8651;6140;EorumWoRQAj7u5Aq8goAn;;8;SECONDARY
8653;6141;d2AsSEi9jxQWhofl8QZbN;;8;NA
8653;6141;d2AsSEi9jxQWhofl8QZbN;;2;NA
8655;6142;2EkFPtToBv0cOtl06GSBl;;7;NA
8655;6142;2EkFPtToBv0cOtl06GSBl;;2;NA
8657;6143;0Wwj6FS0iWzl4XEZbzEJw;;8;NA
8659;6144;vnvMxseGLrr8X2ATOl0BU;;8;NA
8658;6145;RmOGQDhR0witxjPU9jg3C;;8;NA
8658;6145;RmOGQDhR0witxjPU9jg3C;;114;NA
8661;6146;x9mosZKbzVnrgPTwxvI57;;8;NA
8663;6147;2qAO2IrXqDPB_4lAjUzwq;;8;NA
8665;6148;FTz2SwJK9BPnOTUKrarxF;;8;NA
8665;6148;FTz2SwJK9BPnOTUKrarxF;;3;NA
8667;6149;OuQmDqtsS622BNRkrIv7-;;8;NA
8669;6151;LUJOGP6auRNI7dQl0jNoj;;8;NA
8670;6152;ACqTZoJ8zbVHbXGRkG3Tv;;8;NA
8672;6153;JLeId9IGr-wdAgoB-fnzd;;2;NA
8673;6154;y6nq6X-D5Dymkn9FZnw2E;;8;NA
8675;6155;kKr3Ly2FPBVvyKb2IiePh;;8;NA
8676;6156;xMJfl6lwbV9D7U1oARw5S;;8;NA
8679;6157;T1vcRuTgwouNGCGGqr6Sn;;7;NA
8679;6157;T1vcRuTgwouNGCGGqr6Sn;;2;NA
8679;6157;T1vcRuTgwouNGCGGqr6Sn;;105;NA
8682;6158;h1vAXGbgpeCfqPzdDFzPS;;8;NA
8682;6158;h1vAXGbgpeCfqPzdDFzPS;;130;NA
8684;6159;iTk0bsnVJ8yKEVNCfdNXF;;8;NA
8684;6159;iTk0bsnVJ8yKEVNCfdNXF;;2;NA
8685;6160;SCR2Ej8o8lnuxhjn8VL2k;;7;NA
8686;6161;y3T8x7ZlJcYvGT1rHJTVs;;8;NA
8687;6162;0RB0ZtG_BmcIHV-s12beV;;8;NA
8658;6163;RMzCrmyTrZ8erhUzUUy_Q;;8;NA
8658;6163;RMzCrmyTrZ8erhUzUUy_Q;;114;NA
8689;6164;lpPPZ_R59J9PlT9ZtR4cE;;8;NA
8692;6165;J6cCGlrPyCPhjiZ_xOtyv;;8;NA
8693;6166;yg4VGawj7FNwE81LIg1Y4;;8;NA
8694;6167;Ti93v4CJ--8BL67Z-__G_;;8;NA
8696;6168;ixsK3svlIatBNqwLJCK0U;;8;NA
8700;6169;zKJcxv2_4TJRnStvN2_Fg;;7;NA
8701;6170;BR1aZ5xIGe-JkHwWw37C2;;8;NA
8701;6170;BR1aZ5xIGe-JkHwWw37C2;;2;NA
8705;6171;dIypKwSyKPEWS0Rl-NV6w;;8;NA
8705;6171;dIypKwSyKPEWS0Rl-NV6w;;2;NA
8709;6172;IKwkF0RYAvMflAZGkvMZk;;8;NA
8710;6173;YcXEbBsbSQa5YMPtG4vhn;;8;NA
8710;6173;YcXEbBsbSQa5YMPtG4vhn;;129;NA
8691;6174;8burL1Bvi-PTpBLRib-7X;;8;NA
8714;6175;qu5f0iFtUkuGSxoScUmZY;;8;NA
8714;6175;qu5f0iFtUkuGSxoScUmZY;;111;NA
8715;6176;RlwQGnptE5ypA8fwyG5u_;;7;NA
8716;6177;1qxJsNnFGwa8s9Oucls_p;;8;NA
8716;6177;1qxJsNnFGwa8s9Oucls_p;;105;NA
8718;6178;rmUmoM4IniLwZZNUZghOG;;7;NA
8718;6178;rmUmoM4IniLwZZNUZghOG;;2;NA
8720;6179;A7zQHEXNhsmt6lny7TgZo;;8;NA
8720;6179;A7zQHEXNhsmt6lny7TgZo;;193;NA
8720;6179;A7zQHEXNhsmt6lny7TgZo;;116;NA
8720;6179;A7zQHEXNhsmt6lny7TgZo;;197;NA
8721;6180;N_Pfjldhr3go-i_SPxhHB;;8;NA
8722;6181;eM5HDt0DGa2s32TerJtbe;;8;NA
8722;6181;eM5HDt0DGa2s32TerJtbe;;105;NA
8722;6182;tNTVplIQSP6YwFWlMFW7I;;8;NA
8722;6182;tNTVplIQSP6YwFWlMFW7I;;105;NA
8723;6183;_oLpDWOih4paWW-YDqLTW;;8;NA
8724;6184;fNkRbfoxjpjmxh8rco_Qg;;8;NA
8725;6185;43I2wB9v3PjIoHzeQ2hYl;;7;SECONDARY
8727;6186;QMGuLTmwCGsfEE5q0otaH;;8;NA
8728;6187;wPU-iH0ZrAFkNP9IZzAY9;;7;NA
8730;6188;t9ize6gA-OT5Nyx11uvuT;;7;NA
8732;6189;o4PRP9j2SWvARXhgOzYob;;8;NA
8732;6189;o4PRP9j2SWvARXhgOzYob;;3;NA
8734;6190;ExAFoahRcyHzzSny8dUpj;;8;HIGHER_EDU
8734;6190;ExAFoahRcyHzzSny8dUpj;;110;HIGHER_EDU
8738;6191;jSIkXVXeiPg-gmLWgueEA;;8;NA
8740;6192;H-FyXQATmfCnF_ZrVxtzf;;107;NA
8740;6192;H-FyXQATmfCnF_ZrVxtzf;;8;NA
8742;6193;rgH4Wzq6auIcmPxIhmDf8;;8;NA
8744;6194;0nUfSQhM2Hs5q0fjIxCe4;;8;NA
8746;6195;mlVnM1bTQS-1KgfYcCdHm;;8;NA
8748;6196;4nuXGChSMD85HvYliiH_i;;7;NA
8750;6197;pJ5X-8ffnddaJU8OUsM0A;;7;NA
8752;6198;r2di_pvXK0Z8nw1sje1CY;;8;NA
8753;6199;kW0fBcKfTIFInp2rWOGGV;;8;NA
8756;6200;Jvhj4Bli1BOaPmzhUldyM;;8;NA
8758;6201;EXUO_oqQqgT0ZyyZQA7BK;;8;NA
8755;6202;MzjcUGSAwc7efPkRZyjJu;;8;NA
8760;6203;eAF7xDUlyIWB35Lbp1ghP;;8;NA
8762;6204;w9RNikwGOJuUi-mjAy2Gd;;8;HIGHER_EDU
8764;6205;5odpebf_qelWFBnFP050W;;8;NA
8766;6206;AL1WsE_J6D20y_CT5TEba;;106;NA
8766;6206;AL1WsE_J6D20y_CT5TEba;;8;NA
8766;6206;AL1WsE_J6D20y_CT5TEba;;2;NA
8767;6207;jwDcl3g9WlZqdQZZiwBp6;;2;NA
8769;6208;AYOsh4ztU4ouCezC9uBCY;;8;NA
8769;6208;AYOsh4ztU4ouCezC9uBCY;;125;NA
8769;6208;AYOsh4ztU4ouCezC9uBCY;;144;NA
8773;6210;hGRd2spsNgn28p9-6myrc;;8;NA
8775;6211;gWjjGSCoizlstVSZfCgbB;;8;HIGHER_EDU
8775;6211;gWjjGSCoizlstVSZfCgbB;;109;HIGHER_EDU
8775;6211;gWjjGSCoizlstVSZfCgbB;;129;HIGHER_EDU
8777;6212;mrS85uXJRnfkM0G8CfDQt;;105;NA
8777;6212;mrS85uXJRnfkM0G8CfDQt;;142;NA
8777;6212;mrS85uXJRnfkM0G8CfDQt;;8;NA
8779;6213;BhuSEAOWN5BogPPUb6uC1;;8;NA
8780;6214;Q3758TB5rTnL2mXJIVbnX;;8;NA
8782;6215;OfcpIas5-MWw9K1Ml_MuU;;8;NA
8782;6215;OfcpIas5-MWw9K1Ml_MuU;;113;NA
8783;6216;muUVMAxeGi6wn26RBNs9C;;8;NA
8784;6217;yztkw-ZOn8BBiVQXzghSh;;8;NA
8785;6218;ydQjuoMXojekwSgQ7_fmI;;8;NA
8787;6219;m38jOqu19eaTHwK3oEaaq;;109;PHD
8789;6220;IDnI90yARWv0kqN-pJCcO;;5;NA
8789;6220;IDnI90yARWv0kqN-pJCcO;;109;NA
8791;6221;6VkOV7siM-2dLiMZLgAG-;;165;NA
8791;6221;6VkOV7siM-2dLiMZLgAG-;;8;NA
8793;6222;hNNzGNzwgfILjARv6chJg;;8;NA
8794;6223;oRs0iin1rSUgucUHc1Cwk;;2;NA
8795;6224;8C2ggDPjscmdeUZUnTrEn;;8;UNFINISHED_HIGHER_EDU
8795;6224;8C2ggDPjscmdeUZUnTrEn;;2;UNFINISHED_HIGHER_EDU
8797;6225;YSxkRMrZfC9ZDdq8TaWls;;8;NA
8797;6225;YSxkRMrZfC9ZDdq8TaWls;;106;NA
8797;6225;YSxkRMrZfC9ZDdq8TaWls;;2;NA
8798;6226;5t9ypgTNPKCWj1uuI7eXq;;8;NA
8799;6227;REEshQIgLC8vsH6cZ9KxA;;8;NA
8799;6227;REEshQIgLC8vsH6cZ9KxA;;125;NA
8802;6228;BB3pxr64VIXCqeWml2I5A;;7;UNFINISHED_HIGHER_EDU
8802;6228;BB3pxr64VIXCqeWml2I5A;;8;UNFINISHED_HIGHER_EDU
8802;6228;BB3pxr64VIXCqeWml2I5A;;2;UNFINISHED_HIGHER_EDU
8803;6229;9eFmr02hKy336-_WW3C2p;;8;NA
8803;6229;9eFmr02hKy336-_WW3C2p;;2;NA
8805;6230;gXoVp1gSF34IAOtYblvxY;;8;NA
8805;6230;gXoVp1gSF34IAOtYblvxY;;2;NA
8806;6231;UbBqQgzMOUyf6kGTOpG2B;;8;NA
8808;6232;f9XBNdkczo0Ybf0xfL-sC;;8;NA
8808;6232;f9XBNdkczo0Ybf0xfL-sC;;193;NA
8809;6233;gRo7yq1l0UaRwZhmo5gZK;;8;NA
8810;6234;jRMs9yQQ3PZfIly9HxaZk;;8;NA
8810;6234;jRMs9yQQ3PZfIly9HxaZk;;2;NA
8812;6235;v0pOahVsSuVdAHE1Nvpq5;;8;NA
8814;6236;GiyxUCCNgCpvklq0VMGmw;;8;NA
8816;6237;BiaX7KoNbd1WOJvpt9-I4;;8;NA
8818;6238;rZNn4qIep1-0oD9yoJfA4;;8;NA
8703;6239;D7Doq-dB0tO-yFI3FCOPv;;7;NA
8703;6239;D7Doq-dB0tO-yFI3FCOPv;;8;NA
8819;6240;KdKNnmoijoduNUEKB9p08;;8;NA
8819;6240;KdKNnmoijoduNUEKB9p08;;7;NA
8820;6241;SiHJMIu9eahyD2h8aWHmm;;8;NA
8822;6242;sPHSXqzYR-_N1mzL-ilUd;;8;NA
8822;6242;sPHSXqzYR-_N1mzL-ilUd;;107;NA
8823;6243;QVyy_QhBClrWrTquqRGHc;;8;NA
8825;6244;eBg-xXlceFVCmRUfL3fgP;;8;NA
8825;6244;eBg-xXlceFVCmRUfL3fgP;;2;NA
8826;6245;gF-tgoLevOcvDwIY1uh8B;;2;NA
8828;6246;K5pAwQq3wnBVX8ryJcPfJ;;8;NA
8829;6247;6Hu8u_EODOOiBJw4I8IVB;;8;NA
8829;6248;ha0i8JXfVrVppiZS-ZQuQ;;8;NA
8831;6249;#NAZWA?;;3;NA
8832;6250;3f6v_1tpXlQtbWH4snfD5;;8;NA
8832;6250;3f6v_1tpXlQtbWH4snfD5;;3;NA
8833;6251;JQTCrJRWnSzI3wkqEuPpp;;8;NA
8833;6251;JQTCrJRWnSzI3wkqEuPpp;;117;NA
8835;6252;F-oAE6dVDPM40wiT6v1uE;;8;NA
8837;6253;OjJaOlRVK-QGklkWIgJ4n;;8;NA
8838;6254;KQo7iT_mQv08SSp0YKqnn;;8;NA
8838;6254;KQo7iT_mQv08SSp0YKqnn;;109;NA
8841;6255;BYx9WV9GnKZXuzMWElR_y;;8;NA
8843;6256;hEeU_c87FnQ6WoWMnFC9v;;110;NA
8843;6256;hEeU_c87FnQ6WoWMnFC9v;;7;NA
8843;6256;hEeU_c87FnQ6WoWMnFC9v;;8;NA
8845;6257;m91QLEe5IkgswCKFuu96J;;134;NA
8845;6257;m91QLEe5IkgswCKFuu96J;;8;NA
8845;6257;m91QLEe5IkgswCKFuu96J;;140;NA
8847;6258;3Irh9NPOhtK1Tp88Z3785;;8;NA
8847;6258;3Irh9NPOhtK1Tp88Z3785;;2;NA
8849;6259;arQ0LObbO5W_XRyTVNy73;;8;NA
8851;6260;RZCxlh5OmLn7IhewFx1D8;;8;UNFINISHED_HIGHER_EDU
8834;6261;gYmAHHu7TdGuQ9igYEB3c;;7;HIGHER_EDU
8834;6261;gYmAHHu7TdGuQ9igYEB3c;;8;HIGHER_EDU
8852;6262;kvlFns8IRKI0o9CAFpQMZ;;8;NA
8853;6263;9JvquW6yZVySnE8FrDcsy;;8;NA
8855;6264;QSBOMTXk74IXnZav1QRPf;;8;NA
8855;6264;QSBOMTXk74IXnZav1QRPf;;109;NA
8856;6265;MfRQbgiy5wtL2CquOyJHu;;8;NA
8858;6266;dHS5N4F0zXeT65Ts8tjX7;;8;NA
8859;6267;1f7SvW5JabmhYMVzv69B4;;8;NA
8861;6268;oJz8NBz1_MTF6cNmLqpdH;;8;NA
8861;6268;oJz8NBz1_MTF6cNmLqpdH;;8;NA
8863;6269;RF2hxQpQI09-nSnnXDR-C;;2;NA
8864;6270;UIVMP8JdLZbdi1dZp_id8;;8;NA
8800;6271;OhFUSqYHqLLf0QB-sAttg;;8;NA
8866;6272;TzhW5a3mKbILdSXFbhH3L;;8;NA
8866;6272;TzhW5a3mKbILdSXFbhH3L;;2;NA
8868;6273;ZsMGpzjEuWMPc3bOA9NzD;;7;NA
8867;6274;xxiazTk138flkeeJysr6D;;3;NA
8870;6275;oOYh9sSdGzGnMNtULptpf;;8;NA
8872;6276;QTTceODy6taJcR8GMqkpy;;8;NA
8874;6277;zPyh4zRHq2N8ws5yKL9Dl;;8;NA
8874;6277;zPyh4zRHq2N8ws5yKL9Dl;;2;NA
1448;6278;eVuq78BaF8cXOyHOPc51b;;7;NA
8876;6279;P0BLFC2LOv8wd-_qEog7W;;8;NA
8876;6279;P0BLFC2LOv8wd-_qEog7W;;2;NA
8878;6280;GCFp5Qpg0jnO18sOQzwSJ;;7;NA
8880;6281;aj02gHtvUOIkvrgk60VgA;;8;NA
8882;6282;aIDiL1_vbTop5DeCQCtWh;;8;NA
8884;6283;30nylQHSGM9hxAQblgEi6;;8;NA
8886;6284;UncKP8ggL9BsA94V7VaeM;;8;NA
8888;6285;-3w2OB0zy-asslX2oQ0qX;;8;NA
8889;6286;iI9PaoCLCJbFwJ22BNOSR;;8;NA
8891;6287;DMBaAo9bJKUzCmOQQ81H-;;8;NA
8892;6288;sipadb4hU_GDdBJuk3vlj;;8;NA
8892;6288;sipadb4hU_GDdBJuk3vlj;;120;NA
8893;6289;r04KouD4Fcw27DknV3k0_;;8;NA
8895;6290;hFMpqfM05cZ-gKEz-8ASt;;8;NA
8897;6291;8dWsBf05yUnP2kSQCm4IX;;8;NA
8898;6292;SXl6695PR2kvOmphWo1mK;;2;NA
8437;6293;amk00xjWTQAu9Aus8nIcK;;8;NA
8892;6294;Z6mz4Gm69Fc3I_Eyc9q-g;;8;NA
8892;6294;Z6mz4Gm69Fc3I_Eyc9q-g;;120;NA
8902;6295;18cMJWOm8678LHXDSxzwZ;;2;NA
8905;6296;f6AGjK-0iZAGKzbV8gOrh;;3;NA
8907;6297;XiDsf2wUSsDFE2tUlJLiO;;165;NA
8907;6297;XiDsf2wUSsDFE2tUlJLiO;;8;NA
8908;6298;QxT-7wcGpS2-8Qw3WgpQM;;8;NA
8912;6299;9g2Uf8K1eD0eeFfy2Xqug;;8;NA
8913;6300;2hV9GYvS2dHmMasZzh4s1;;8;NA
8913;6300;2hV9GYvS2dHmMasZzh4s1;;110;NA
8913;6300;2hV9GYvS2dHmMasZzh4s1;;2;NA
8915;6301;Wdfm1zjmT1G4SSB3qB3Cs;;2;NA
8916;6302;XPwpatjkZpleau2DcebOU;;8;NA
8919;6303;FpgQcxRKTdQ_bS16hX213;;159;NA
8919;6303;FpgQcxRKTdQ_bS16hX213;;8;NA
8919;6303;FpgQcxRKTdQ_bS16hX213;;2;NA
8921;6304;PizueUp7rkiF2vsCy58dm;;8;NA
8923;6305;WdfAHdJ6054WRXawy7sO_;;7;NA
8923;6305;WdfAHdJ6054WRXawy7sO_;;112;NA
8923;6305;WdfAHdJ6054WRXawy7sO_;;107;NA
8925;6306;v3ZfOUwEqNFhreXuuvBZV;;8;NA
8925;6306;v3ZfOUwEqNFhreXuuvBZV;;197;NA
8925;6306;v3ZfOUwEqNFhreXuuvBZV;;110;NA
8927;6307;alUZvvnCsWbMYR-TWUBXQ;;4;NA
8929;6308;rAHXPuvVe_zsV2x84HOtN;;2;NA
8929;6308;rAHXPuvVe_zsV2x84HOtN;;7;NA
8931;6309;Tq3ZqKa1Guz-_Rm2ZOqJc;;110;NA
8931;6309;Tq3ZqKa1Guz-_Rm2ZOqJc;;7;NA
8933;6310;FqwQPn8OtqMCse_wUZz-l;;8;NA
8935;6311;xoAsG5QwFmAlIhTdGNGaw;;8;NA
8937;6312;dlUX1w154aI2peaCKzdsm;;8;NA
8937;6312;dlUX1w154aI2peaCKzdsm;;2;NA
8938;6313;NMz4emEpR7M8YLlh4ystH;;8;NA
5744;6314;kTenbAAY-Chllu0kXtW9T;;7;NA
8941;6315;mUuubICJCn2RON0C6HSRH;;8;NA
8942;6316;mRuVZJhRa7ryQ8_CZXEh0;;8;NA
8944;6317;plQ0QCxOgHjeda87YzN6_;;8;NA
8946;6318;5nWqeWx2JG3j3_S7s7rVo;;107;NA
8946;6318;5nWqeWx2JG3j3_S7s7rVo;;8;NA
8946;6318;5nWqeWx2JG3j3_S7s7rVo;;3;NA
8946;6318;5nWqeWx2JG3j3_S7s7rVo;;125;NA
8951;6320;fCNNLwHbfXm9i4_abKUXT;;4;NA
8951;6320;fCNNLwHbfXm9i4_abKUXT;;7;NA
8951;6320;fCNNLwHbfXm9i4_abKUXT;;8;NA
8952;6321;U35BkDoAV5wIRFSohJj6n;;8;NA
8952;6321;U35BkDoAV5wIRFSohJj6n;;110;NA
8953;6322;llnpLOrCgsqwyQWCNlPx-;;8;NA
8954;6323;1SEuRk2LuFrxOt8qyS921;;8;NA
8955;6324;eMvKLo4CVSShLxjZJSWOO;;112;NA
8955;6324;eMvKLo4CVSShLxjZJSWOO;;8;NA
8956;6325;kYt7lWjWTyBVjwSWNVqRd;;2;NA
8958;6326;SRojsvJGRvg7WrWxXSLQF;;8;NA
8959;6327;NCl4W9U70Jzeua5a9PjhT;;8;HIGHER_EDU
8961;6328;TSlX-PYqK5d2vNn9viF5F;;8;NA
8962;6329;7IKzYBv-v-LO23U_-95tk;;8;NA
8964;6330;S_VP5MDl1poWYZGqZV-Pi;;2;NA
8964;6330;S_VP5MDl1poWYZGqZV-Pi;;8;NA
8964;6330;S_VP5MDl1poWYZGqZV-Pi;;8;NA
8964;6330;S_VP5MDl1poWYZGqZV-Pi;;142;NA
8966;6331;UkdTDcIhKIcaVqjAPAIys;;8;NA
8968;6332;nfheSmPUrFqDxDuiZuxkl;;8;NA
8969;6333;9r9pfuiNfbQRcMT7_Qkzg;;8;NA
8973;6334;ey24sntjImxu-z4gjNAj3;;8;NA
8973;6334;ey24sntjImxu-z4gjNAj3;;3;NA
8964;6335;NfxCrYMf0zV6rKSNnQdg2;;2;NA
8975;6336;ECJmDGfZStiuNId1Mm8sC;;8;NA
8976;6337;3TLxZ7EmTIcJkmUAIBZt2;;8;NA
8977;6338;co6Pc05zbQ8qLeje4Kq04;;8;NA
8979;6339;82ubDf6GqgKPqokya4QeA;;8;NA
8981;6340;3_quc55PtYcnO1ajS_y8p;;8;NA
8981;6340;3_quc55PtYcnO1ajS_y8p;;120;NA
8982;6341;lB2sxNmo35e0I1IxVHzdK;;2;NA
8984;6342;XuN2SLfp5BsNwXrfdaiU3;;8;NA
8986;6343;dygWmXvxMUaeVhZHniRZD;;8;NA
8986;6343;dygWmXvxMUaeVhZHniRZD;;4;NA
8987;6344;SuY2Hz1lLw55t6W5Y1XEv;;7;NA
8989;6345;2yHnCeUzTOHrqWrImlwHO;;8;NA
8989;6345;2yHnCeUzTOHrqWrImlwHO;;2;NA
8990;6346;TIx1s8ZXrhEkzUnnJ35Pe;;8;NA
8991;6347;lxvEad99dsEFiT-3yaHEy;;8;NA
8993;6348;_OTb-0tB8sCLaImQ7-PAB;;8;NA
8995;6349;d1fSojZxq_woTVGAGOl9w;;8;NA
8995;6349;d1fSojZxq_woTVGAGOl9w;;7;NA
8997;6350;4p_OHKtImdx47o5uD31ve;;8;NA
8998;6351;Q0zaXN7Be9KK7mAdGHODw;;120;NA
9000;6352;PVfVRmsdcq36uxYgsBtAn;;8;NA
9002;6353;DD317V3rQ5YAnznhnWZ-M;;8;NA
9002;6353;DD317V3rQ5YAnznhnWZ-M;;2;NA
9002;6354;Tue2AumkwMIrlEadDjIU6;;8;NA
9002;6354;Tue2AumkwMIrlEadDjIU6;;3;NA
8014;6355;NT31M6tW6VnaQCXPtks6W;;7;HIGHER_EDU
8014;6355;NT31M6tW6VnaQCXPtks6W;;8;HIGHER_EDU
8014;6355;NT31M6tW6VnaQCXPtks6W;;2;HIGHER_EDU
8247;6356;fPhl7EmddTsrlJWAHVtPV;;8;NA
9004;6357;elFfPO7Fkbq4zg4cUdCBm;;8;NA
9004;6357;elFfPO7Fkbq4zg4cUdCBm;;185;NA
9004;6357;elFfPO7Fkbq4zg4cUdCBm;;105;NA
9005;6358;MKxieehs_wdyE0TdOHahH;;2;NA
9006;6359;sv7ZSi0wMABTP4nfR3OO2;;8;NA
9007;6360;BvKQmh9Zh7g7Z3CcDTQG9;;8;NA
9008;6361;9iJ6eBHuhFA0h9fbIvonB;;8;NA
9009;6362;z1S3Sd971Kx6-XIvD74eb;;8;NA
9009;6362;z1S3Sd971Kx6-XIvD74eb;;2;NA
9012;6364;IyRObZizv9AXKnnd192Dk;;2;NA
9014;6365;UOiFyFrkREidC1nipTrky;;8;NA
9014;6365;UOiFyFrkREidC1nipTrky;;125;NA
9016;6366;CTc670tItORNDhDFA3sgm;;8;NA
9016;6366;CTc670tItORNDhDFA3sgm;;129;NA
9018;6367;aPOj2WCP-o_KdKm6DhUls;;8;NA
9018;6367;aPOj2WCP-o_KdKm6DhUls;;8;NA
9020;6368;-8zHbmUmMnqeoEVb5yMeU;;8;HIGHER_EDU
9021;6369;EjXuHfAt_YwcbHJ4UwtTU;;2;NA
9022;6370;1JSFvP8H62XOAhIOFPvot;;8;NA
9023;6371;mD07mCxFBD6I16np2iKc6;;8;NA
9024;6372;B6IqS9SqGgBtz3POIkq2F;;8;NA
9024;6372;B6IqS9SqGgBtz3POIkq2F;;125;NA
9028;6373;3rl5RUbRF41ihTYtCdCxQ;;2;NA
8539;6374;7hJdyVipp_l3uaryzcSum;;8;NA
8539;6374;7hJdyVipp_l3uaryzcSum;;2;NA
9029;6375;27_67oqiyDXfs5NEi8U3D;;8;NA
9030;6376;3dqLr2XL3uAYZaHA2_2B7;;8;SECONDARY
9032;6377;Efz_HVIyseG0qq9vqNDRU;;8;NA
9032;6377;Efz_HVIyseG0qq9vqNDRU;;2;NA
9034;6378;wEC0P7r7SO3AovqauidGE;;8;NA
9036;6379;F_f2oDMZIQPOEuNuEI1pJ;;8;NA
9036;6379;F_f2oDMZIQPOEuNuEI1pJ;;129;NA
9037;6380;yiK47GC2qQddUp9zQnNxe;;8;NA
9039;6381;YLc6xHQFWa5JofTUif40K;;8;NA
9026;6382;AmtAEW9f1Mz5CNpqQ51Fb;;8;NA
9042;6383;Z2nz6l4O5mnz7WxjsMDXG;;8;HIGHER_EDU
9044;6384;6ZE8bPKZ1H8K77EAUe3-n;;8;NA
9045;6385;FB2K4hfY9o_wIwNmmrZKP;;8;NA
9047;6386;4F3cSg1OnbDWkr_1623ep;;8;NA
9047;6386;4F3cSg1OnbDWkr_1623ep;;109;NA
9049;6387;BagmBQpZFCeL40i-nBHGH;;8;NA
9015;6389;1XyTBM6w-76EHK41IKxqZ;;110;NA
9054;6390;vJprfthoC22TxTfLE45V1;;8;NA
9049;6391;Yq3gKQ7G-Lc7_q7hej_GG;;8;NA
9056;6392;p1pTCdby4A2AQHt0MlPL3;;8;NA
9058;6393;KOlMTa9ocXF2GQQ3sjfW7;;2;NA
9059;6394;#NAZWA?;;8;NA
9060;6395;2SAFEmW4Nn_JzVsBwl-jc;;8;HIGHER_EDU
9062;6396;Sxk1RY7PZhuM2W7YfEstf;;8;NA
9063;6397;10Ri7EmaIDwiFPFJwazhu;;8;NA
9063;6397;10Ri7EmaIDwiFPFJwazhu;;111;NA
9065;6398;639xLDFt6q-VmjL_G05Ia;;2;NA
9067;6399;61RPLF4ekiF8Zj--ASKH8;;8;NA
1500;6400;eqmAJWQRo6zjHScTOM1S5;;7;NA
1500;6400;eqmAJWQRo6zjHScTOM1S5;;7;NA
1500;6400;eqmAJWQRo6zjHScTOM1S5;;7;NA
9068;6401;2Be8LqF9yGxQga3xKpDaF;;8;NA
9068;6401;2Be8LqF9yGxQga3xKpDaF;;110;NA
9070;6402;80lYsmPOz4TUoDbHba20o;;8;NA
9072;6403;sDrDXHXAUnE_q475ljL40;;7;NA
9072;6403;sDrDXHXAUnE_q475ljL40;;8;NA
9074;6404;Y9VazYPb4d4guff-aadDH;;8;HIGHER_EDU
9075;6405;h6eBgT1ypjD3AtiJ6M4Ew;;7;NA
9076;6406;IJQdm2KUWOv4g-Yl8OmRU;;8;NA
9078;6407;HYLIZuZO9IMTWESX2_xNL;;8;NA
9079;6408;JEwZdKpVJ0n0RRZoExbiv;;8;NA
9079;6408;JEwZdKpVJ0n0RRZoExbiv;;105;NA
9079;6408;JEwZdKpVJ0n0RRZoExbiv;;2;NA
9081;6409;wTksXV-gTGdfq9YAzlKMN;;7;NA
9081;6409;wTksXV-gTGdfq9YAzlKMN;;8;NA
9082;6410;aP1nR3f9_Yaj1F9-HSsXl;;8;NA
9083;6411;xEN3vxCilaQp48B4BaP0f;;2;HIGHER_EDU
9085;6412;cCnSgy0Rf-TyRBKFRYzDS;;7;NA
9085;6412;cCnSgy0Rf-TyRBKFRYzDS;;8;NA
9087;6413;A97nWM7mPwgTho1BywWyN;;8;NA
9087;6413;A97nWM7mPwgTho1BywWyN;;2;NA
9088;6414;twqsCKqcw-mv12zo91m2Y;;8;NA
9088;6414;twqsCKqcw-mv12zo91m2Y;;7;NA
9088;6414;twqsCKqcw-mv12zo91m2Y;;2;NA
9090;6415;X5Xwwq5cfwcKnDGc7vjjI;;2;NA
9091;6416;aTGVvDgj8Z8ktuOtV-h-J;;8;NA
9092;6417;azG2_wjtVqfome9sXlpKk;;8;NA
9093;6418;TRnZep0Yn5cco-S8SiIPX;;8;NA
9095;6419;a8-JR3CSZ9y9AqHKQF1Ji;;8;NA
8838;6420;RFLd5oIV1FFB7NIDoA_ZZ;;8;NA
8838;6420;RFLd5oIV1FFB7NIDoA_ZZ;;109;NA
9098;6421;QIbNCwi4ZUD3oZhadwdMo;;8;NA
9099;6422;pILhBXM3tPp65YdC7gKfU;;8;HIGHER_EDU
8952;6423;bHVRS3uGLWZ09NEjHtj-2;;8;NA
8952;6423;bHVRS3uGLWZ09NEjHtj-2;;110;NA
9101;6424;JU4-iWeoQzUab1EmNHrDP;;7;NA
9102;6425;tscpOGM_Bu7g-DZaRAoip;;8;NA
9103;6426;i1gr1XsrF_AdDffFlG1P-;;8;NA
9103;6426;i1gr1XsrF_AdDffFlG1P-;;129;NA
9104;6427;tJeDWSDNGg-V8pEvYJ21u;;8;NA
9083;6428;Rt1lh2i3h0eBrMM4I-9bk;;2;NA
9106;6429;ITWc5Aqvpxj4Oav2Ujw0Y;;8;NA
8979;6430;D9T45vkGGA7kOz3h0yAjK;;8;NA
8979;6430;D9T45vkGGA7kOz3h0yAjK;;2;NA
9108;6431;qY6yOM3ACVYcTqoSrjMua;;8;NA
9108;6431;qY6yOM3ACVYcTqoSrjMua;;2;NA
9109;6432;Dsv7mE37aTgs58UTZwCD9;;105;NA
9109;6432;Dsv7mE37aTgs58UTZwCD9;;8;NA
9110;6433;_fE26EPUb3ii5NrHLahPv;;8;NA
9111;6434;FTM3bMKlA_UPeTlExIvRa;;7;NA
8181;6435;oIIkelGSd9fQ0Ae8IqK2F;;7;NA
9113;6436;Ryj_Tfl3MR3hjLQKhMYol;;8;NA
9114;6437;OYOfCg8AlRz7zermljRZo;;8;HIGHER_EDU
9115;6438;4GDSubjoBffVHyXOHU8N7;;106;NA
9115;6438;4GDSubjoBffVHyXOHU8N7;;8;NA
9117;6439;JdaUuqtspABYCbxafrPnW;;8;NA
9119;6440;ig4HooTG2U0UqSFjWEx5d;;8;NA
9119;6440;ig4HooTG2U0UqSFjWEx5d;;107;NA
9121;6441;EF7CgMGCiuDdfUUh6Cc-c;;2;NA
9123;6442;jUqUAtGuOYEZ1ypOMp2j-;;8;NA
1044;6443;luut0l3EIqkARQRzyQkZi;;7;NA
5351;6444;cClYD3e5mu1Oclg8unL_n;;7;NA
5351;6444;cClYD3e5mu1Oclg8unL_n;;8;NA
9125;6445;TGAlvrB0SAoofgPDksyW_;;2;NA
9126;6446;bzgCJl4KFVWB-cG0hm_8P;;7;NA
9130;6447;5V6JPkUPajxwqZMdj5b3_;;8;NA
9132;6448;sr2C2LGtkKspYA6l68Kip;;8;NA
9134;6449;89GuONgD8cKeEMFga5x6P;;8;NA
9136;6450;WGbPW3M6ov-qwqT15Ox8v;;8;NA
9136;6450;WGbPW3M6ov-qwqT15Ox8v;;110;NA
2839;6451;sgM3ltXvNt9-57VtQ1HGO;;7;NA
9138;6452;7W1Jzlrsg0R5pTuuYkplQ;;8;TECHNICAL
9139;6453;omDqA3ocWs152VRxHeBKs;;8;NA
9139;6453;omDqA3ocWs152VRxHeBKs;;2;NA
9141;6454;9eeWv-0pckPJWvpRKGugS;;8;NA
9142;6455;I53G1VMEw0F89M0DdGX3j;;7;NA
9144;6456;M8wARHwgP1IDOcA4aI7Pp;;8;HIGHER_EDU
8253;6457;Xe0xbfzWnCOEWc31Fa8_L;;8;NA
9146;6458;dsl3vS2RSS5Uow5_xKxn8;;8;NA
9147;6459;g7Ri8MzQ_odMFpweNQkYk;;8;NA
9148;6460;t-qBFfOVNKIBmV-BxFHtY;;8;NA
9148;6460;t-qBFfOVNKIBmV-BxFHtY;;3;NA
9150;6461;ruik7dcipuaTwFKfw4JnR;;8;NA
9150;6461;ruik7dcipuaTwFKfw4JnR;;5;NA
9152;6462;R1HtcFDGs3I8ZjeB1tICV;;8;NA
9153;6463;lzptXRHV0TVZv7hc9H8q5;;8;NA
9153;6463;lzptXRHV0TVZv7hc9H8q5;;110;NA
9155;6464;yZ1YA0mNX2LKq5IBWZRaN;;8;NA
9155;6464;yZ1YA0mNX2LKq5IBWZRaN;;144;NA
9155;6464;yZ1YA0mNX2LKq5IBWZRaN;;2;NA
9157;6465;V_GW3obver6IyHU7kFy_P;;8;NA
9158;6466;T6JmYYFzf0HAmnKyJNv2P;;8;NA
9158;6466;T6JmYYFzf0HAmnKyJNv2P;;114;NA
9164;6467;a_hRtUn7UTEuMcF6lntLq;;8;HIGHER_EDU
9166;6468;#NAZWA?;;8;HIGHER_EDU
9166;6468;#NAZWA?;;3;HIGHER_EDU
9167;6469;auvwuP8Wrf7ACvCoa0Jvt;;8;NA
9169;6470;z9O2eSzs1EjIs8XnAfiBk;;8;NA
9169;6470;z9O2eSzs1EjIs8XnAfiBk;;2;NA
9171;6471;YGRMAchBGvEA1okkK9LE4;;7;NA
8189;6472;DNViJu3K9mijKSp8Gi7Yk;;7;NA
8189;6472;DNViJu3K9mijKSp8Gi7Yk;;8;NA
9173;6473;8-XsUkN-9OEUudYFPWyDr;;7;NA
9174;6474;ZThBi6mv0prtcSfoRW3uj;;7;NA
9174;6474;ZThBi6mv0prtcSfoRW3uj;;117;NA
9175;6475;fzu5TpJBVvC8SJcMmegiB;;130;NA
9175;6475;fzu5TpJBVvC8SJcMmegiB;;144;NA
9175;6475;fzu5TpJBVvC8SJcMmegiB;;5;NA
9176;6476;0htnswOHm0uGbAdzDDq_L;;7;NA
9179;6477;8iYX2IQ30SbzGmx36-fi0;;8;NA
9181;6478;4qGO80wWFg-u3UEiIwghY;;8;NA
9183;6479;lbg3Uv6Md4WRyBI71sYh_;;8;NA
9183;6479;lbg3Uv6Md4WRyBI71sYh_;;2;NA
9184;6480;Epkk9v30Q8BHRhbnl5epA;;7;NA
9186;6481;6vlUww-z5NhnzqEDbtW6n;;8;NA
9188;6482;SlhPC0ApD-xtB05Fxb_5v;;109;NA
9188;6482;SlhPC0ApD-xtB05Fxb_5v;;8;NA
9190;6483;56k8Igyxd2vIxQmQB1Bs-;;8;NA
9192;6484;ztVzsNsd9nVNN7o7nMuff;;8;NA
9193;6485;9FP8tcCiR6EZ0qvc9xXH6;;8;NA
9194;6486;bcZDDYU805a9qGYaMXR8g;;8;NA
9194;6486;bcZDDYU805a9qGYaMXR8g;;3;NA
9195;6487;qmUIuNC0R1IQnqCJpKzTN;;8;NA
9195;6487;qmUIuNC0R1IQnqCJpKzTN;;2;NA
9197;6488;cYGIsaR759uucExoHw8jK;;8;HIGHER_EDU
9198;6489;1L9tboc8YhWfhT_Wi2sOV;;8;NA
9198;6489;1L9tboc8YhWfhT_Wi2sOV;;110;NA
9200;6490;UtB2RIZTBGvpHlEUhIQtn;;7;NA
9200;6490;UtB2RIZTBGvpHlEUhIQtn;;8;NA
9200;6490;UtB2RIZTBGvpHlEUhIQtn;;2;NA
9200;6490;UtB2RIZTBGvpHlEUhIQtn;;105;NA
9202;6491;1ELnPVx3aWt4wOD4pUeUz;;8;NA
9202;6491;1ELnPVx3aWt4wOD4pUeUz;;110;NA
9203;6492;2kQztDigE_zEPV06Ku4Gi;;7;NA
9203;6492;2kQztDigE_zEPV06Ku4Gi;;2;NA
9205;6493;GmK2vcFMHojrX9relCvuX;;8;NA
9205;6493;GmK2vcFMHojrX9relCvuX;;110;NA
9206;6494;gmx6m8-ovDr6V39vTVooL;;8;NA
9206;6494;gmx6m8-ovDr6V39vTVooL;;8;NA
9208;6495;ouVN9GQl1geQfg1r_Ta2I;;7;NA
9208;6495;ouVN9GQl1geQfg1r_Ta2I;;2;NA
9211;6497;cpfI_FZ7lJktp4ogcL_cp;;8;NA
9211;6497;cpfI_FZ7lJktp4ogcL_cp;;120;NA
9214;6498;tBlY0HrTYlGukGvGDmwHb;;7;NA
9215;6499;vEDODISwyOYQlAVXHhc3y;;3;PHD
9215;6499;vEDODISwyOYQlAVXHhc3y;;114;PHD
9215;6499;vEDODISwyOYQlAVXHhc3y;;8;PHD
9216;6500;6Hx-TkPUptU2YDzaW5pkB;;7;NA
9216;6500;6Hx-TkPUptU2YDzaW5pkB;;2;NA
9216;6500;6Hx-TkPUptU2YDzaW5pkB;;8;NA
9217;6501;wSjVwG2AFO0zmgklopxkg;;8;NA
9284;6502;pNCpbFYPJ0-RDyd-jmM_P;;8;NA
9223;6504;6CIxi5UnPmy9Ua9WXJdsd;;8;NA
9225;6505;U13sh53ex-h11VSOhnrWQ;;8;NA
9220;6506;eyYks0drjaf4ILosMwhNO;;7;NA
9226;6507;Q25JueKvuxpzLkhVOhO9q;;7;NA
9226;6507;Q25JueKvuxpzLkhVOhO9q;;109;NA
9227;6508;vwHS6zLhN8zB0eeBJNqU1;;8;NA
9227;6508;vwHS6zLhN8zB0eeBJNqU1;;125;NA
9227;6508;vwHS6zLhN8zB0eeBJNqU1;;6;NA
9229;6509;8xI3dEvjx3fVho95Vp65z;;8;NA
9231;6510;l-wsv_ttvD9YOD-69c7Cv;;8;NA
9235;6511;NOWcfEDqSnmoN7JgAsQ3y;;108;NA
9235;6511;NOWcfEDqSnmoN7JgAsQ3y;;171;NA
9235;6511;NOWcfEDqSnmoN7JgAsQ3y;;8;NA
9236;6512;KapLuxryFNHgCfebnO0H7;;8;NA
9236;6512;KapLuxryFNHgCfebnO0H7;;105;NA
9238;6513;dWfeis3shXe3jZ8L8LP6O;;7;NA
9239;6514;bk50oTdIYyXNyd2smGhDJ;;7;NA
9241;6515;i4FJ55IQJLWFpH0j01wj2;;6;NA
9241;6515;i4FJ55IQJLWFpH0j01wj2;;197;NA
9241;6515;i4FJ55IQJLWFpH0j01wj2;;142;NA
9241;6515;i4FJ55IQJLWFpH0j01wj2;;144;NA
9241;6515;i4FJ55IQJLWFpH0j01wj2;;8;NA
9243;6516;ew_O1k10grwm_URaMXYmg;;8;NA
9245;6517;4axJJw45FOhW8oX_IlqcH;;3;NA
9247;6518;oAD-ZMFLxAVIBuiQNilK4;;8;NA
9249;6519;cMIPIzTW7bNx_USZis86w;;8;NA
9251;6520;y71ZKrenzlBINOSyAj_11;;8;NA
9252;6521;MKMSqqmIxv1Z7sBXf9TEU;;8;NA
9254;6522;S7aJOPo0-eAbKwAmuidW5;;105;NA
9254;6522;S7aJOPo0-eAbKwAmuidW5;;8;NA
9254;6522;S7aJOPo0-eAbKwAmuidW5;;6;NA
9256;6523;vEKiGvg4OGdtNByzYMSHT;;8;NA
9257;6524;3V9YDlnoLjTN0zNmLO4CP;;131;NA
9257;6524;3V9YDlnoLjTN0zNmLO4CP;;3;NA
9259;6525;vo0CYBvWzpTiHDXYf-Rwe;;8;NA
9260;6526;dblIIz3097yfhBvjqUMbZ;;7;NA
9260;6526;dblIIz3097yfhBvjqUMbZ;;2;NA
9262;6527;v3mQO1AxvAGecsvv6A_bs;;7;NA
9262;6527;v3mQO1AxvAGecsvv6A_bs;;8;NA
9264;6528;1HE7hE--vVuOSK7MJ2N3y;;7;NA
9264;6528;1HE7hE--vVuOSK7MJ2N3y;;111;NA
9264;6528;1HE7hE--vVuOSK7MJ2N3y;;2;NA
9265;6529;#NAZWA?;;7;NA
9266;6530;aTP2vKbL1Fe9BWkIFmTC9;;7;NA
9267;6531;UQ1756fP9ULncVeTfn0xL;;7;NA
9268;6532;h6C5RIWvzmkWXBVYc8c_4;;7;NA
9271;6534;0oVra-Yrs5rtSkNQ0AHxg;;7;NA
9272;6535;1AYBVWLCOZnPeTsK0CETL;;2;NA
9272;6535;1AYBVWLCOZnPeTsK0CETL;;7;NA
9272;6535;1AYBVWLCOZnPeTsK0CETL;;193;NA
9274;6536;Z7m7rO-C89BwiDU-vNyDm;;7;NA
9276;6537;XYJfVFmt-W4AJdlEiRqfz;;7;NA
9278;6538;vTqzOBuqM8A7SfVOyKfdT;;7;NA
9268;6539;Xdckj9zQJ6yAqs6C_kg8K;;7;NA
9280;6540;cJu9KdU92GatxNuMxzoUw;;8;NA
9281;6541;cup52Q9Wr0gqvApAJ0APo;;8;NA
9283;6542;OwtD_v2nPkxP99oABgS-m;;8;NA
9285;6543;sWPqc7fNQ7KUIJ3Pq-ot_;;7;NA
9285;6543;sWPqc7fNQ7KUIJ3Pq-ot_;;2;NA
9287;6544;eL__nJPEoNG5CCArNRE2J;;8;NA
9287;6545;#NAZWA?;;8;NA
9289;6546;9-KQKxN9A4EklyI4NUIYN;;8;NA
9291;6547;mNmVm1JosHjDHKZZ6PVWL;;8;NA
9292;6548;nSBd--lrELh0GIPLz-l2o;;7;NA
9292;6548;nSBd--lrELh0GIPLz-l2o;;3;NA
9292;6548;nSBd--lrELh0GIPLz-l2o;;183;NA
9295;6549;pOYRXoEyC4Hw78nvcEfl1;;8;NA
9293;6550;JACqCEr13XBBwedRgZ2hW;;8;NA
9293;6550;JACqCEr13XBBwedRgZ2hW;;105;NA
9293;6550;JACqCEr13XBBwedRgZ2hW;;144;NA
9297;6551;V7JFaunoONTEjF-itTTZ8;;8;NA
9299;6552;dq9JbMdmKHZaiYkB8NKS-;;8;NA
9299;6552;dq9JbMdmKHZaiYkB8NKS-;;3;NA
9300;6553;1vbeMvOU2wJ4RiSx-MZhq;;7;NA
9302;6554;zx_BjBwvCH5PaCX78WV8f;;2;NA
9303;6555;eIjp9qZV9TBrfnRRoj91m;;8;NA
9303;6555;eIjp9qZV9TBrfnRRoj91m;;109;NA
9305;6556;nqmEmyldM-RzLFYxGVPRb;;8;NA
9306;6557;_VGy1Iy3g2-d13Pt5KZIH;;8;HIGHER_EDU
9306;6558;L7H2r_vVIhrWEgwx8u8Jk;;8;NA
9307;6559;s6UAA1aA3T2pZKExtlyV_;;8;NA
9309;6560;QLUIN30pPN4Ra5R-gkd7W;;8;NA
9313;6561;X_aGoiRJPMJXimtoGterS;;7;NA
9313;6561;X_aGoiRJPMJXimtoGterS;;8;NA
9311;6562;bUa3PGDH9MXPGJBf9ZArJ;;8;NA
9314;6563;EB6b5Fu3zezCZidOwmrKM;;8;NA
9316;6564;SS_cEL3PcvQFERkIuZuem;;8;NA
9318;6565;Q_cYujpccgUTK1quAdIHG;;7;NA
9318;6565;Q_cYujpccgUTK1quAdIHG;;8;NA
9318;6565;Q_cYujpccgUTK1quAdIHG;;144;NA
9320;6566;vpzZ5doAXSHkeuUkTtbou;;8;NA
9322;6567;wOTE8srjkjggWJ3JBOk-V;;158;NA
9322;6567;wOTE8srjkjggWJ3JBOk-V;;8;NA
9324;6568;7zvaycHQHenJDfwDr1TQt;;8;NA
9326;6569;rkEEZyBOmWWeJ-qVQ4qOt;;2;NA
9328;6570;Z7oWoeWnvq8t3cPv-4rta;;8;NA
9328;6570;Z7oWoeWnvq8t3cPv-4rta;;105;NA
9328;6570;Z7oWoeWnvq8t3cPv-4rta;;178;NA
9328;6570;Z7oWoeWnvq8t3cPv-4rta;;3;NA
9330;6571;56f2D9Yh9x5Gyxe26m1c0;;8;NA
9330;6571;56f2D9Yh9x5Gyxe26m1c0;;125;NA
9330;6571;56f2D9Yh9x5Gyxe26m1c0;;112;NA
9330;6571;56f2D9Yh9x5Gyxe26m1c0;;2;NA
9331;6572;aYJrGP1VfKBI2QjuoDP99;;8;NA
9335;6573;lFOtCaFO4UbUuNORQuG3M;;7;NA
9338;6574;JkTdb032z8u0HS05i8zQy;;8;NA
9340;6575;YoaZp3TqPds03YLkey3_H;;8;NA
9342;6576;E6lPH576KUkaoF3CFYc3s;;2;NA
9344;6577;mauowLMuT2hjD33XmpLLh;;8;NA
9345;6578;NzGJ2FSVc6V9rPPwtjXBU;;8;NA
9345;6578;NzGJ2FSVc6V9rPPwtjXBU;;129;NA
9346;6579;kJArJTvW36f85tWV2j7kC;;3;NA
9350;6580;CaB2FmXsB03yVzw2phFh0;;8;NA
9350;6580;CaB2FmXsB03yVzw2phFh0;;2;NA
9352;6581;djyk1ywUPDlZWcdX6d3C2;;122;NA
9352;6581;djyk1ywUPDlZWcdX6d3C2;;8;NA
9354;6582;lA_7nlr352iUgYI_0K_T1;;8;NA
9356;6583;OABcREAN-vHyd_vD4ScC-;;8;NA
9358;6584;UVrEkmXPXKyRS2MisKBRH;;8;NA
9359;6585;o2NKNewOmU8-QY-tWhWaK;;8;NA
9362;6586;RNR9Eqkoz_8fnaX46d71V;;8;NA
9362;6587;S1stbHraTseC9O1L8O2XI;;8;NA
9363;6588;Cc3oNCN07QO4BCHcpZQev;;8;NA
9363;6588;Cc3oNCN07QO4BCHcpZQev;;105;NA
9364;6589;k4ET6MqfNUfieHv45kBim;;8;NA
9365;6590;k4yjyhDjYYH37AvhAv7d8;;8;NA
9366;6591;#NAZWA?;;3;NA
9368;6592;Os3ZnOizRJSMmVgU5aYHh;;8;NA
9370;6593;AcrisHfTwbsXGiTjGdnkM;;3;NA
9370;6593;AcrisHfTwbsXGiTjGdnkM;;105;NA
9372;6594;1AJpAmv59Qb-iPy8N2IpP;;3;NA
9365;6595;A1jGbImi_95PglGldp1xU;;8;NA
9375;6596;0-JEXZsVKV1zkOpsD3SSI;;8;HIGHER_EDU
9375;6596;0-JEXZsVKV1zkOpsD3SSI;;7;HIGHER_EDU
9377;6597;iCf7w1sZWH0VZcMx2I2t-;;8;NA
9379;6598;_zW2Xx0nvaFWFkg6wgSN3;;8;NA
9381;6600;SDYR4rzNHwI0Rsx0DRCQ1;;8;NA
9383;6601;eRpVt27-D69ckB15PRN4D;;8;NA
9383;6601;eRpVt27-D69ckB15PRN4D;;115;NA
9385;6602;#NAZWA?;;8;NA
9385;6602;#NAZWA?;;2;NA
9385;6602;#NAZWA?;;109;NA
9348;6603;_nSH1CW_CXJWuvGHjjF5T;;8;NA
9387;6604;NKazojcTMyATurr2czMkj;;3;NA
9387;6604;NKazojcTMyATurr2czMkj;;105;NA
9388;6605;VNG10P9yHrq52ljWIy0Gz;;8;NA
9389;6606;t2BbciUtvlUyptelIgyQo;;8;NA
9393;6607;8xPB8sc2dr96pZY9HIBzI;;8;NA
9393;6607;8xPB8sc2dr96pZY9HIBzI;;129;NA
9394;6608;xR1JsVWmnZ6hXxSc8qyZq;;2;NA
9398;6609;jA_tvyJezg-QKBcYvcR1j;;8;NA
9401;6610;o8gbxqKe2V5EMFETkvABj;;8;NA
9403;6611;lJD4VqABePcjGviKrvJeb;;8;NA
9403;6611;lJD4VqABePcjGviKrvJeb;;113;NA
9404;6612;yYlcDNCum7QYkahvIQ8sw;;8;NA
9404;6612;yYlcDNCum7QYkahvIQ8sw;;2;NA
9405;6613;ndJwWBewD2p_05Zd18M-k;;8;NA
9407;6614;ftrTBeXvN0CSuDeFJZZEw;;7;UNFINISHED_HIGHER_EDU
9408;6615;3vDYTeKGdoOmhPsfV22TT;;8;HIGHER_EDU
9408;6615;3vDYTeKGdoOmhPsfV22TT;;112;HIGHER_EDU
9410;6616;dM319GvKacTGFkafoiKSB;;7;NA
9412;6617;AdyQtTpUFzFQfDmKPjMHK;;8;NA
9412;6617;AdyQtTpUFzFQfDmKPjMHK;;2;NA
9414;6618;UY5n2qcwCcLPvPPJYSD2_;;8;NA
9416;6619;zmxNWaYgZekPCDX2VxFnS;;7;NA
9418;6620;1k1vqQwtRdAphfLYfTonw;;8;NA
9418;6620;1k1vqQwtRdAphfLYfTonw;;193;NA
9420;6621;PumiDz5R12j8-Bj1zlWhw;;7;NA
9422;6622;anpRsYs3L9Oc42Z4-V-40;;7;NA
9422;6622;anpRsYs3L9Oc42Z4-V-40;;117;NA
9424;6623;odaYS1eIgSifgQlyefK3J;;8;NA
9426;6624;WpQVWOApyV-wZFlvwkN8H;;8;NA
9428;6625;KLHCyuobBsx_SRrJRVv5M;;8;NA
9430;6626;BnU_2MRIjfuRqmjBxNTbh;;8;HIGHER_EDU
9432;6627;kaCW_9kvplGDbl2kl6MhR;;7;NA
9432;6627;kaCW_9kvplGDbl2kl6MhR;;2;NA
9434;6628;MWPPyhY78NuU2R-AQ6v0j;;8;NA
9434;6628;MWPPyhY78NuU2R-AQ6v0j;;105;NA
9434;6628;MWPPyhY78NuU2R-AQ6v0j;;2;NA
9438;6629;S_vhUpCJEHs8cx3RLN79S;;8;NA
9440;6630;qgsoTBH6nyrEqbIzPkVWW;;7;NA
9441;6631;4MUyNyqLPQJ0bvjQuUDDP;;8;NA
9441;6631;4MUyNyqLPQJ0bvjQuUDDP;;114;NA
9445;6632;8Xsj9MpwYpTkghCaQlBAh;;2;NA
9447;6633;rh-6dOS9RUTdxgyDGGOME;;8;NA
9448;6634;MNEA5oumDANJ1V2RPTqO9;;8;NA
9450;6635;Q2G-gv6hsseHSBaBMbIcd;;113;NA
9450;6635;Q2G-gv6hsseHSBaBMbIcd;;8;NA
9451;6636;RB3gL8lpfrnn8Xf-d-TnT;;8;NA
9453;6637;aXXALa00Swrte6GZjLbtL;;8;NA
9455;6638;CG6rbT-LZkwQUysYctMWv;;8;NA
9457;6639;TpAl_b9_9IZJC7S2R-8xk;;8;NA
9459;6640;Lxz5mfQ9U_vkDV-OzFKJ4;;7;NA
9463;6641;oXieimj67Rs8H0X0-oJpZ;;8;NA
9463;6641;oXieimj67Rs8H0X0-oJpZ;;2;NA
9465;6642;4uzTVN8IY0oNqjOA5IqDy;;8;NA
9467;6643;0mk4aWWr7ScvowFbrh1PZ;;8;NA
9469;6644;cwF2jtxkHvLxZGPjkhgRY;;2;NA
9471;6645;JGJqWGwluaK75y5enQcCb;;8;NA
9473;6646;P3nWx6qdTiK8cflFHGDHC;;7;NA
9473;6646;P3nWx6qdTiK8cflFHGDHC;;8;NA
9473;6646;P3nWx6qdTiK8cflFHGDHC;;2;NA
9473;6647;bR3qYceZsXllGmvPJ6hBX;;7;NA
9473;6647;bR3qYceZsXllGmvPJ6hBX;;8;NA
9473;6647;bR3qYceZsXllGmvPJ6hBX;;2;NA
9476;6648;o23eiezFiFaMewz1bYePV;;8;NA
9478;6649;CT7WnnY05ZV1_IwcOMP81;;107;NA
9478;6649;CT7WnnY05ZV1_IwcOMP81;;8;NA
9479;6651;U3iHuRwEH4tWHY6icYdH6;;7;NA
9479;6651;U3iHuRwEH4tWHY6icYdH6;;8;NA
9481;6652;z5H49ObFrprDCEEGxEj7S;;7;NA
9481;6652;z5H49ObFrprDCEEGxEj7S;;8;NA
9481;6652;z5H49ObFrprDCEEGxEj7S;;6;NA
9482;6653;utHPuwapR1lMirOr2lBvg;;8;NA
9484;6654;kL1HOA_JpCO-iK9Nk7JP5;;8;NA
9486;6655;5y9OnJWqhcGXYHfCvmtnl;;8;NA
9488;6656;icj5FsF0XEBthMn3SCLYj;;8;NA
9489;6657;HehkKbg5TCV47SWZ2DXMI;;8;NA
9491;6658;D8wRo_QJjMcgaF4TX9NKb;;8;NA
9493;6659;8ly13BLMXgOsB53PbZp5g;;8;NA
9495;6660;inZPuRj5jJycR-xhiQhJG;;8;NA
9497;6661;YECBEhLByansx7IO18OpG;;8;NA
9499;6662;9RacU4y1K_lAFcGMWZcz7;;7;NA
9499;6662;9RacU4y1K_lAFcGMWZcz7;;2;NA
9500;6663;s0xJ-0QaTZrUj87BBddQT;;6;NA
9502;6664;scs1oM8cQZ9fbUKBwMbOw;;2;NA
9504;6665;9MIjBovCxqFGcrBu5oXDn;;8;NA
9504;6665;9MIjBovCxqFGcrBu5oXDn;;129;NA
9506;6666;ndzKWVQGqynaO8Z437x3S;;8;NA
9506;6666;ndzKWVQGqynaO8Z437x3S;;127;NA
9506;6666;ndzKWVQGqynaO8Z437x3S;;204;NA
9510;6668;LeGb7b4GVV5y4zuHLEFX7;;6;NA
9510;6668;LeGb7b4GVV5y4zuHLEFX7;;8;NA
9514;6669;OD6Ew1egW8MOrmz1FWOlE;;7;NA
9508;6670;fLhcmWiFQMVWzYg3GOE2Z;;7;NA
9517;6672;vOzsI-IbmG7w-gOeSPTUa;;148;NA
9517;6672;vOzsI-IbmG7w-gOeSPTUa;;3;NA
9517;6672;vOzsI-IbmG7w-gOeSPTUa;;6;NA
9518;6673;_fjmKx_s7j_Ed0pJpKmZb;;8;NA
9518;6673;_fjmKx_s7j_Ed0pJpKmZb;;110;NA
9520;6674;u_bLTioMDaqYgc81X5Zbq;;7;NA
9521;6675;Donia31LXytX2sOt1wxUy;;3;NA
9521;6675;Donia31LXytX2sOt1wxUy;;8;NA
9523;6676;uxR6yUAyyk86FXIP-msHq;;8;NA
9527;6677;LtAP2RsgFZMO3enty-5BT;;8;NA
9527;6677;LtAP2RsgFZMO3enty-5BT;;3;NA
9529;6678;D6NkntmznjJDmur9UrZzO;;7;NA
9512;6679;4Bm78Zo5-5TtgBnFfHQz6;;2;NA
9531;6680;SEUjJCDpnYKYnLcYuYBhz;;8;NA
9533;6681;BO85bFhs7d1ngHW-NiGdi;;8;NA
9535;6682;i7wvt-w3FJR5NhinWu-nD;;8;NA
9535;6682;i7wvt-w3FJR5NhinWu-nD;;2;NA
9541;6683;TK9y5YiWdMoIBZXkECuTs;;8;NA
9539;6684;jNHzN5BjhCn-Y0vgoOKwC;;8;NA
9543;6685;GPNniMTn9Kcg6b7lQeF3b;;3;NA
9544;6686;j5FWdeC8KUHS3QpEVz27u;;8;NA
9550;6687;2l3CyB3mBEKi5tPs-hIIr;;8;NA
9550;6687;2l3CyB3mBEKi5tPs-hIIr;;197;NA
9552;6688;H2DdQqGjxiSRd3osR_TcZ;;2;NA
7871;6689;833W-VfnPJ0G0qBX4lCDq;;7;NA
9537;6690;IdnRpYQa2uOEKs0iy-4KJ;;8;HIGHER_EDU
9558;6691;GJg1BzzvoHxNLfzsMtYRi;;8;NA
9561;6692;YGvPeooWwzp0FJcEUpyis;;8;NA
9561;6692;YGvPeooWwzp0FJcEUpyis;;105;NA
9561;6692;YGvPeooWwzp0FJcEUpyis;;3;NA
9563;6693;CYsPuz3ht_lt1usCPDhFC;;107;NA
9563;6693;CYsPuz3ht_lt1usCPDhFC;;3;NA
9563;6693;CYsPuz3ht_lt1usCPDhFC;;8;NA
9565;6694;tEqU5b8SfO1ViZdpUB52G;;4;NA
9567;6695;1NyHYONq2Az2fwr9l5jch;;8;NA
9569;6696;EcbE7BDWqgkFRtMY5f1me;;7;NA
9569;6696;EcbE7BDWqgkFRtMY5f1me;;6;NA
9571;6697;0nLJxY6F8DBdfUyXW3r-8;;8;NA
9575;6698;JXsG6mcFJxpk5jkls8Ctz;;7;NA
9577;6700;IwftGOm52I75lHFytNJzd;;8;NA
9579;6701;ePNtIGh15tNd5UYKc267D;;8;NA
9581;6702;NVfVnMntA4DRUfvvxntbv;;8;NA
9583;6703;dbK3lxAbZgeyoTNx6evwq;;107;HIGHER_EDU
9583;6703;dbK3lxAbZgeyoTNx6evwq;;109;HIGHER_EDU
9583;6703;dbK3lxAbZgeyoTNx6evwq;;8;HIGHER_EDU
9583;6703;dbK3lxAbZgeyoTNx6evwq;;3;HIGHER_EDU
9585;6704;7uhwnSKndootXs6uTm5xL;;8;NA
9585;6704;7uhwnSKndootXs6uTm5xL;;122;NA
9587;6705;94sXfEoskcMdY-MiRXZrh;;8;NA
9590;6706;K0P1k16zIMH4JCAd-DwGT;;2;NA
9590;6706;K0P1k16zIMH4JCAd-DwGT;;8;NA
9592;6707;1EOH4qUywr-kcmrZgzjTb;;158;NA
9592;6707;1EOH4qUywr-kcmrZgzjTb;;3;NA
9594;6708;_3RjGANeIMP0aebc6yVKb;;8;NA
9594;6708;_3RjGANeIMP0aebc6yVKb;;6;NA
9597;6710;0mEatLICFRr6CAI0X4maw;;3;NA
9598;6711;Wqf5SUQSwcKLJ-o7XRIkr;;8;NA
9598;6711;Wqf5SUQSwcKLJ-o7XRIkr;;120;NA
9599;6712;asZhCn1thShCawKkdLZdj;;8;NA
9599;6712;asZhCn1thShCawKkdLZdj;;2;NA
9601;6713;kvUrkDXb_RKlc03lMwXys;;8;NA
9603;6714;NHRYTbrWMCOwGuEVv7oYG;;8;NA
9605;6715;YyfSZiTVrNcW9wojOcIyL;;7;NA
9606;6716;b70-lTmqoYOnx4EtqZgcc;;8;NA
9607;6717;3ztlL3BlRGCwsbaFqm5sq;;7;NA
9610;6719;D34xKuPzsUfpz3Q-o0lZV;;8;NA
9610;6719;D34xKuPzsUfpz3Q-o0lZV;;2;NA
9612;6720;RZKqVF-FaqyEef-z1qoHA;;8;NA
9614;6721;GCn9kHgPditmWsCM83_A5;;8;NA
9618;6722;5DpkrUByE1wI4HRoPpIYY;;2;NA
9620;6723;eDE63Y6TShofD6gFjW-lh;;5;NA
9620;6723;eDE63Y6TShofD6gFjW-lh;;130;NA
9621;6724;#NAZWA?;;8;NA
9622;6725;Y-ej7x8VWQvczumEPHAKL;;8;NA
9609;6726;cVdADWwhjUxg3RDLyB-En;;168;NA
9609;6726;cVdADWwhjUxg3RDLyB-En;;8;NA
9626;6727;Png_OaNenVlgO1FjZRN_U;;8;HIGHER_EDU
9628;6728;3n98gX9i8L-MaKIDmmTw-;;7;NA
9631;6729;Tcr_I_10pXvVyrIX9M-ok;;7;NA
9632;6731;178xaO3iIRmx4S1jUpXDV;;7;NA
9632;6731;178xaO3iIRmx4S1jUpXDV;;8;NA
9632;6731;178xaO3iIRmx4S1jUpXDV;;107;NA
9633;6732;#NAZWA?;;197;NA
9633;6732;#NAZWA?;;8;NA
9638;6733;51oGlntaUq8rkHsS3Fg37;;8;NA
9639;6734;bVUfcEVumyViakD6L14d1;;8;NA
10385;6735;bpPq3h6TNxVp7T9atb8sN;;7;NA
10385;6735;bpPq3h6TNxVp7T9atb8sN;;8;NA
9642;6736;b8Plt7BaYruG-HQEqjSBf;;8;NA
9642;6736;b8Plt7BaYruG-HQEqjSBf;;142;NA
9642;6736;b8Plt7BaYruG-HQEqjSBf;;2;NA
9643;6737;VZp5dqNSxjdZEZf2GdGDQ;;8;NA
9643;6737;VZp5dqNSxjdZEZf2GdGDQ;;2;NA
9645;6738;Hficv2lbFzgVbLLp0zzU5;;8;NA
9645;6738;Hficv2lbFzgVbLLp0zzU5;;7;NA
9647;6739;DyvV06B8OPcfjS6G1O34Z;;8;NA
9649;6740;zM__8BbrU1_SqMv0CY4wb;;8;NA
9649;6740;zM__8BbrU1_SqMv0CY4wb;;2;NA
9651;6741;ZNgyEB2MPka6h8_nleeE5;;110;NA
9651;6741;ZNgyEB2MPka6h8_nleeE5;;111;NA
9651;6741;ZNgyEB2MPka6h8_nleeE5;;8;NA
9653;6742;c4mer98qkIi5UmU3j3om4;;8;NA
9654;6743;NGHuKnyFdc2a6HuSUBf4j;;8;NA
9655;6744;lj4to6KvS_kjazlxY5QIZ;;8;NA
3664;6745;f9Ms505x19B9DqJV1eSdy;;7;NA
3664;6745;f9Ms505x19B9DqJV1eSdy;;7;NA
9709;6746;epbzBwUj7KPLvb1sxtP0W;;7;NA
9661;6747;maoCmGwCrGYe0B7mGLg2S;;108;NA
9661;6747;maoCmGwCrGYe0B7mGLg2S;;8;NA
9662;6748;mdN9dGHbTPNwCNq1pqj9w;;8;NA
8961;6749;jCojXDvq_vHFaDob5ybcg;;8;NA
9664;6750;0zs68Zwrpx524KGEJSd-f;;8;NA
9664;6750;0zs68Zwrpx524KGEJSd-f;;129;NA
9666;6751;dNoH03AfHlBkePBNdPNEP;;8;NA
9666;6751;dNoH03AfHlBkePBNdPNEP;;2;NA
9668;6753;Fln992iEJPW1MiDFeaQFX;;8;NA
9670;6754;1VFq4k59FOLp1XOa824R5;;8;NA
9673;6755;kNm8P9iZ1s-Q-1HININRf;;8;NA
6965;6756;1k2HEbTgRiw7iadqpdDSm;;7;NA
5706;6757;Eu9U2ZeaT71jBXtRZWE_q;;7;NA
9677;6758;pZQX4vs7gIH4bGjSlavAA;;8;NA
9677;6759;Qxhp_ctS-H5eppJz2osLn;;8;NA
9677;6759;Qxhp_ctS-H5eppJz2osLn;;2;NA
7420;6760;xl1_FkqpTJyzoruAKtFkQ;;7;NA
9679;6761;izKiU8334S4V4Ke1_13Xt;;8;NA
9679;6761;izKiU8334S4V4Ke1_13Xt;;105;NA
9679;6762;VajIeOngMk6sC1b8-cDpp;;8;NA
9679;6762;VajIeOngMk6sC1b8-cDpp;;105;NA
9681;6763;MD5HuQ5ivDlrzJO9V8gLs;;3;NA
9683;6764;3Tld08bFHuffIfJG5gGiw;;8;NA
9683;6764;3Tld08bFHuffIfJG5gGiw;;109;NA
9686;6765;Av22Zkj0gaQSHXWF5oPXi;;8;NA
9687;6766;owuXB27fMJ7T0WZYnRHw4;;129;NA
9687;6766;owuXB27fMJ7T0WZYnRHw4;;8;NA
9688;6767;tdUZsmau3WbTNWwXcrlsq;;8;NA
9688;6767;tdUZsmau3WbTNWwXcrlsq;;158;NA
9690;6768;OunMuRn3DyLsEhjNEhuPq;;2;NA
9692;6769;jjRgQ4c3TMbP7baCI82Pn;;7;NA
9692;6769;jjRgQ4c3TMbP7baCI82Pn;;2;NA
7077;6770;wudiL56KeZlvijrPQn7jA;;7;NA
9665;6771;f1bkYNYn1trqXjhtCZEf1;;8;NA
9694;6772;wWr10j_Yn2oyXdRzKxtQC;;8;NA
9694;6772;wWr10j_Yn2oyXdRzKxtQC;;120;NA
4559;6773;3YP9nUD5f1mPbcyQSRyRv;;7;NA
9514;6774;vqIeRLWeac7SETT1CyFGR;;7;NA
9514;6774;vqIeRLWeac7SETT1CyFGR;;8;NA
9695;6775;wfcsrwS0YbxLzT-6-mKWA;;107;NA
9696;6776;fJAo-HjwBg0YNL5DnyJWM;;8;NA
9698;6777;fWOEMk7C8P8vHiRcWjFCg;;8;NA
9698;6777;fWOEMk7C8P8vHiRcWjFCg;;120;NA
9699;6778;jFKRkZwGjA6NkM1OK2URK;;8;NA
9699;6778;jFKRkZwGjA6NkM1OK2URK;;2;NA
9702;6779;Mavb5mUG9sG1oSx2yfxi4;;8;NA
9702;6779;Mavb5mUG9sG1oSx2yfxi4;;2;NA
9702;6779;Mavb5mUG9sG1oSx2yfxi4;;107;NA
9703;6780;wWb7GxLt-oWpMaBJCn8Lh;;8;NA
9703;6780;wWb7GxLt-oWpMaBJCn8Lh;;2;NA
8736;6781;8vxAo9Twd10Pw0TKUiSrp;;8;NA
8736;6781;8vxAo9Twd10Pw0TKUiSrp;;110;NA
9704;6782;C1HgFpOhLKarwaUr1TQ25;;8;NA
9704;6782;C1HgFpOhLKarwaUr1TQ25;;130;NA
9705;6783;eb8SQVgmkahZw-Z1BkHTs;;8;NA
9705;6783;eb8SQVgmkahZw-Z1BkHTs;;2;NA
9707;6784;ol1ZNFS9cM7gvSb8l2ZCR;;8;NA
9707;6784;ol1ZNFS9cM7gvSb8l2ZCR;;106;NA
9707;6784;ol1ZNFS9cM7gvSb8l2ZCR;;110;NA
9710;6786;S39Qw-Z8RQ1d36aXw-uQ8;;7;NA
9712;6787;pjkoKuybEMsPg76rilSZD;;2;NA
9714;6788;hs_fv6sjGimNvpo8x4jrF;;8;NA
9716;6789;8gvO7qHAe99_dDoVOCooV;;7;NA
9718;6790;CUN2bR01jURvB3ySDMPbp;;7;NA
9719;6791;1gCd8J2iiJwyg8Gr1skho;;8;NA
9721;6792;Dm2s1IYEAAblGpOeQhLOD;;8;NA
9721;6792;Dm2s1IYEAAblGpOeQhLOD;;119;NA
9723;6801;XJp8Mxy0GMiZU2R5Yg8eV;;8;NA
9725;6802;_gXRMwUK8HL1gc1ZmdjJE;;7;NA
9727;6803;D46UTjYszpAv2yOqqWOYT;;8;NA
9731;6805;lUgsAyW65-MT-GkkCLsUK;;8;NA
9731;6805;lUgsAyW65-MT-GkkCLsUK;;138;NA
9732;6806;09kXoYXfkwxFeGcqBBwEa;;165;NA
9732;6806;09kXoYXfkwxFeGcqBBwEa;;8;NA
9734;6810;ua9jsqRZrv_VRI5004MhC;;7;NA
9737;6811;nws0ktcBTetLxACEmJV3e;;7;NA
9739;6813;8O9O03Y_vH9wfgSPLWYU2;;7;NA
9741;6815;SM7WukkJFEUfYvhj_JcFf;;7;NA
9742;6817;Vd24XR9eom9L-OrpugtCi;;7;NA
9744;6818;6gb8o5Xpb7xjSaYiKFukZ;;7;NA
9744;6818;6gb8o5Xpb7xjSaYiKFukZ;;111;NA
9746;6819;WMVSWkeCLh1xzFXdRjfPC;;3;NA
9746;6819;WMVSWkeCLh1xzFXdRjfPC;;105;NA
9746;6820;nRa-JPIdHkJtzhpEr8p5h;;3;NA
9746;6820;nRa-JPIdHkJtzhpEr8p5h;;105;NA
9746;6820;nRa-JPIdHkJtzhpEr8p5h;;6;NA
9748;6821;2RtoCsk-IwviEO9TwDEZP;;7;NA
9750;6822;qOsfJq0i_-V9TQQx6arCo;;8;NA
9750;6822;qOsfJq0i_-V9TQQx6arCo;;108;NA
9752;6823;OfRweiqc__GBA_4Rv6fHP;;7;NA
9754;6824;vJmqGzFnXvkBzhJwukwr-;;7;NA
9756;6825;oVxKRItHPQAPoC9rj9n0f;;7;NA
9758;6826;z_a6e-XUCck4YndY-Ih7i;;7;NA
9760;6828;no8LTQTY_QFX1upV4AD_D;;8;NA
9762;6829;oqqE7mUURvqwMFn1gKxmF;;2;NA
9763;6830;Alr6Y62Rvs2Wqt0Rj54Q7;;7;NA
9765;6831;C1z_uViwmFmlxTHhDxSEh;;7;NA
9765;6831;C1z_uViwmFmlxTHhDxSEh;;8;NA
9767;6832;7ygl9TePqyGXfabqqjVS6;;8;NA
9767;6832;7ygl9TePqyGXfabqqjVS6;;117;NA
9770;6833;mGaivcAhNjaO7r0uagahX;;7;NA
9770;6833;mGaivcAhNjaO7r0uagahX;;105;NA
9772;6834;GUGDLNwSeuHFD0csE0fGW;;7;NA
9772;6834;GUGDLNwSeuHFD0csE0fGW;;112;NA
9774;6835;#NAZWA?;;8;NA
9776;6836;H1rrTpoA2gOqD8xkU2LSD;;8;NA
9778;6837;K3n3Dk0kvKlLi36e6WLIa;;3;NA
9780;6838;P2H2pDEbzvSgY6X7kvNyj;;7;NA
9781;6839;cbMa-GRL2gQBbX8N9w5ly;;7;NA
9783;6840;xZWcRA9BFqQ9KoUIMKUFX;;7;NA
9783;6840;xZWcRA9BFqQ9KoUIMKUFX;;2;NA
9783;6840;xZWcRA9BFqQ9KoUIMKUFX;;6;NA
9786;6841;ddQuIGDIhJJmpy0C9iIb_;;7;NA
9786;6841;ddQuIGDIhJJmpy0C9iIb_;;6;NA
9785;6842;1YhxpIkWHeauNDgrthX8l;;7;NA
9789;6843;5yO3iN6u4Tb0uPBMtnzKO;;8;NA
9789;6843;5yO3iN6u4Tb0uPBMtnzKO;;5;NA
9791;6844;cBdOXCNrhrM0WT_BPmuAl;;8;NA
9792;6845;55L8hnOhzOQBjBqkmBN0-;;8;NA
9793;6846;QP3tzqO07dNfAQMoacG-X;;8;NA
9795;6847;To4OvJCtJxzm_qDZkHwTK;;8;NA
9797;6848;iQUol5Ig_bBNCE_y5JKFs;;8;NA
9797;6848;iQUol5Ig_bBNCE_y5JKFs;;171;NA
9798;6849;DUCnDLcqgbKrtEFK3VvdS;;7;NA
9800;6850;BBJhIftPBiWYBtnz41oAU;;3;NA
9800;6850;BBJhIftPBiWYBtnz41oAU;;4;NA
9802;6851;xClcd92EIag4MdSFg5Qi6;;7;NA
9802;6851;xClcd92EIag4MdSFg5Qi6;;8;NA
9804;6852;xbs-dv7TLmdTntwczkwt0;;111;NA
9805;6853;FivwWYKadu1llTgyOz0IE;;8;NA
9805;6853;FivwWYKadu1llTgyOz0IE;;6;NA
9807;6854;TBQPoAHmsEzdIx7uQfvcG;;7;NA
9809;6855;f6A2NOkKWjd7WlGmADyvd;;138;NA
9809;6855;f6A2NOkKWjd7WlGmADyvd;;8;NA
9811;6856;WVc7FEQ8BME4OugAYand3;;8;NA
9813;6857;rfxJiLAo4xkrLHsPQBbzg;;2;NA
9815;6858;ic6gdVuY_2wrVBYjj257K;;7;NA
9815;6858;ic6gdVuY_2wrVBYjj257K;;3;NA
9815;6858;ic6gdVuY_2wrVBYjj257K;;105;NA
9817;6859;MK00u3ha4hWlnWBL8rFzy;;8;NA
9818;6860;lEJcPKmFkJyrcLHmaLFy_;;7;NA
9820;6861;RhC8sXGS8A0zXHLB3Y5_-;;5;NA
9822;6862;QFhJJKOjJ50W1TaRU5tk9;;2;NA
9824;6863;wOQpztZu-t0TISSr-jVTQ;;8;NA
9824;6863;wOQpztZu-t0TISSr-jVTQ;;2;NA
9826;6865;ZrvxoUPm9TZgUXcC6wAe9;;8;NA
9828;6866;edXrLEUpgWFMNSKUGXDKC;;7;NA
9830;6867;rWOq8z1HZj3bujTrsaPA3;;8;NA
9830;6867;rWOq8z1HZj3bujTrsaPA3;;7;NA
9830;6867;rWOq8z1HZj3bujTrsaPA3;;3;NA
9832;6868;bv6AVYH24erICjL3EmWFB;;2;NA
9836;6869;8KtUj_cKxLnayS8dZEehM;;8;NA
9838;6870;#NAZWA?;;121;NA
9838;6870;#NAZWA?;;8;NA
9842;6871;7SS-pAsulW46JR_sbyobm;;8;NA
9844;6872;VNpQpoIEhqg7yWy4SnM4n;;8;NA
9845;6873;Id4EfB3gRV8UN-YcGpVfy;;8;NA
9847;6874;Yo8md8xSP8bf4DZNfOg3c;;7;NA
9848;6875;RIE9G5ftCTt_QGggZiZqY;;8;NA
9850;6876;kuuHsRYz0U449Ofm28CKk;;8;NA
9769;6877;v1WAhyKCa9oYIoGOQGkA7;;7;NA
9851;6878;3QnMkQXOCbKXpkvG5aSvX;;8;NA
9854;6879;Y4srLYPANB1HPCMPftizK;;122;NA
9854;6879;Y4srLYPANB1HPCMPftizK;;8;NA
9436;6880;c-0ylaEevCtfK9QY8u-_r;;8;NA
9436;6880;c-0ylaEevCtfK9QY8u-_r;;2;NA
9313;6881;mvKl7ybT62DfHzpj3t0K9;;7;NA
9313;6881;mvKl7ybT62DfHzpj3t0K9;;8;NA
9856;6882;QuqDyBWE-fpecCiudtEFI;;2;NA
9862;6883;Nm2xM5ilILrr62cZ2mytq;;2;NA
9864;6884;_SC_1InKrgnmF6lQXp8oz;;7;NA
9866;6885;rdY7IHp2ZIKxOyZJRRP1t;;8;NA
9867;6886;lKOfRyhq89zWuFeCbkN9Y;;8;NA
9871;6887;uAM8hH_vEVYLDalJMAg0k;;158;NA
9871;6887;uAM8hH_vEVYLDalJMAg0k;;6;NA
9871;6887;uAM8hH_vEVYLDalJMAg0k;;8;NA
9873;6889;rPxc_Xa4GjOWdni4HaNAu;;8;NA
9873;6889;rPxc_Xa4GjOWdni4HaNAu;;105;NA
9874;6890;Yzbc44S7h6CKxSD4MjbHx;;7;NA
9876;6891;i7KXPmdCxolQpcfBt_W5M;;8;NA
9876;6891;i7KXPmdCxolQpcfBt_W5M;;2;NA
9878;6892;LeXK8BtBlvi1mtiLGLrGN;;8;NA
9879;6893;pdnKC4MWiZF3Qr7LbLDO1;;118;NA
9879;6893;pdnKC4MWiZF3Qr7LbLDO1;;8;NA
9880;6895;7qkZcsxbT4fBFrH3FeXvz;;8;NA
9883;6896;7OFd9kheaGMmXCYk_ABOc;;8;NA
9881;6897;VJujUpeLlWiMSXr5n8W8I;;7;NA
9885;6898;LF8QiYB_9mXQFQs18BzjG;;7;NA
9886;6899;ag4JMADuHoD59-6L80nm2;;8;NA
9889;6900;18sHwlldNLk_dfHBsBrWF;;8;NA
9890;6901;tVCXHECGvoS39qM8FB6i7;;8;NA
9892;6902;sxrIA-uKbMvU1s6BzQUyv;;8;NA
9892;6902;sxrIA-uKbMvU1s6BzQUyv;;2;NA
9894;6903;KvQKKncYXc6sOxyIWQ6JY;;2;NA
9895;6904;FZ6KSzGiXzuk073r-zeB7;;8;NA
9897;6905;bH6XfVdAQvNX14jdoJCoX;;8;NA
9898;6906;mx1QZr29ixHuVUbjCdPuj;;129;NA
9898;6906;mx1QZr29ixHuVUbjCdPuj;;8;NA
9899;6907;jjq7unSlHzjgYULum3HVn;;2;NA
9903;6908;BsdPx_JnDf1abGMIC6HtX;;8;NA
9905;6909;vHaiUVe-ZVHwGD_TCufaj;;3;NA
9905;6909;vHaiUVe-ZVHwGD_TCufaj;;6;NA
9905;6909;vHaiUVe-ZVHwGD_TCufaj;;105;NA
9890;6910;BFgrFLZLVBB0vQTqziBBm;;8;NA
9906;6911;VIFj7QnMeCRBT1QH7s35s;;8;NA
9910;6912;fWg_VdYrGFALHVRjOBfZT;;7;NA
9910;6912;fWg_VdYrGFALHVRjOBfZT;;8;NA
9911;6913;#NAZWA?;;8;NA
9913;6914;YiDr0CNcC8RoFWABtVigg;;8;NA
9913;6914;YiDr0CNcC8RoFWABtVigg;;114;NA
9915;6915;DSBxha2DCxyMNXtg0U3Ro;;8;NA
9915;6915;DSBxha2DCxyMNXtg0U3Ro;;109;NA
9919;6916;00WZq4EzMUlsoc5gq1KTM;;8;NA
9921;6917;wefei6gD3kTKTEaEQrdnd;;7;NA
9922;6918;Lo993J07YApZIHXtIWQWo;;8;NA
9924;6919;Uv5Jfg0Y3Y8PU36Mq8_Qc;;8;NA
9926;6920;PgTMXDL4HYySombVNosBI;;8;NA
9926;6920;PgTMXDL4HYySombVNosBI;;109;NA
9927;6921;uDxP42oR1l4yQ04PsfrRI;;8;NA
9929;6922;8iW2dgKm5yNTVoqopFs7n;;7;NA
9931;6923;5yHQBRVGDmoomQ2wozPgu;;8;NA
9932;6924;84w0EM4ZAl25WJEAxlm7O;;8;NA
9934;6925;RqgfuczmKaLkwqItgv9MC;;8;NA
9935;6926;UGlklaDvJu5G0Fnava1ze;;3;NA
9935;6927;JeFI7v5JSwZ6dy8H-M0NB;;3;NA
9937;6928;HTVkg1C-DOm4J1nAJRR-R;;8;NA
9939;6929;bBYX9r1HZCzoL9BMLjziS;;8;NA
9941;6930;lGQubiBXBe_wROabdlmYn;;8;NA
9941;6930;lGQubiBXBe_wROabdlmYn;;105;NA
9943;6931;IclsNWF1-V42zRenjzH0_;;8;NA
9943;6931;IclsNWF1-V42zRenjzH0_;;105;NA
9945;6932;#NAZWA?;;8;NA
9947;6933;62QfiN6Traet_PiHs08Zp;;8;NA
9949;6934;rhZbd6gqeucTVGhgKkeMr;;3;NA
9951;6935;I2ugAPRSVf4PQR5vqNoST;;8;NA
9953;6936;3MuJ6Iqsm8iTvGN2BOOgF;;8;NA
9955;6937;0-B9_opbOv-2NjYBaF_4E;;8;NA
9957;6938;pqOymZ0CNUvVg8EN8Pk1O;;8;NA
9959;6939;0YH2DNa7cr6bCfDpQCFkK;;7;NA
9959;6939;0YH2DNa7cr6bCfDpQCFkK;;3;NA
9961;6940;diUdJPkiNZi4os6366kbY;;8;NA
9961;6940;diUdJPkiNZi4os6366kbY;;2;NA
9963;6941;4pBoADj5xW4xlgxGAsUop;;8;NA
9965;6942;rGWwAIidcHPFWrjJaEXBr;;8;NA
9967;6943;d-ezMy-m2mg6XhQ2HcOYh;;8;NA
9969;6944;GQIyGfrbRIFvFw3pAC896;;8;NA
9973;6945;Iz-1JHaZ9It-JY28v87xr;;8;NA
9973;6945;Iz-1JHaZ9It-JY28v87xr;;8;NA
9975;6946;iKkQ7ywfrclpQsIfLRJRq;;8;NA
9977;6947;XQDwJB57CYg6hrUH73BJA;;8;NA
9980;6948;molACd5kopXzhOamxJbxF;;8;NA
9981;6949;rpseI9M3WPzkW8bdewHuT;;8;NA
9983;6950;ULIgBXjiMyGOT5DabyeSK;;8;NA
9985;6951;2eX-k8ou3jJxCY0RDH_Oz;;8;NA
9987;6952;eykRXZiBuNYp9tv4dc5pL;;8;NA
9990;6954;LfczIlwn6qPRF-VUuuti1;;8;NA
9991;6955;lNKny5ESmBnfOt2drbrhV;;2;NA
9993;6956;Lunmr6dvsxzsLR6FrzqEb;;185;NA
9993;6956;Lunmr6dvsxzsLR6FrzqEb;;8;NA
9995;6957;0SgB9Hqusw6s4-kndchb2;;7;NA
9998;6958;WS7m4NmVC4PNlifVbQegg;;8;NA
10000;6959;2dqc52pf8HjUQqV2Ep0hz;;8;NA
10002;6960;HlqWGuGkfdSjY7Inhzys2;;7;NA
10004;6961;OzHiI16AMG4R4PUwSWmct;;8;NA
10006;6962;AVgBVbzt8gdGgBZPvh5sZ;;8;NA
10008;6963;oKnj2JIuD0MepxuG3aVCr;;8;NA
10010;6964;T2q6HNcTBC1J303wGX6Ca;;8;NA
10010;6964;T2q6HNcTBC1J303wGX6Ca;;120;NA
10011;6965;4IVrOyOqksiW3bFDaS2wr;;5;NA
10013;6966;NfWAPzVp3NPKniZK0L7xO;;8;NA
10014;6967;00OrsDqoFtnrYsbYwaYK6;;8;NA
10016;6968;-KbOCl-W8fxUnHOFYA8yP;;8;NA
10018;6969;rfEfhkFVPQzGICifnMKN7;;8;NA
10018;6969;rfEfhkFVPQzGICifnMKN7;;114;NA
10018;6969;rfEfhkFVPQzGICifnMKN7;;6;NA
10019;6970;Pk8mIvXq3FJjLW65klyIs;;142;NA
10021;6971;5Eeor1gl8KOzSXIVWsvav;;8;NA
10023;6972;vM-PdlAOEKy4RXIfCOVwX;;8;NA
10024;6973;mSRqkGxsJFRyB7VWJpV5T;;105;NA
10024;6973;mSRqkGxsJFRyB7VWJpV5T;;4;NA
10026;6974;HwmHZwtT4IwNHE_UpxyVn;;5;NA
10026;6974;HwmHZwtT4IwNHE_UpxyVn;;109;NA
10028;6975;fFDSwGQW77Go2FRXrUrPv;;8;NA
10030;6976;#NAZWA?;;8;NA
10030;6976;#NAZWA?;;120;NA
10032;6977;ujRt_Ybr4S80mAvCFjSzR;;8;NA
10034;6978;pdZ7FqTxvO2saV2vaxD_Y;;8;NA
10036;6979;o7tHaBCQeFRy3PRXHv_8k;;8;NA
10038;6980;HAOMMbx8okh2r5DHjSOXh;;8;NA
10042;6981;ODKIlHbRApr5KAnAxDsbY;;8;NA
10042;6981;ODKIlHbRApr5KAnAxDsbY;;2;NA
10043;6982;72J_OLjlUOfCFxYr068AA;;3;NA
10043;6982;72J_OLjlUOfCFxYr068AA;;2;NA
10046;6983;4gDhJKZfEn0xr1qTUPINN;;8;NA
10050;6984;giU0FLUCgU8xs16O-ZNZ1;;7;NA
10050;6984;giU0FLUCgU8xs16O-ZNZ1;;2;NA
10052;6985;Ynl_vhp8RpyD2hr-Sg4Xk;;8;NA
10054;6986;Pu90lxa-fgUhPfMiiBBLI;;8;NA
10056;6987;e7QWFgO3wDL5FFAsIhiCN;;2;NA
10058;6988;IXpB8xI27_MLmvCDs5sC0;;8;NA
10061;6989;cu65Jj1nV0CpWn8SMKWyS;;8;NA
10062;6990;N6UAYhgEUOM381uw3eEYc;;8;NA
10064;6991;9fGFhLKn2aVyONF5GNbSk;;2;NA
10066;6992;OEmgja6CyDDcAJJxP0Opz;;8;NA
10067;6993;RW3T-Rp0aV9eFvXsvpCMp;;2;NA
10069;6994;68u-kfZuk961pLPvmeEIn;;7;NA
10073;6995;MN4ElfNkfK2r_rJEA_H5o;;8;NA
10076;6996;qhkTkGPeRDw6ZHpe72cJ7;;7;NA
10076;6996;qhkTkGPeRDw6ZHpe72cJ7;;109;NA
10076;6996;qhkTkGPeRDw6ZHpe72cJ7;;8;NA
10078;6997;9qpH-r0b5F7jVFuCEFdCv;;8;NA
10080;6998;uPgOA4mEgUE-IF7k1ptlk;;8;NA
10082;6999;qINu8jmiFVhX4e22uTG06;;3;NA
10071;7000;EfUb-9c5jE5ftE-tOglbG;;8;NA
10071;7000;EfUb-9c5jE5ftE-tOglbG;;2;NA
10084;7001;jeMEZleTojfn2bn1iQMGe;;8;NA
10085;7002;4WwjXvVn9au-La5C9qGR6;;120;NA
10087;7003;P1nFMCBLE1klRm5EqKV2W;;8;NA
10089;7004;OUDDPT4DwgjJN3kDq16mo;;110;NA
10091;7005;Kxri5vNah36594rGhbdWP;;8;NA
10042;7006;dRQeL6C2ZdFCMYbNZQAsW;;8;NA
10042;7006;dRQeL6C2ZdFCMYbNZQAsW;;2;NA
10093;7007;6OZV3B6K0VuZRUBfYIs99;;2;NA
10095;7008;LLbLcdPoeqkn6MRf-CoDW;;3;NA
10097;7009;we7VR9yDszcAV0zkcChp0;;8;NA
10099;7010;sUR7HxtD0IbmvKxOycMFK;;2;NA
6690;7011;P2cbp_UGugPmFsiukRg60;;7;NA
6690;7011;P2cbp_UGugPmFsiukRg60;;2;NA
10101;7012;Zn4Vh_GfLroP0276kGRbx;;8;NA
10101;7012;Zn4Vh_GfLroP0276kGRbx;;2;NA
10103;7013;oi_8T_2GDlKonz0hQh_7d;;8;NA
10105;7014;GPragy5MFVhPPe3q67BS3;;2;NA
10107;7015;4dfZ1omCb0T9ylY2mLD20;;8;NA
10111;7016;39ri1OkDLxBzXaHbppT8i;;8;NA
9795;7017;5lCkunbtZFZsaxLFjlXP-;;8;NA
10115;7018;xBrzNZVmn1xV_37JIM9kW;;8;NA
10113;7019;7X9zz3FUp5g0NmBodAoAq;;8;NA
10120;7020;9CTxnDG0MzOlvqvrL5CKu;;8;NA
10120;7020;9CTxnDG0MzOlvqvrL5CKu;;105;NA
10089;7021;#NAZWA?;;110;NA
10121;7022;4irFDHvflBQ2RLS6EMBNl;;8;NA
10122;7023;qpkYv72PiGgxMWxtlM7zB;;8;NA
10124;7024;r7jIrSIDeZ0PqYvrTva3C;;8;NA
10124;7024;r7jIrSIDeZ0PqYvrTva3C;;7;NA
11139;7025;-3Ed32o4zUTVNLjlhsfqU;;105;NA
10127;7026;#NAZWA?;;8;NA
10131;7027;oa4H7-MGhSqnh-thLOolR;;8;NA
10135;7028;#NAZWA?;;8;NA
10137;7029;f4kNUPDiy931fRCFquRoo;;8;NA
10137;7029;f4kNUPDiy931fRCFquRoo;;2;NA
10137;7029;f4kNUPDiy931fRCFquRoo;;124;NA
9881;7030;Y3PfUF6xhZvdtUKq_szhT;;7;NA
10138;7031;2M3zbjBAgOHC-TF0RlS5n;;8;NA
10140;7032;l3zPmn6pIBQZCpLAO8NjM;;8;NA
10142;7033;z4R6DjmEoAcTsPKuZ4pjk;;8;NA
10144;7034;G930axiyyMct5zEVfb9-F;;2;NA
10144;7034;G930axiyyMct5zEVfb9-F;;109;NA
10145;7035;YqiykcBxGQBk3xScI7lSM;;7;NA
10146;7036;Cdp02eF5zzZFpmvCWl1GL;;8;NA
10150;7037;2HI1BB8Th38ILh9u1JHdU;;8;NA
10151;7038;iLlw90WeWaGYZMNFfvnxS;;8;NA
10153;7039;pi2zns3oEafkjeEum33ka;;3;NA
10155;7040;a7YRgLDy66ClCWKwRJvz3;;8;NA
10155;7040;a7YRgLDy66ClCWKwRJvz3;;8;NA
10157;7041;zCGNOS3unx1_bLWBTFrQN;;8;NA
10159;7042;F31-W18GK2hCTTjbAUNjJ;;8;NA
10161;7043;3bAKJk-w5rej9hZZ7Msc8;;8;NA
10165;7044;#NAZWA?;;8;NA
10167;7045;PVYYIynYtU-_uYltVJUtR;;8;NA
10167;7045;PVYYIynYtU-_uYltVJUtR;;110;NA
10169;7046;4lUv6f-f9oAKcokWvMyKH;;3;NA
10171;7047;EG7CY-ED1pZG1xTDS2TW_;;3;NA
8122;7048;0hvFIc1iGAz-O8KORYoyO;;7;NA
10174;7049;Ip8lUL4nIi7x90JT_lkrL;;8;NA
10176;7050;ehXcopVaqbFPK88SHv4CV;;8;NA
10177;7052;c2bY4SEBC6tQiTCQoKvrq;;8;NA
10181;7053;vJrLsryL_O_kzvnskwgF2;;8;NA
10183;7054;mzfrRNyGhFyfxN1dra9XH;;8;NA
10184;7055;ojmagcBPumh_xVwl_QQ1W;;8;NA
10185;7056;#NAZWA?;;8;NA
10187;7057;bpXhrnVREaXqLkmxiQQ0A;;7;NA
10187;7057;bpXhrnVREaXqLkmxiQQ0A;;8;NA
9264;7058;UT4HeVAcu2tFKJtkjxjT0;;7;NA
9264;7058;UT4HeVAcu2tFKJtkjxjT0;;111;NA
9264;7058;UT4HeVAcu2tFKJtkjxjT0;;2;NA
10189;7059;y8OY4r0UCjlJri5lQU-jS;;8;NA
10189;7059;y8OY4r0UCjlJri5lQU-jS;;144;NA
10191;7060;Ob-jin4u3b5Vjp3p6qDgM;;113;NA
10191;7060;Ob-jin4u3b5Vjp3p6qDgM;;7;NA
10191;7060;Ob-jin4u3b5Vjp3p6qDgM;;8;NA
10191;7060;Ob-jin4u3b5Vjp3p6qDgM;;6;NA
10192;7061;Dc93s9LDjF7qe7AWRhZuB;;7;NA
10192;7061;Dc93s9LDjF7qe7AWRhZuB;;113;NA
10192;7061;Dc93s9LDjF7qe7AWRhZuB;;8;NA
10192;7061;Dc93s9LDjF7qe7AWRhZuB;;3;NA
10194;7062;vyKdKPVFawtl7K81lf3Ap;;8;NA
10196;7063;mLRPmbvWbss44DR9A8IaI;;8;NA
10198;7064;fFidekepCnMPao1k4KgPa;;8;NA
10201;7065;tYBNcveHyXjUg1HVPLkSY;;8;NA
10201;7065;tYBNcveHyXjUg1HVPLkSY;;105;NA
10203;7066;bHZmh1Uy-2ptA3gB8tOIH;;8;NA
9206;7067;__pRVAJjIxPLXy-H6VpbE;;8;NA
10205;7068;ecyGuDiYi_NxxXOC4XQrv;;7;NA
10207;7069;23xTs4O8Muq_exUVtcVaY;;7;NA
10208;7070;D-i4S0ILatCoHvgNSul6N;;8;NA
10210;7071;2efJASJEnSw4D1qqjMlEE;;8;NA
8691;7072;#NAZWA?;;8;NA
8691;7072;#NAZWA?;;2;NA
10212;7073;8DkpUDSid0e_yPQwm6GfE;;2;NA
10214;7074;PaeEQKIQwyZv207Z9Mp3g;;140;NA
10218;7075;nH71UnqvUEN_xzIB9GbgS;;8;NA
10220;7076;vJsPCNJZ7Oxq89JZAnEL7;;8;NA
10222;7077;XLsM1QsHI2Z49p4vZRoy4;;8;NA
10222;7077;XLsM1QsHI2Z49p4vZRoy4;;7;NA
10226;7078;CO7B7dIZgf2eIaYR5XCV2;;8;NA
10228;7079;4hUQHeVrEIJbv7vpj66kA;;2;NA
10228;7079;4hUQHeVrEIJbv7vpj66kA;;8;NA
10228;7079;4hUQHeVrEIJbv7vpj66kA;;158;NA
9445;7080;QVALkv2zRJfy01rr3VdLF;;8;NA
10232;7081;1dmfVFrxvD13DloJWTE22;;2;NA
10236;7082;MV-XM_X6HMEYt81HhiJaa;;8;NA
10236;7082;MV-XM_X6HMEYt81HhiJaa;;110;NA
10238;7083;jBe2ICnBCAbH3BsK0SDXJ;;8;NA
10238;7083;jBe2ICnBCAbH3BsK0SDXJ;;3;NA
10240;7084;xGN4TEKyMN0Da9Yv1TvPd;;8;NA
10240;7084;xGN4TEKyMN0Da9Yv1TvPd;;184;NA
10241;7085;x1fZqbnyFXgpZRiQYX2JH;;8;NA
10241;7085;x1fZqbnyFXgpZRiQYX2JH;;2;NA
10242;7086;RPe3UR8Ad9nCRhPfUsmyU;;8;NA
10246;7087;iYuaf9dX3PkqjDRHh3d3b;;8;NA
10250;7088;F9ZKDr4eXWWBUzAGViZ-Z;;8;NA
10251;7089;ag6yVd5xRrZLJjsvpbpRd;;8;NA
10253;7090;YdfKgn410-fw8gNHDHVTH;;8;NA
10255;7091;wX1A5oX8dE8JrxJlQo1si;;8;NA
10256;7092;xGBL9VYnB2BahfAm07u3i;;105;NA
10256;7092;xGBL9VYnB2BahfAm07u3i;;2;NA
10257;7093;aX52EZJfEq-5HJeRa5aHj;;2;NA
10257;7093;aX52EZJfEq-5HJeRa5aHj;;3;NA
10259;7094;GyMHG1FJWDG-2PMHMxd50;;8;NA
8429;7095;8iCKEemwGef7TH0qWsQLJ;;8;NA
8429;7095;8iCKEemwGef7TH0qWsQLJ;;2;NA
10261;7096;cfIhsEJnjklMXZAIsZ2-x;;8;NA
10262;7097;1D72XzeRrgrmJKlm4bLyD;;129;NA
10262;7097;1D72XzeRrgrmJKlm4bLyD;;184;NA
10265;7098;mHZ4oigjcByU6JXsC2yoo;;105;NA
10265;7098;mHZ4oigjcByU6JXsC2yoo;;110;NA
10266;7099;wV-YuJ_5x8CX03XNNmvIJ;;3;NA
10266;7099;wV-YuJ_5x8CX03XNNmvIJ;;105;NA
10268;7100;me_qxgVPXAJcp8u4XPEoR;;8;NA
10273;7101;be8VZNXC36xmHcX6TDZFg;;7;NA
10270;7102;ETgBVoFTzC4hykxaJhBKW;;8;NA
10276;7103;LG_V6QYP96aLX7mFuWG9q;;3;NA
10276;7104;pfsRudX6T15MLhbEQlKDM;;3;NA
10277;7105;dY7oiM_a6ys-qt-sls-9_;;8;NA
10277;7105;dY7oiM_a6ys-qt-sls-9_;;183;NA
10279;7106;kr0zKvzIFEEe2z49uX5ve;;2;NA
10281;7107;RkIb0zupcHsImXgtKcTZX;;8;NA
10283;7108;#NAZWA?;;8;NA
10283;7108;#NAZWA?;;144;NA
10284;7109;d8iDy0jQ_Y-yg7VweLPb2;;8;NA
10285;7110;fQqoMk8P_tcA9wXRZqQJj;;8;NA
10287;7111;GOXsWZPm-k7G9KTPGmbnu;;8;NA
10287;7111;GOXsWZPm-k7G9KTPGmbnu;;2;NA
10289;7112;RDFkkdAiBx6W2B3mCK85k;;8;NA
10291;7113;cEvtd_Tvo-jvwB4xJA3of;;8;NA
10291;7113;cEvtd_Tvo-jvwB4xJA3of;;2;NA
10291;7114;a7eofw67RFNwBFWoc2vzE;;8;NA
10291;7114;a7eofw67RFNwBFWoc2vzE;;2;NA
10294;7115;M_wB6y2JNhgW2EIYTv2zF;;8;NA
10295;7116;VXb0DoWoqCTYuDSRUCiBZ;;3;NA
10297;7117;#NAZWA?;;3;NA
10297;7117;#NAZWA?;;105;NA
10298;7118;Fye_mYahCUF_uGkDo9aJJ;;112;NA
10298;7118;Fye_mYahCUF_uGkDo9aJJ;;110;NA
10298;7118;Fye_mYahCUF_uGkDo9aJJ;;3;NA
10298;7118;Fye_mYahCUF_uGkDo9aJJ;;8;NA
10300;7119;eptn2bVESKngQKUMdjdeT;;8;NA
10300;7120;Idjwe-ojYrbv8_TLN2zju;;8;NA
10302;7121;Vt7a8ojo753exD0v2csg5;;107;NA
10303;7122;E0Ix9mpn0LtvHKUWxvpD3;;8;NA
10303;7122;E0Ix9mpn0LtvHKUWxvpD3;;114;NA
10305;7123;8aIpGbfUB71o-LE1DX3LD;;8;NA
10307;7124;DQ-3CgfTTvqvcI8BxsBO1;;8;NA
10309;7125;0pn0yejJl4KML_V98gRKh;;8;NA
10311;7126;At7-5mslw2WxPCk40IeZi;;8;NA
10314;7127;Ko1iAkngVbfUmzSG5s_ZT;;8;NA
10998;7128;JJsKrIE-6xBaokqTQkShq;;7;NA
10318;7129;30EtPDk2Xw_YsO1po-LCx;;8;NA
10320;7130;cUjt8SBPg8XePpYXoKDFV;;8;NA
10320;7130;cUjt8SBPg8XePpYXoKDFV;;109;NA
10322;7131;XOhEqwk58c6vidGWOaqIz;;8;NA
10322;7131;XOhEqwk58c6vidGWOaqIz;;2;NA
10324;7132;bsu9nDjszCrZrC4B5rRQm;;8;NA
10326;7133;Oz3FXS7QWhZG899LoyZ_7;;8;NA
10328;7134;2BUtGvSzepjDEEH11O6Qc;;8;NA
10331;7135;GS1bgot5HQnVp16dSIxQx;;8;NA
10333;7136;YW6JFylOIaL8hmkjXQH50;;8;NA
10335;7137;GBnCpVu6_8U9zgSB4h9FE;;8;NA
10335;7138;efOF-HYR1LAG2LWGhiB4Q;;8;NA
10337;7139;_V4NaW6Pb8mNuZ_JFRLRd;;8;NA
10338;7140;jA_XXKSJWsHYW8bcfLesX;;3;NA
10271;7141;Ft8vEHrttaNV8vEb-DUa9;;8;NA
10341;7142;03E0lwSQKM5jNsQq51W3O;;8;NA
10341;7142;03E0lwSQKM5jNsQq51W3O;;2;NA
10339;7143;PAARQ-1YZ8MIBfhEW2V3n;;8;NA
10343;7144;l97yhk-FcChwwVeP_JWi4;;8;NA
10345;7145;CIOr_gTpzCYcDdpyI6e_M;;8;NA
10349;7146;uuEddYotNGLqon1HiiEXl;;8;NA
10347;7147;FMLUC5rvt5EYd6GP_7akU;;8;NA
10353;7148;jUaNUZ4KWk6CoX3bMkvsk;;7;NA
10355;7149;VrcRaop_5-E9Q9WhK_y85;;8;NA
10357;7150;azcZCxHRrqNR1AcqpWuiX;;8;NA
10357;7150;azcZCxHRrqNR1AcqpWuiX;;3;NA
10359;7151;7bknOxyP7KvaL2pYQ2BLF;;8;NA
10361;7152;DxypTvUr0IRLUv4ufr-cs;;110;NA
10361;7152;DxypTvUr0IRLUv4ufr-cs;;8;NA
10362;7153;_2jEKAe_EL2xsUURBqTgG;;8;NA
10364;7154;F1134GZ3FpIgt629QCtG7;;3;NA
10366;7155;WHbtzWqGzIpek8AZqofZJ;;8;NA
10367;7156;4EHLFbYR3CTWcaJSPrikH;;8;NA
10367;7156;4EHLFbYR3CTWcaJSPrikH;;109;NA
10367;7156;4EHLFbYR3CTWcaJSPrikH;;2;NA
10369;7157;VJXb-v9K1wQcgHT3cCRLp;;8;NA
10371;7158;3JQ350p4wYlRIioT9lDej;;8;NA
10371;7158;3JQ350p4wYlRIioT9lDej;;129;NA
10373;7159;7_nQ6xBHDfviHgCWxRfsH;;8;NA
10375;7160;rT5HPHfLo_b3SoBGJy_vB;;8;NA
10375;7160;rT5HPHfLo_b3SoBGJy_vB;;2;NA
10380;7161;VTcZ5E77OWCYd40qlOd9Q;;8;NA
10380;7161;VTcZ5E77OWCYd40qlOd9Q;;161;NA
10381;7162;FuepXoT6-CTn5YIuDv9u4;;3;NA
7764;7163;tE0IRUSwTwlfxtHoxO621;;3;NA
7764;7163;tE0IRUSwTwlfxtHoxO621;;7;NA
10383;7165;QTUKvPROi8dpg06zPARI8;;3;NA
10387;7166;Lma61yf9XLA89TlmLDxbT;;3;NA
10389;7167;_x-7PpmjA10OWGrActY09;;8;NA
10390;7168;HmwpwdP5D1wgID1Hx-Irm;;8;NA
10393;7169;KueMoqAZgndh7C6EDjuhM;;8;NA
10392;7170;ysOMxggJmU0Jsy7qvQ3EV;;8;NA
10392;7170;ysOMxggJmU0Jsy7qvQ3EV;;105;NA
10395;7171;40nFE7MbvHGwu9y2JWIK7;;8;NA
10396;7172;0DY0i6AJtgZQNjh5Sa5Rw;;2;NA
10398;7173;HDqWxY_0DihYYkv1-XyUe;;8;NA
10400;7174;LIa_1lSAIdRcJD35J5uzJ;;2;NA
10401;7175;mCNa_7JLYeAGgC86tqE0d;;8;NA
10401;7175;mCNa_7JLYeAGgC86tqE0d;;107;NA
10403;7176;swALjUyLHU7BdB6f85gYg;;7;NA
10409;7178;9C-3yM4BwHI6x9CZy2N4S;;8;NA
10411;7179;_j_MFy8Si3B67ReXDqqZY;;8;NA
10411;7179;_j_MFy8Si3B67ReXDqqZY;;2;NA
10413;7180;PjSvZF1PLpfPCCECZQUJj;;8;NA
10413;7180;PjSvZF1PLpfPCCECZQUJj;;8;NA
10414;7181;gPW1kJYMzHpLAksJlzAbZ;;2;NA
10416;7182;iepy3E3oHQR0Vp5xfDG-F;;7;NA
10416;7182;iepy3E3oHQR0Vp5xfDG-F;;3;NA
10418;7183;E8vCxntdToqO_vTsxsVxt;;7;NA
10418;7183;E8vCxntdToqO_vTsxsVxt;;6;NA
10420;7184;HohOiT96nwF98qghL_nXT;;8;NA
10420;7184;HohOiT96nwF98qghL_nXT;;110;NA
10420;7184;HohOiT96nwF98qghL_nXT;;2;NA
10422;7185;ydRu-VqTytD5GgfWXI26F;;3;NA
10424;7186;LmfSe7UFjiZWSedyDhT6x;;109;NA
10424;7186;LmfSe7UFjiZWSedyDhT6x;;8;NA
10425;7187;-3DPaw6g8orxAfVYS2Z83;;161;NA
10425;7187;-3DPaw6g8orxAfVYS2Z83;;8;NA
10426;7188;GIsy2_QvSsjFDdaQ9OcWp;;8;NA
10428;7189;8Tlvbpipl6DEI2nzuWIaU;;8;NA
10428;7189;8Tlvbpipl6DEI2nzuWIaU;;2;NA
10432;7190;nQygCxKMCsMbL8Iy4xEKl;;8;NA
10432;7190;nQygCxKMCsMbL8Iy4xEKl;;3;NA
10435;7191;l0pQOtfjqk_TM1bT3gfS9;;3;NA
10436;7192;PkZ7jI2gK7ILpsdfAe2mz;;3;NA
10436;7192;PkZ7jI2gK7ILpsdfAe2mz;;105;NA
10438;7193;pskuLl1-8mkbjrPK1hhTK;;3;NA
10440;7194;bkasWjeJO9gzuhwyRDkyj;;3;NA
10444;7195;ZbadlJQORTZ8BMV-bJM7F;;8;NA
10446;7196;lTHJ0i5PNWx2l1y_VmARL;;8;NA
10447;7197;bJM4cbj_oWNmm0Jutv5Tc;;3;NA
10447;7197;bJM4cbj_oWNmm0Jutv5Tc;;105;NA
10449;7198;j-lvgTjCkUvkBa0IhD9dI;;8;NA
10434;7199;zt0vfyHBpfC7Ef8W9TnAd;;108;NA
10434;7199;zt0vfyHBpfC7Ef8W9TnAd;;119;NA
10451;7200;IZ_jcda9CPRoVqjUGQncL;;8;NA
10452;7201;73xrPMehRG2PB2yGxPOp0;;3;NA
10452;7201;73xrPMehRG2PB2yGxPOp0;;8;NA
10454;7202;6H6tOyzGre0W2NA_2qfs7;;8;NA
10456;7204;Q5syWdHIRsUofcUHi2gSD;;8;NA
10458;7205;6dAwvvyjrWORJRbGY6WUL;;8;NA
10458;7205;6dAwvvyjrWORJRbGY6WUL;;106;NA
9609;7206;d9UX9ZAeH6NJVwr8DacZa;;8;NA
9609;7206;d9UX9ZAeH6NJVwr8DacZa;;2;NA
10460;7207;wlWCNZq0nEsenw3WiIaN2;;2;NA
10460;7207;wlWCNZq0nEsenw3WiIaN2;;7;NA
10462;7208;JhWNdBPGjOFUtu5gN77KQ;;8;NA
10462;7208;JhWNdBPGjOFUtu5gN77KQ;;117;NA
10464;7209;mjHUotqfN9wc_ViKTngQM;;7;NA
10466;7211;8HZ11pVbbBO3cbDeO3uVI;;7;NA
10467;7212;zLbA1nsLvZg16n0xlMMlU;;8;NA
10469;7213;nl0JjeP6b2BgX7GLjOtF9;;8;NA
10472;7214;O9TxSJVP0tPVGLhhnC-dW;;2;NA
10474;7215;adkcvQ5atdXICOrRvkWpB;;8;NA
10476;7216;I-00dMDG9YC1GKDJBztqh;;8;NA
10478;7217;ktuJeEn5xcGH-_krD6yL5;;3;NA
10480;7218;Y6tMAwJCdw4mPuPZnziC3;;7;NA
10482;7220;uMSme-24xc6nWg-sa4vuC;;8;NA
10483;7221;YLCzP7UdkHTRIXW82mLI_;;8;NA
10483;7222;#NAZWA?;;8;NA
10485;7223;UQbY3RckYmdIU-lJ9A1Ec;;2;NA
10486;7224;wW0y-ERBljL0YnmunZ_b8;;8;NA
10488;7225;Xfcup7szab5fUu7raXakj;;2;NA
10490;7226;DBNYlCmaeRZF81iLHN7Hw;;8;NA
10492;7227;16EOdVcn5KhOBuzoGjg3b;;8;NA
10494;7228;0eRZidiIEWyR0qydJv-75;;8;NA
10497;7229;qDCBYjeO5VWlQnhmugEC9;;8;NA
10499;7230;ZfZDSZteDHplhW5a9o2Ff;;7;NA
10499;7230;ZfZDSZteDHplhW5a9o2Ff;;110;NA
10501;7231;VoE8phWfyU48rxpptscKN;;3;NA
10505;7232;CClIuAhROotNGBm0MfOKn;;111;NA
10505;7232;CClIuAhROotNGBm0MfOKn;;2;NA
10507;7233;QtwJeHdJTN2FRgotNrWqk;;8;NA
10509;7234;K0yxkgd6cZlfgXkySRaMi;;8;NA
10509;7234;K0yxkgd6cZlfgXkySRaMi;;2;NA
10511;7235;B9IJoMPXG0-Or5VgU3w7f;;8;NA
10513;7236;BSw8zXUZ3zcEabtY_TalH;;8;NA
10513;7236;BSw8zXUZ3zcEabtY_TalH;;3;NA
10516;7237;SKWoZpZ0Qk60abYsAZgmY;;8;NA
10517;7238;44dR7tMQ0tQ0I0PRyHTX-;;7;NA
10520;7239;8B7YuV4GI_jHcwbYSyATS;;7;NA
10518;7240;jST786uCfFIKqe1iZ0Fwv;;7;NA
10518;7240;jST786uCfFIKqe1iZ0Fwv;;2;NA
10522;7241;RDjSRs00I8FZa39FAxiLI;;8;NA
10523;7242;U2rhASzwK-fSaGfU_CRC5;;7;NA
10526;7243;FqZ-KPDN-yNVANujwzwBP;;8;NA
10526;7243;FqZ-KPDN-yNVANujwzwBP;;2;NA
10532;7244;dJA6THbT3sCrzd4exdQsF;;8;NA
8772;7245;nlldN2eC99GCdt4-0Q7sV;;8;NA
10533;7246;nizKxkLXiQBhbbSqLXtX3;;8;NA
10534;7247;_ceX7012NSxYA3ShBaS_M;;110;NA
10534;7247;_ceX7012NSxYA3ShBaS_M;;8;NA
10536;7248;LEUm-Lhfdq1LYylROh0sb;;8;NA
10538;7249;ymx9QNj-oyJtPsS1YXCt-;;117;NA
10540;7250;iyjO6RXYxazTMdH7xRJIt;;7;NA
10540;7250;iyjO6RXYxazTMdH7xRJIt;;109;NA
10542;7251;TzU-pws_xEqDzQgEJG3yX;;8;NA
10543;7252;mLdFkZYkyeWhwnIzIEuzy;;7;NA
10543;7252;mLdFkZYkyeWhwnIzIEuzy;;120;NA
10543;7252;mLdFkZYkyeWhwnIzIEuzy;;3;NA
10545;7254;AiEYTwNfWXhi0sLfMBixT;;8;NA
10547;7255;DHh6n-bfNUilhLXZPDoH2;;7;NA
10547;7255;DHh6n-bfNUilhLXZPDoH2;;3;NA
10547;7255;DHh6n-bfNUilhLXZPDoH2;;8;NA
10550;7256;yyqXGZpwGB6d-i_A_VUWQ;;7;NA
10550;7256;yyqXGZpwGB6d-i_A_VUWQ;;2;NA
9971;7257;erWI9rtUwPJ4PZDiWaK3r;;8;NA
10552;7258;huEab4aEB6oQ4KUsHiiir;;8;NA
10554;7259;F6gr9LgScnS79vg6OV6wr;;8;NA
10554;7259;F6gr9LgScnS79vg6OV6wr;;138;NA
10124;7260;g0HakGCY1UlL6MyNV1O7l;;8;NA
10556;7261;bGkG2MkCsF0t0ZRoj5Ac8;;7;NA
10556;7261;bGkG2MkCsF0t0ZRoj5Ac8;;2;NA
10558;7262;QvFFzxaY4-k08td38OKBj;;2;NA
10560;7263;VvjgAPBak2o2i5TscjFY2;;7;NA
10562;7264;lYOLeLYzGVjH4ls4VHYlM;;8;NA
10562;7264;lYOLeLYzGVjH4ls4VHYlM;;3;NA
10562;7264;lYOLeLYzGVjH4ls4VHYlM;;6;NA
10564;7265;ZR0xvXh-XWYfOAgb0eFrf;;8;NA
10564;7265;ZR0xvXh-XWYfOAgb0eFrf;;7;NA
10566;7266;Yi7gE-QWMQKgNxRrPAY6p;;8;NA
10568;7267;2XyA6uMXkmQAEZ812OqNS;;8;NA
10572;7268;u3jQkyZ7i7yugaCYlAzS4;;8;NA
10572;7268;u3jQkyZ7i7yugaCYlAzS4;;2;NA
10574;7269;96jYXZ9q1lAShd_WMN4Po;;8;NA
10576;7270;n9GXoyidOwsACfZ85lUAr;;3;NA
10576;7270;n9GXoyidOwsACfZ85lUAr;;105;NA
10578;7271;DL9RsnbNoLQcRtkL44Gfb;;8;NA
10580;7273;dSfy-C6s-OMFKg8vFh9OB;;8;NA
10583;7274;gDSxveblpMp4PpcvzYCBV;;2;NA
10586;7275;lyUmfhZ3N34Gc8_-Ue8CP;;8;NA
10586;7275;lyUmfhZ3N34Gc8_-Ue8CP;;2;NA
10586;7275;lyUmfhZ3N34Gc8_-Ue8CP;;109;NA
10588;7276;VEx5q6Wikma5ZvASa-muw;;8;NA
10589;7277;D-UZopJLjZCRXkXByNK7I;;8;NA
10591;7278;9P-Wjm8oDdWNxs_VU_bUN;;8;NA
9062;7279;GdRVHGR2a8xgNgP_3Uwv9;;8;NA
10592;7280;kTzNRzsmz1wYwkhyfNIkQ;;8;NA
10594;7281;8xA-I7f4eIS0nBLvVVXR3;;8;NA
10594;7281;8xA-I7f4eIS0nBLvVVXR3;;129;NA
10597;7282;zbIRDAD3qsaFTHvVwytzL;;8;NA
10599;7283;soR5wFHT6DgDMH2bKLomM;;106;NA
10599;7283;soR5wFHT6DgDMH2bKLomM;;3;NA
10601;7284;AMwud7PY0d-7DFtprzVBG;;8;NA
10601;7284;AMwud7PY0d-7DFtprzVBG;;2;NA
10603;7285;5X-wEFUffx9Ghn1ulT8FC;;8;NA
10605;7286;v9d4rKTy6atpsVGjL83-d;;8;NA
10607;7287;ZOha891hrN5QtB48SlEjR;;8;NA
10609;7288;D5fA3q1PCKhOz4dUBjeyI;;114;NA
10609;7288;D5fA3q1PCKhOz4dUBjeyI;;8;NA
10609;7288;D5fA3q1PCKhOz4dUBjeyI;;6;NA
10611;7289;zlSIFTxP41k5_Z7K34fdD;;8;NA
10611;7289;zlSIFTxP41k5_Z7K34fdD;;3;NA
10611;7289;zlSIFTxP41k5_Z7K34fdD;;108;NA
10612;7290;v0WxZSP3rMJcmlogAFlny;;8;NA
10612;7290;v0WxZSP3rMJcmlogAFlny;;2;NA
10613;7291;SI4lvTXqF1__nS7J3yEfH;;2;NA
10616;7292;WOfq3O54lFA312YBVqS6q;;8;NA
10616;7292;WOfq3O54lFA312YBVqS6q;;105;NA
10618;7293;oFamGlPhGIK_8Ygy9xmsM;;8;NA
10618;7293;oFamGlPhGIK_8Ygy9xmsM;;120;NA
10621;7295;HoFo5Mo9KAFSvzrAhMKc3;;8;NA
10621;7295;HoFo5Mo9KAFSvzrAhMKc3;;165;NA
10624;7296;1k5jOQs9hDcXoz7VONYid;;3;NA
10627;7297;Jhad9Lmbjx4-VOuIMoClq;;3;NA
10628;7298;g14-FUpm21DL_tGN9q1yY;;3;NA
10630;7299;6gzP2-XglaYBhSmWhEhwc;;3;NA
10632;7300;VJSDNkppgKscQ-fTpBok6;;138;NA
10632;7300;VJSDNkppgKscQ-fTpBok6;;3;NA
10633;7301;odA_kPmg2bWZCnhvL85zy;;8;NA
10634;7302;idPyuynYeXQPiYUOMckHl;;8;NA
10636;7303;HN2KKnQ4F49JmIgNZiBKI;;2;NA
10638;7304;70_Gc9VoIe7Z5WUAc9Ruy;;8;NA
10640;7305;_wJ06Dvtdm1_3-JvlqFEv;;8;NA
10640;7305;_wJ06Dvtdm1_3-JvlqFEv;;109;NA
10641;7306;ywER4-F2TmYVGICBT3sl_;;8;NA
10642;7307;7RAJCX-ebWA1HE-14hZCk;;8;NA
10644;7308;q5ut6D7KOzL5rVOfUVqsq;;113;NA
10646;7309;lhjbL_gkcDdNMAggS0Ao9;;2;NA
10648;7311;HR3iEtOvRfZDtr6Qm_1XA;;8;NA
10650;7312;wogrgSNgMcaIFefpPFLFb;;8;NA
9871;7313;kYuVTqFP-eAhQGJNI5wWU;;158;NA
9871;7313;kYuVTqFP-eAhQGJNI5wWU;;6;NA
9871;7313;kYuVTqFP-eAhQGJNI5wWU;;8;NA
10653;7314;4S8QXPGw7qFU6VE1KAoWR;;3;NA
10655;7315;LGUDUJe_teXHoOWkCqVZj;;7;NA
10656;7316;0OAIIVBR5xzoN3fs6OShW;;8;NA
10658;7317;7xVIKL46PNZ9JI3O4IKSZ;;8;NA
10658;7317;7xVIKL46PNZ9JI3O4IKSZ;;134;NA
10658;7317;7xVIKL46PNZ9JI3O4IKSZ;;2;NA
10660;7318;9b2whfTW1uQnJ1iedqeN-;;8;NA
10660;7318;9b2whfTW1uQnJ1iedqeN-;;2;NA
10661;7319;zyhaPxOi-aHE8xo_PrCbS;;8;NA
10661;7319;zyhaPxOi-aHE8xo_PrCbS;;2;NA
10663;7320;L9tZEcb6ZPyOYCzctni-E;;8;NA
10665;7322;quwMjnwLLrnq1DpVLYk8x;;8;NA
10665;7322;quwMjnwLLrnq1DpVLYk8x;;2;NA
10665;7322;quwMjnwLLrnq1DpVLYk8x;;159;NA
10665;7322;quwMjnwLLrnq1DpVLYk8x;;165;NA
10668;7323;#NAZWA?;;8;NA
10668;7323;#NAZWA?;;106;NA
10670;7324;ik3dbxv-3R-Fkpp-RQsCb;;8;NA
10670;7324;ik3dbxv-3R-Fkpp-RQsCb;;2;NA
10672;7325;uEcfimHDysMdLM8FcyqFn;;8;NA
10672;7325;uEcfimHDysMdLM8FcyqFn;;120;NA
10673;7326;i9e91ntJ_IHOug2GsiDV6;;8;NA
10675;7327;#NAZWA?;;8;NA
10675;7327;#NAZWA?;;2;NA
10681;7328;5mGKaJLzKh47DKoCmiYQw;;8;NA
10682;7329;X_i51yxtDUZpFQb_VbI2s;;130;NA
10682;7329;X_i51yxtDUZpFQb_VbI2s;;6;NA
10682;7329;X_i51yxtDUZpFQb_VbI2s;;2;NA
10684;7330;Qte_kTYHDjdelCEPmfATF;;8;NA
10686;7331;R4jtgXRN80lRuxOM3yBAR;;8;NA
10688;7332;ZT8r1_vq8M4c_Mz30bCC9;;7;NA
10688;7332;ZT8r1_vq8M4c_Mz30bCC9;;2;NA
10690;7333;GMGL8uIjXUUo9F0bMitaw;;3;NA
10692;7334;ko1a2mSy7FMirjxvIIxzP;;3;NA
10693;7335;s50bb-E1hnyPvVbcXsHYA;;8;NA
10695;7336;LgV-Vo_5J-lG8ykmHVtwr;;8;NA
9533;7337;S11UcYmSbBGPAyfNgmuIT;;8;NA
10697;7338;g2KXeBKRT0jdpI7TTEiQF;;8;NA
10699;7339;85FO-dvAJckfKpDXHHnde;;8;NA
10564;7340;68h6LzNCurvRueUToatw1;;8;NA
10700;7341;I3jUdznKY-1-UCDSoKwKG;;3;NA
10702;7342;ToZqQyUC57RapoDE5x5np;;8;NA
10702;7342;ToZqQyUC57RapoDE5x5np;;2;NA
10704;7343;1nSy9Ma2HYI6y8xU53-i5;;8;NA
10705;7344;3Ib_q4X-v4iG-qri84lzl;;8;NA
10707;7345;HP9KwGexnXhww-ATwmz7D;;8;NA
10709;7346;kWk_C-mJ_k7LHLD6ezFo5;;8;NA
10711;7347;Qi_U8mTgu447jZ7vWKgt0;;8;NA
10712;7348;o4k3Cky1wYPmWNIvW5NQq;;8;NA
10714;7349;5oYgmGWFEfGx1qwAeb-WG;;3;NA
10716;7350;0P1B5bxBX0X1Rl-KWBqOl;;8;NA
10717;7351;PTiFLko840RikjkWIawCo;;8;NA
10717;7351;PTiFLko840RikjkWIawCo;;2;NA
10719;7352;oQkQDKToRZUoYPAKjiJZf;;2;NA
10720;7354;CWUBmEzmPS4JxvIeHlfHN;;8;NA
10721;7355;BDWGrMQIW5-9BaEj8pUGO;;8;NA
10722;7356;7Ll4K6VyoVkKiZLekERYZ;;171;NA
10724;7357;hG0Xbal0vtY0f-ucA7eXA;;3;NA
10726;7358;EJX5S7SaYvFM2BO3SyolL;;8;NA
10730;7359;INEwK8S0xWZH_ukHFpko1;;2;NA
10734;7360;2p2DogIBRcLVKl-6psVS1;;8;NA
10734;7360;2p2DogIBRcLVKl-6psVS1;;110;NA
10736;7361;VoI1FvFKS868ja54VYKJr;;8;NA
10738;7362;ZLes12W9iE-_X_paG6ola;;3;NA
10740;7363;xno3_BrHO8tJqsfxMW5ep;;8;NA
10741;7364;N6SvGlKqTSsUMWdRUm-On;;8;NA
10741;7364;N6SvGlKqTSsUMWdRUm-On;;3;NA
10743;7365;LJnLY00EZdiS38lbS344j;;8;NA
10743;7365;LJnLY00EZdiS38lbS344j;;3;NA
10745;7366;dkfDb4rfhH8n2UrB1HxYZ;;8;NA
10747;7367;f4NnaFA7eDfZ1rNtJUDTq;;8;NA
10749;7368;Q9buk083PyjEa1BGWjJAK;;144;NA
10749;7368;Q9buk083PyjEa1BGWjJAK;;8;NA
10751;7369;iR2Pi4ZYn9vv-76DidChE;;8;NA
10753;7370;H9LCO-6ZsqkRVv4ndLtQL;;8;NA
10754;7371;a7ga-tcdlW1VSsRtZI9wf;;8;NA
10756;7372;5uYs4I2p_73MtA7AhGLVJ;;8;NA
1614;7373;E28fg_lcjhZ-_Gcbb1Aft;;7;NA
10761;7374;oAX2qFODrrRxz56oocFUu;;8;NA
10762;7375;K9prbXbX_vHLQ_Gs4Sz58;;2;NA
10764;7376;1-YnDcEt32EIUSWk4vwFO;;8;NA
10764;7376;1-YnDcEt32EIUSWk4vwFO;;2;NA
10764;7376;1-YnDcEt32EIUSWk4vwFO;;133;NA
10766;7377;8D_twZEXr3Gh5UM1sSCOD;;8;NA
10767;7378;D3WNzb5KwDj6odqJTZNji;;2;NA
10769;7379;Y2VgbRlZKx6ZZRAe49SUE;;8;NA
10769;7379;Y2VgbRlZKx6ZZRAe49SUE;;140;NA
10769;7379;Y2VgbRlZKx6ZZRAe49SUE;;2;NA
10771;7380;SoosuZaU0ExCC7ln7kZy0;;7;NA
10771;7380;SoosuZaU0ExCC7ln7kZy0;;110;NA
10774;7381;Aal_-VXCDh9gEP8Gg4DnT;;8;NA
10775;7382;MC7Z2emPpFhRXYd77ZUVe;;8;NA
10775;7382;MC7Z2emPpFhRXYd77ZUVe;;130;NA
10777;7383;aGTwomUn-WyYIQDsYYBJ4;;8;NA
10779;7384;3G_fptNyPsbHMYblG-e5O;;8;NA
10781;7385;A0UAbLj3n-1KoqTd5TF-_;;8;NA
10783;7386;Y9iFpLqqhtCbChG_OxIhU;;8;NA
10785;7387;8fr1VBAqUuVy67q_jW-Y5;;8;NA
10785;7387;8fr1VBAqUuVy67q_jW-Y5;;142;NA
10787;7388;6qPAxrzJqhJFhbINxsTYZ;;8;NA
10788;7389;#NAZWA?;;7;NA
10790;7390;3G-K3FmrUcwx77RLDlC-e;;8;NA
10792;7391;WOGv9kuW3i83MGNrioA-F;;7;NA
10792;7391;WOGv9kuW3i83MGNrioA-F;;105;NA
10794;7392;sqYWK5_defFnIy1A1fzhK;;8;NA
10773;7393;wbQOXs9Q2np0QLqWtqjm7;;8;NA
10773;7393;wbQOXs9Q2np0QLqWtqjm7;;109;NA
10796;7394;swFgsxt26qtzKz1V3rXp-;;7;NA
10798;7395;KJuP3milicgoG18cefmgT;;8;NA
10800;7397;aij8x9vX9QNEmqRvIpP1g;;4;NA
10800;7397;aij8x9vX9QNEmqRvIpP1g;;130;NA
10800;7397;aij8x9vX9QNEmqRvIpP1g;;158;NA
10802;7398;hUm3yW-nihJUWbytFACU7;;8;NA
10802;7398;hUm3yW-nihJUWbytFACU7;;129;NA
10804;7399;6VDuTgB4qJEhIE8XS9sBb;;8;NA
10806;7400;xRrkPbK8vLraHTU0dYXhP;;8;NA
10807;7401;O1gzZMATXVOYcMHByTulj;;8;NA
10809;7402;k-7ij-5-SVLFQtzkdLPEG;;8;NA
9399;7403;RLTtpucScqPbAXR3o_zFq;;8;NA
10810;7404;Xs7mFs2ce_3BjX-kalwAh;;8;NA
10811;7405;YUtTjRw-X-0W5SRSSMCOB;;8;NA
10811;7405;YUtTjRw-X-0W5SRSSMCOB;;107;NA
10813;7406;j__GQTPZNCBcrC0yAipHx;;8;NA
10815;7407;7wroKHOxHpAZo8Bif9u-v;;8;NA
10816;7408;bIUy7QRuF1LMOrTIEecTy;;8;NA
10818;7409;F4qG_A6d_ePqSvW1PFa3p;;7;NA
10818;7409;F4qG_A6d_ePqSvW1PFa3p;;2;NA
10819;7410;cBXf1U29piNrIv-0lHJDu;;8;NA
10819;7410;cBXf1U29piNrIv-0lHJDu;;2;NA
10821;7411;4OaYCVm27JJpRSMDIhCmM;;8;NA
10823;7412;inQFrJ7Qk4dWRt9p8FPyf;;7;NA
10824;7413;G0INII7Veo0ADLalj9xMM;;8;NA
10824;7413;G0INII7Veo0ADLalj9xMM;;2;NA
10825;7414;Tp6fPIUsdnxqWtk_Bo2Pm;;2;NA
10829;7415;YVE3M3xtRlFvFREV6IRti;;7;NA
10829;7415;YVE3M3xtRlFvFREV6IRti;;3;NA
10833;7416;kDNOe1anKSTMOrdmLdkJ_;;8;NA
10835;7417;Elve57ZHYRCOW7yeH6CXS;;8;NA
10837;7418;BqBnS7o8LZszfkFnaxlVS;;3;NA
10837;7418;BqBnS7o8LZszfkFnaxlVS;;4;NA
10839;7419;zARq1gY4l-QJWHlXKmw96;;120;NA
10839;7419;zARq1gY4l-QJWHlXKmw96;;8;NA
10843;7420;JC7M7psl2ftPHSbiiA4Fd;;5;NA
10845;7421;weA1CEUF2RYjbhIgJBxo5;;2;NA
10847;7422;cKZOfEMjczp1pUMqPNcBu;;2;NA
10848;7423;MHfSOK8822hEN06iG6f8w;;2;NA
10849;7424;97Gvgo4hIBQOgrTvEEeX0;;8;NA
6616;7425;ROXgb2KgVICczF794Llbe;;114;NA
6616;7425;ROXgb2KgVICczF794Llbe;;7;NA
10854;7426;a2UEm3phGTBB-XO-74bBD;;8;NA
10857;7427;7Uo-qvfPpmcnTKZOzqKF1;;8;NA
10857;7427;7Uo-qvfPpmcnTKZOzqKF1;;7;NA
10858;7428;uaIhGbpMCxU9NTCiynKKq;;8;NA
10860;7429;pepZ4c8c5X-dKy3AgdH45;;8;NA
10862;7430;Ut4CNiwtfstNp95945BaP;;3;NA
10866;7431;fCOapUbS7RsQKR3bFBKsV;;3;NA
10866;7431;fCOapUbS7RsQKR3bFBKsV;;114;NA
10866;7431;fCOapUbS7RsQKR3bFBKsV;;8;NA
10868;7432;rNY3FAr4jfMHGOt1JzGWt;;8;NA
10868;7432;rNY3FAr4jfMHGOt1JzGWt;;144;NA
10870;7433;o4ZhHrTh1LtnxTjf-ErcC;;2;NA
10872;7434;tiTzPFVE3_XHGjKy8LjO4;;108;NA
10872;7434;tiTzPFVE3_XHGjKy8LjO4;;8;NA
10873;7435;izxpcSE6J40a5Jvd4Dpvq;;8;NA
10875;7436;HQx48hjbMd_IDy1B7HPk4;;7;NA
10875;7436;HQx48hjbMd_IDy1B7HPk4;;105;NA
10877;7437;1-r8qiVFiRbZEiIOAQatn;;8;NA
10879;7438;o9UnjrL0VqbKkrk9fn4b6;;8;NA
10881;7439;CD8FYSp343IAgGLfdAwCx;;8;NA
10881;7439;CD8FYSp343IAgGLfdAwCx;;129;NA
10882;7440;kcKIC7qhZn3KjNCGniWAN;;8;NA
10884;7441;vpxigwFOPdpsrHXu2GCOo;;8;NA
10886;7442;vE9qkaGiqt52Rq4eJwHop;;5;NA
10886;7442;vE9qkaGiqt52Rq4eJwHop;;3;NA
10888;7443;shbks9eUCZfi7CC7jdk_l;;2;NA
10889;7444;x838opUDdzes8H_wF8cys;;8;NA
10891;7446;H0hbeb6ZG6lu_R7qPz4BC;;8;NA
10893;7448;rZJ6WvKH1eRr3DV6XQw4N;;8;NA
10893;7448;rZJ6WvKH1eRr3DV6XQw4N;;110;NA
10894;7449;0cQs-cY8IOLcKXfQc2tXu;;7;NA
10896;7450;p-9Rwif2keo6_TA2TJNpC;;107;NA
10896;7450;p-9Rwif2keo6_TA2TJNpC;;112;NA
10896;7450;p-9Rwif2keo6_TA2TJNpC;;8;NA
10897;7451;RdPn7_ui21BIF58K69mr-;;8;NA
10899;7452;DSJR1n2fpN3pQbgjQHn4l;;8;NA
10900;7453;Cm0DlmZMJqTlvLQS_3Iy4;;8;NA
10902;7454;HD8rqp8y7KGA7jzuicz0P;;8;NA
10903;7455;PV8ctF1XcPS2d_LC_Dpdu;;8;NA
10905;7456;KHel-14CRLb_1DOoSfeEG;;8;NA
10905;7456;KHel-14CRLb_1DOoSfeEG;;2;NA
10907;7457;shytaqQkUZG_p9XV9K1gF;;8;NA
10909;7458;5VjyWC0JyZMTB4gUVfhJj;;8;NA
10751;7459;N8MwpH8F1M9zgspnAzuZz;;8;NA
10911;7460;DgTyIyXES4ev7BeNIqFB2;;8;NA
10913;7461;mS1lJzA1gU528nJ0MZ8XI;;8;NA
10915;7462;BArmXvLo0K8JlrndA-juz;;8;NA
10918;7463;5ASiL5nRKoKubT7p4q2KM;;8;NA
10920;7464;q70BCnqhl0X2G389fg929;;8;NA
10923;7465;N52SQd7bOYiCTg7Z2sokg;;8;NA
10923;7465;N52SQd7bOYiCTg7Z2sokg;;2;NA
10925;7466;P4luEIMs-l9U3KGp2jwrq;;2;NA
10925;7466;P4luEIMs-l9U3KGp2jwrq;;130;NA
10927;7467;qJ_fCxyU-PyIJ3g5-7mI3;;8;NA
10929;7468;vAnS2UL4-D6pAhJ3l5-kN;;8;NA
10931;7469;mRt8cAOKy9GHSP5uY7k3b;;8;NA
10933;7470;HY5pICprI4_vYvEwah3TE;;8;NA
10933;7470;HY5pICprI4_vYvEwah3TE;;8;NA
10933;7470;HY5pICprI4_vYvEwah3TE;;8;NA
10935;7471;cLpOeQYXUWYKLQ9xxwThM;;2;NA
10937;7472;53h3DzaH7M9WM_603AhkX;;109;NA
10937;7472;53h3DzaH7M9WM_603AhkX;;3;NA
10939;7473;nL407HARAddbFiUWuIKI5;;8;NA
10941;7474;aYNAhvUsDzOy6Lz-5U8re;;8;NA
10943;7475;IsjveP_OUic_jz9UV4kgB;;8;NA
10943;7475;IsjveP_OUic_jz9UV4kgB;;2;NA
10945;7476;5TPZ7f-Rxuj9anCYZbH4R;;2;NA
10947;7477;ep_ccM7nchGaDM2GCpX74;;7;NA
10947;7477;ep_ccM7nchGaDM2GCpX74;;110;NA
10948;7478;S1ZwPrTddRz7fh7jm7W-9;;3;NA
10953;7479;w07hnbEL-Y35EmVUFEOM8;;158;NA
10955;7480;fOvgefx6sE4qklkmKHou2;;8;NA
10957;7481;T-lW5b3u24TKWH32cAr6D;;3;NA
10959;7482;0SYfdS_oINrTU3sGBcnNk;;8;NA
10961;7483;558SRYg61mMyHLSdJvl-w;;8;NA
10963;7485;stP8-sySzfs0_Vjh02Lrk;;142;NA
10963;7485;stP8-sySzfs0_Vjh02Lrk;;8;NA
10965;7486;T_PLgsXO9sFHlbLRK5BOm;;8;NA
10965;7486;T_PLgsXO9sFHlbLRK5BOm;;2;NA
10967;7487;Ice9I1RT8oBgt4IrFVphG;;158;NA
9029;7488;J-HuslprGxpK3MQujOhW6;;8;NA
10969;7489;YfznjHhR75D25YrhqLuCw;;8;NA
10970;7490;Bd7iLWS79_kQe6ePrUHkw;;122;NA
10970;7490;Bd7iLWS79_kQe6ePrUHkw;;144;NA
10970;7490;Bd7iLWS79_kQe6ePrUHkw;;8;NA
10970;7490;Bd7iLWS79_kQe6ePrUHkw;;2;NA
10972;7491;uQH-IPs5BXfXooCAc5jqI;;3;NA
10975;7492;5-L0qHWi_YcCoq3oIfVUX;;8;NA
10794;7493;DdPMaqFLO2u5qMNPkwYx6;;8;NA
10794;7493;DdPMaqFLO2u5qMNPkwYx6;;2;NA
10977;7494;iHxcNIGiIjXQWqN5fmnX0;;8;NA
10978;7495;PG6Nz-lCSCRWpi9mIsMpj;;3;NA
10980;7497;UBMea6q6VSpHHdqIJWIYB;;8;NA
10982;7498;ug-neZfOyNcScWkEmXr3B;;7;NA
10982;7498;ug-neZfOyNcScWkEmXr3B;;6;NA
10982;7498;ug-neZfOyNcScWkEmXr3B;;8;NA
10984;7499;Izze1f2dGkeb_lfa2FayV;;3;NA
10986;7500;aXrQKiUhJQet_F2AJXWTc;;8;NA
10988;7501;kCmDAq_CnnWnEPKFd8PNl;;8;NA
10990;7502;xHB3hgHFV7oIW1kK_H3Rb;;120;NA
10992;7503;eQyyAmz2Rm_cacOqHXawK;;8;NA
10994;7504;R9gyI2Kwn8wWbAZqYsH49;;7;NA
10994;7504;R9gyI2Kwn8wWbAZqYsH49;;3;NA
10996;7505;wppqXtneq_z9v96-6CRIv;;113;NA
10996;7505;wppqXtneq_z9v96-6CRIv;;8;NA
10996;7505;wppqXtneq_z9v96-6CRIv;;111;NA
10999;7506;slDq1IgK-ZqOnk8rgKFXd;;8;NA
11001;7507;vtgFd2SdLB6wh_JHiOvVH;;8;NA
11001;7507;vtgFd2SdLB6wh_JHiOvVH;;120;NA
11001;7507;vtgFd2SdLB6wh_JHiOvVH;;6;NA
10099;7508;E0p1Xxel2ge_3ZKFayHrX;;2;NA
11004;7509;V596cTfvANQiG4uNzjA01;;8;NA
11004;7509;V596cTfvANQiG4uNzjA01;;2;NA
11007;7510;EcMWRbuksshzrh1VgmBjR;;8;NA
11009;7511;foJIX2RpUI0ga4J96Ekj9;;8;NA
11011;7512;Az4Ixhb205nBCC_O-EQKB;;3;NA
11013;7513;qSyOO-uBZekXZPoIvd061;;7;NA
11013;7513;qSyOO-uBZekXZPoIvd061;;105;NA
11015;7514;57ZEWH3_AgPjxoo-QlnAN;;8;NA
11017;7515;23_vZaUJ3umvwzV9M_yUy;;2;NA
11018;7516;Ec0ypXkYyeo_dpNYOAfXh;;8;NA
11018;7516;Ec0ypXkYyeo_dpNYOAfXh;;2;NA
11018;7516;Ec0ypXkYyeo_dpNYOAfXh;;165;NA
11018;7516;Ec0ypXkYyeo_dpNYOAfXh;;125;NA
11018;7517;8K06zRNIZEdY9Bi6AY_ag;;8;NA
11018;7517;8K06zRNIZEdY9Bi6AY_ag;;2;NA
11018;7517;8K06zRNIZEdY9Bi6AY_ag;;165;NA
11018;7517;8K06zRNIZEdY9Bi6AY_ag;;125;NA
11021;7518;e5SMTRtwyMoiSQvoiSEXK;;8;NA
11023;7519;LMvo3JIFRDcDcZw9BBUPe;;7;NA
11025;7520;m5v_sMAd5wUzrgzvgA1Ca;;8;NA
11025;7520;m5v_sMAd5wUzrgzvgA1Ca;;2;NA
11027;7521;#NAZWA?;;8;NA
11029;7522;0TQgohOZAGU6PduNaU7Uk;;8;NA
11033;7523;wXOz6CCzKkCfiavrR23Rk;;165;NA
11033;7523;wXOz6CCzKkCfiavrR23Rk;;8;NA
11034;7524;2LQAIqvZDe9JIZHiV5fNL;;8;NA
11035;7525;jq8nhsfG9FjlScLjvQDkO;;2;NA
11037;7526;7CSjV-mzecXef9pQXwd1g;;8;NA
11040;7527;a5rjhW15PYg6UsZCPq_B6;;7;NA
11042;7528;g0m7NRxzo_-Qik1lOIxrj;;3;NA
11044;7529;KA72yc8ZjrRva5uHkbkwS;;8;NA
11045;7530;9DTLFF9x5FduZqrdaLFCi;;8;NA
11047;7531;A6pLwo-3fZZ1GhGfpAJLT;;8;NA
11049;7532;ycUrsYyk9HiZlEwkkTlyu;;8;NA
11051;7533;M_zhqe7CBpMcjfNR2Xz2D;;8;NA
11051;7533;M_zhqe7CBpMcjfNR2Xz2D;;142;NA
11053;7534;G7824MRGnUV7cIYrjAlNx;;8;NA
11055;7535;uo_Geg8TIPsstBb7OCYVh;;8;NA
11056;7536;3vH0PWjDNffHSsXvUHhBk;;8;NA
11058;7537;B3Cb0FR5WL4jTJTjCiwdY;;8;NA
11058;7537;B3Cb0FR5WL4jTJTjCiwdY;;2;NA
11060;7538;LLhsOd8rZzWnfnn-FSlf5;;8;NA
11062;7539;XYUl7Fsxuym_gm4KmDI3M;;3;NA
11062;7539;XYUl7Fsxuym_gm4KmDI3M;;130;NA
11066;7540;JmIQlK-FiYjVBoeMTq8Na;;8;NA
11068;7541;rnfNiZuVYAK-88ukwi5Ih;;8;NA
11068;7541;rnfNiZuVYAK-88ukwi5Ih;;2;NA
11070;7542;#NAZWA?;;193;NA
11071;7543;9sBQvXqLKxc4y4wHX2Heq;;197;NA
11071;7543;9sBQvXqLKxc4y4wHX2Heq;;8;NA
11073;7544;xx_d6chVOkMNwUu4DvGIa;;8;NA
11073;7544;xx_d6chVOkMNwUu4DvGIa;;2;NA
11076;7545;5UuKd2NpEYp3KdEgsAG81;;8;NA
11078;7546;meB9lQpj7KKB8yuP6r0pn;;8;NA
11080;7547;TIDdwMfH-MyzB1aX9SzKY;;6;NA
11082;7548;dQOJDh2-eUxi2yiFEw0U0;;8;NA
11084;7549;#NAZWA?;;8;NA
11084;7549;#NAZWA?;;109;NA
11086;7550;s8UogZh8s_WRZ06yzV9xE;;3;NA
11086;7550;s8UogZh8s_WRZ06yzV9xE;;133;NA
11087;7551;HR0O-wdEYZUFB8BVJfx6K;;8;NA
10245;7552;N9KlEjOwviy9rParnefaN;;2;NA
11089;7553;VozT5pWnsTpf5jCgbhmIx;;3;NA
11091;7554;qiKdDTiTWSTWBS_i97HEa;;8;NA
11093;7555;emoUhyn-Uln3ZXwtrISuS;;8;NA
11093;7555;emoUhyn-Uln3ZXwtrISuS;;129;NA
11095;7556;jYThY_WIe87GLKMH0LNiu;;3;NA
11097;7557;RXhmuMpvrznF5FthJcDiy;;8;NA
11098;7558;Jm7F4u8VX_TJzivgsqArL;;8;NA
11100;7559;UwW_Ld5J969BGeW7BDT8e;;8;NA
11102;7560;DSJ6Av4NlvfO0k71npM21;;3;NA
11104;7561;GbmUdr2687nDnSSCppv-E;;8;NA
10351;7562;VpTlARJzQvpgp6LwkPrEz;;2;NA
11105;7563;cOnwIFtt_F7mR4kSuEie5;;8;NA
11107;7564;doVhvdaO-niwBIqI-aPvf;;8;NA
11109;7565;niLL1jgJexbdGEN0_CNQB;;3;NA
11109;7565;niLL1jgJexbdGEN0_CNQB;;105;NA
11111;7566;DlleLv7pfYBJcIipwsrEm;;8;NA
11112;7567;6OxMIvdnCWX4iNGGkbHFi;;5;NA
11114;7568;KNbJF81PvubU1W1wNU9Rs;;8;NA
11114;7568;KNbJF81PvubU1W1wNU9Rs;;144;NA
11115;7569;z9XTynTFYxxobu8qLp-2x;;8;NA
10407;7570;tP7-f1Bg7DZ8jmc-Ynkur;;8;NA
10407;7570;tP7-f1Bg7DZ8jmc-Ynkur;;144;NA
10900;7571;Jrq7oD4te1bDPYR_veVJL;;8;NA
10900;7571;Jrq7oD4te1bDPYR_veVJL;;8;NA
11116;7572;wfGQZpMt7HvvbJq6fmF5O;;3;NA
11118;7573;FGfnmDCzSz1PiSgpxzjmf;;8;NA
11118;7573;FGfnmDCzSz1PiSgpxzjmf;;110;NA
11118;7573;FGfnmDCzSz1PiSgpxzjmf;;2;NA
11120;7574;eR2JCmnS04vOPTalSD7KG;;3;NA
11122;7575;URuUe3GeWSWdCNtxA03np;;8;NA
11123;7576;IpGB_DEvP1MPS-1P3fbPu;;8;NA
11125;7577;6aMHFd43z7P4__J1sV9vn;;8;NA
11125;7577;6aMHFd43z7P4__J1sV9vn;;2;NA
11126;7578;ccyJZvVzBFox4fbqoxlVk;;8;NA
11126;7578;ccyJZvVzBFox4fbqoxlVk;;110;NA
11127;7579;NDPqDISMwmcos8HzhN39P;;8;NA
11127;7579;NDPqDISMwmcos8HzhN39P;;2;NA
11129;7580;DpBnV2vJwNqEgc7iTZRtZ;;2;NA
11131;7581;W5uFFXjO6GVRqRibRd-HE;;8;NA
11131;7581;W5uFFXjO6GVRqRibRd-HE;;2;NA
11132;7582;CkbMfroCPtQK9OQp40izO;;8;NA
11134;7583;pwVXaCuRt2bp_1Pi2Iv8B;;2;NA
11136;7584;5rq-1MceTru2h57rpRVJW;;8;NA
10406;7585;DZzDGl1rX08wb28JHaSkq;;7;NA
10406;7585;DZzDGl1rX08wb28JHaSkq;;2;NA
11137;7586;P3AFOC3sP36f9vrLXFIiC;;129;NA
11137;7586;P3AFOC3sP36f9vrLXFIiC;;109;NA
11140;7587;wCn6IAL4oxknqdBRW0Nms;;8;NA
11142;7588;UZ1TyLcXnJJMdtJ91mC8v;;3;NA
11142;7588;UZ1TyLcXnJJMdtJ91mC8v;;110;NA
11144;7589;IqCCauOrEgJmeDhNFHZ5h;;2;NA
11146;7590;YwG3wx6Wlw76xgS5osG4V;;3;NA
11148;7591;J1Nl5-pZaFtfWOcb67JA5;;8;NA
11150;7592;bzeTAHPzAC7M6UsKLd9vk;;8;NA
11150;7592;bzeTAHPzAC7M6UsKLd9vk;;8;NA
11152;7593;ABuGTKyM4dEwEnz9p4sV_;;8;NA
11154;7594;jap5iJEqMtIm0uFWfuGQn;;8;NA
11156;7595;mwt7ri1uuCZnlFVYDhSGr;;3;NA
10549;7596;9vCFRZpuu9CuQ_r6Mfb3Q;;8;NA
11158;7597;I89oycPr0nAozCby4iRf4;;8;NA
11158;7598;gG5X_I01s8CHFZPlXNnC8;;8;NA
11159;7599;bGtTbnapOSyQgQAztrWuY;;3;NA
11161;7600;Ao2jmrL1sxuqkBRnNEpgD;;7;NA
11163;7601;GfXqpUCCc75-MP1dewwJZ;;8;NA
11165;7602;wK6WcyeOI5PDVEdwcm4We;;8;NA
11165;7602;wK6WcyeOI5PDVEdwcm4We;;2;NA
11167;7603;7rD1w8Yb-P4j-juGxrJQT;;8;NA
11169;7604;8XQYuQGkFrxbEfI9uPm38;;8;NA
11169;7604;8XQYuQGkFrxbEfI9uPm38;;120;NA
11171;7605;8j4-VWHpLr2W6q4UeCO9F;;8;NA
11171;7605;8j4-VWHpLr2W6q4UeCO9F;;129;NA
11171;7605;8j4-VWHpLr2W6q4UeCO9F;;105;NA
10357;7606;9t3mWMR3fNe3liFzgqWGC;;8;NA
11173;7607;w9jIDIjhGmG1WO5PJo1EE;;8;NA
11175;7608;hqbWig_Cer3pwXR0jwC9u;;2;NA
11175;7609;vAIqFM18g39msgLfgEtZh;;8;NA
11175;7609;vAIqFM18g39msgLfgEtZh;;2;NA
11177;7610;gtbJXxEEchT_VQEWtyEve;;8;NA
11177;7610;gtbJXxEEchT_VQEWtyEve;;123;NA
11179;7611;zR5LNW8XuYx1Bq1i8ZPfa;;8;NA
11181;7612;AY17w9ZYtN6YBpI-IMWKR;;8;NA
11183;7613;rhIZc0gfFxC1ACipme5f4;;7;NA
11183;7613;rhIZc0gfFxC1ACipme5f4;;2;NA
11187;7615;sDa-5oasy0U9q12nDQCyz;;192;NA
11189;7616;xfLFFD9Q8Kzefr-I3PcS5;;8;NA
11191;7617;aaVF1vU2ZuJBcNG5xqABS;;8;NA
11195;7618;uLqZPOY8lloaAVaX23Dky;;3;NA
11195;7618;uLqZPOY8lloaAVaX23Dky;;106;NA
11197;7619;Aa52saNmQZa1vVAyz0Pm0;;8;NA
1561;7620;2hGvg3-hL-70N4jJfDfsZ;;7;NA
11199;7621;mjlfCi-vDeeTyISS0OC37;;110;NA
11199;7621;mjlfCi-vDeeTyISS0OC37;;8;NA
11200;7622;KnmJi9SKlDHGmFfeHnIpo;;4;NA
9594;7623;THWWCi-s9I867BU76Il4t;;8;NA
9594;7623;THWWCi-s9I867BU76Il4t;;6;NA
11204;7624;U5reFepcnbZepdAGqd2tX;;120;NA
11206;7625;ZezLhgXLUtT8QXsMh6opt;;8;NA
11206;7625;ZezLhgXLUtT8QXsMh6opt;;2;NA
11208;7626;LXH4BTFMqIS2rLRB_qmPy;;6;NA
11038;7627;yUFZFyTVzJqCD1xzbQuUb;;8;NA
8196;7628;Dy_1MkN6tnNIrmJor7YVD;;8;NA
11208;7629;Gh0EFcFOjgBsWcPExZ6Gm;;8;NA
11214;7630;onDSIYwKuAQRI8DqOALyb;;8;NA
9049;7631;Dm5V8TmbubDaCJFwEAJVD;;8;NA
11216;7633;YGH8fzIj5VbUB8NNE3s7X;;3;NA
11218;7634;8eFo_uzpaIE2nvhpIlmXO;;8;NA
11218;7634;8eFo_uzpaIE2nvhpIlmXO;;139;NA
11220;7635;0y1OJ1mCU4FDSIcCBMO8U;;8;NA
11222;7636;erLalsGUiIhIg6qB4xvbV;;8;NA
11224;7637;pgDysAfb8zcIV9naCGSmx;;2;NA
11226;7638;U4U2ysK-IqfWi5h4j4E6w;;6;NA
11228;7639;Wlb51OsXC0G10NV38zqXM;;3;NA
11230;7640;jUDSnf2PgR3gjsrrLosX3;;8;NA
11231;7641;qGYYA8lY9-63ZTl7PExF5;;3;NA
11233;7642;ZIA1f064F-osvbFmIhKF6;;8;NA
11235;7643;uHcJiYjOq_UMhHUcVInHO;;3;NA
11235;7643;uHcJiYjOq_UMhHUcVInHO;;105;NA
11237;7645;bln4mK4oUZKTRy2yoJize;;3;NA
11237;7645;bln4mK4oUZKTRy2yoJize;;105;NA
11238;7646;0JGim9tfOVmsfoh6xxuqN;;8;NA
11238;7646;0JGim9tfOVmsfoh6xxuqN;;2;NA
11238;7646;0JGim9tfOVmsfoh6xxuqN;;6;NA
11239;7647;dsLaZLB_iR0pFJMbyHRCD;;8;NA
11241;7648;BszM4QmY1AmeYynl47RIC;;114;NA
11241;7648;BszM4QmY1AmeYynl47RIC;;3;NA
11243;7649;lLpKimfCHo0HPmuDuyk8O;;8;NA
11243;7649;lLpKimfCHo0HPmuDuyk8O;;3;NA
11245;7650;ANk6ZO-VVK7jcmB1oVFp5;;3;NA
11247;7651;f1XKWaGsgvPWTa8GARacH;;8;NA
11249;7652;hjjUtK1-aA_lMxk1Wx_VG;;8;NA
11251;7653;grWr2_sxQbU1BMb6inmI9;;8;NA